# File generated by ImageToStl.com - Free Image and 3D model conversion tools

#mtllib beaker.mtl

# Beaker_0
o obj1
v 0.51769602 0.26377887 0.22152761
v 0.55262858 0.17955971 0.22152761
v 0.37599939 0.12216948 0.23230615
v 0.35951114 0.18317978 0.23169008
v 0.47009429 0.3415429 0.22152761
v 0.31984437 0.23238015 0.23230615
v 0.60720688 0.44116107 0.21189478
v 0.66869277 0.34071547 0.21189484
v 0.7138142 0.23193209 0.21189478
v 0.41084579 0.41084528 0.22152761
v 0.28530955 0.2853092 0.23169008
v 0.34154311 0.47009352 0.22152761
v 0.23238033 0.31984386 0.23230615
v 0.44116122 0.60720605 0.21189478
v 0.53067732 0.5306769 0.21189484
v 0.26377901 0.51769519 0.22152761
v 0.18317993 0.3595106 0.23169008
v 0.17955986 0.55262804 0.22152761
v 0.12216964 0.375999 0.23230615
v 0.23193209 0.71381348 0.21189478
v 0.34071553 0.66869175 0.21189484
v 0.09089208 0.57386953 0.22152761
v 0.06311955 0.3985205 0.23169008
v 2E-08 0.58106744 0.22152761
v 3E-08 0.39534867 0.23230615
v 1E-08 0.75054795 0.21189478
v 0.11740257 0.74125051 0.21189484
v -0.09089202 0.57386947 0.22152761
v -0.06311946 0.39852047 0.23169008
v -0.1795598 0.55262798 0.22152761
v -0.12216952 0.37599894 0.23230615
v -0.23193209 0.71381342 0.21189478
v -0.11740255 0.74125051 0.21189484
v -0.26377895 0.51769513 0.22152761
v -0.18317986 0.35951054 0.23169008
v -0.34154302 0.47009346 0.22152761
v -0.23238024 0.31984377 0.23230615
v -0.44116107 0.60720599 0.21189478
v -0.34071556 0.66869175 0.21189484
v -0.41084543 0.41084516 0.22152761
v -0.28530934 0.28530914 0.23169008
v -0.47009379 0.34154281 0.22152761
v -0.31984404 0.23238011 0.23230615
v -0.60720628 0.44116089 0.21189478
v -0.53067696 0.53067672 0.21189484
v -0.51769567 0.26377881 0.22152761
v -0.35951084 0.18317971 0.23169008
v -0.5526284 0.17955965 0.22152761
v -0.37599924 0.12216943 0.23230615
v -0.71381408 0.23193198 0.21189478
v -0.66869235 0.34071541 0.21189484
v -0.57386953 0.09089196 0.22152761
v -0.39852053 0.0631194 0.23169008
v -0.5810672 -3E-08 0.22152761
v -0.39534852 -3E-08 0.23230615
v -0.75054771 -3E-08 0.21189478
v -0.74125069 0.11740249 0.21189484
v -0.57386953 -0.09089201 0.22152761
v -0.39852053 -0.06311946 0.23169008
v -0.5526284 -0.17955971 0.22152761
v -0.37599927 -0.12216946 0.23230615
v -0.71381402 -0.23193201 0.21189478
v -0.74125069 -0.11740255 0.21189484
v -0.51769561 -0.26377884 0.22152761
v -0.35951084 -0.18317977 0.23169008
v -0.47009376 -0.34154281 0.22152761
v -0.31984401 -0.23238012 0.23230615
v -0.60720623 -0.44116089 0.21189478
v -0.66869229 -0.34071544 0.21189484
v -0.4108454 -0.41084513 0.22152761
v -0.28530928 -0.28530914 0.23169008
v -0.34154296 -0.47009337 0.22152761
v -0.2323802 -0.31984377 0.23230615
v -0.44116095 -0.60720593 0.21189478
v -0.5306769 -0.53067666 0.21189484
v -0.26377892 -0.51769507 0.22152761
v -0.18317981 -0.35951048 0.23169008
v -0.17955974 -0.55262786 0.22152761
v -0.12216949 -0.37599888 0.23230615
v -0.23193203 -0.71381325 0.21189478
v -0.34071547 -0.66869158 0.21189484
v -0.09089201 -0.57386941 0.22152761
v -0.06311946 -0.39852041 0.23169008
v -1E-08 -0.58106726 0.22152761
v -0 -0.39534858 0.23230615
v -1E-08 -0.75054771 0.21189478
v -0.11740252 -0.74125028 0.21189484
v 0.09089198 -0.57386935 0.22152761
v 0.06311943 -0.39852041 0.23169008
v 0.17955968 -0.55262786 0.22152761
v 0.12216946 -0.37599888 0.23230615
v 0.23193198 -0.71381319 0.21189478
v 0.11740251 -0.74125028 0.21189484
v 0.26377887 -0.51769507 0.22152761
v 0.18317977 -0.35951042 0.23169008
v 0.34154293 -0.47009334 0.22152761
v 0.23238015 -0.31984374 0.23230615
v 0.44116092 -0.60720587 0.21189478
v 0.34071538 -0.66869158 0.21189484
v 0.41084528 -0.4108451 0.22152761
v 0.28530926 -0.28530911 0.23169008
v 0.47009361 -0.34154278 0.22152761
v 0.31984395 -0.23238009 0.23230615
v 0.60720611 -0.44116086 0.21189478
v 0.53067678 -0.53067666 0.21189484
v 0.51769549 -0.26377881 0.22152761
v 0.35951075 -0.18317974 0.23169008
v 0.55262834 -0.17955966 0.22152761
v 0.37599918 -0.12216945 0.23230615
v 0.71381378 -0.23193198 0.21189478
v 0.66869211 -0.34071541 0.21189484
v 0.57386941 -0.09089199 0.22152761
v 0.39852041 -0.06311945 0.23169008
v 0.58106714 -2E-08 0.22152761
v 0.39534846 -2E-08 0.23230615
v 0.75054753 1E-08 0.21189478
v 0.74125057 -0.11740253 0.21189484
v 0.57386959 0.09089199 0.22152761
v 0.3985205 0.06311943 0.23169008
v 0.74125075 0.11740256 0.21189484
v 0.23008713 0.11723505 0.24164882
v 0.18249092 0.13258718 0.244113
v 0.21453083 0.06970519 0.244113
v 2E-08 -3E-08 0.25889835
v 0.18259811 0.18259789 0.24164882
v 0.13258731 0.18249062 0.244113
v 0.11723518 0.23008676 0.24164882
v 0.06970533 0.21453056 0.244113
v 0.04039653 0.2550531 0.24164882
v 3E-08 0.22557077 0.244113
v -0.04039646 0.2550531 0.24164882
v -0.06970523 0.21453054 0.244113
v -0.1172351 0.23008671 0.24164882
v -0.13258725 0.18249059 0.244113
v -0.18259798 0.18259783 0.24164882
v -0.18249072 0.13258715 0.244113
v -0.23008695 0.117235 0.24164882
v -0.21453072 0.06970517 0.244113
v -0.2550531 0.04039641 0.24164882
v -0.22557069 -3E-08 0.244113
v -0.2550531 -0.04039647 0.24164882
v -0.21453072 -0.06970523 0.244113
v -0.23008694 -0.11723506 0.24164882
v -0.18249071 -0.13258718 0.244113
v -0.18259795 -0.18259786 0.24164882
v -0.13258722 -0.18249062 0.244113
v -0.11723507 -0.23008673 0.24164882
v -0.06970522 -0.21453056 0.244113
v -0.04039645 -0.25505307 0.24164882
v 0 -0.22557077 0.244113
v 0.04039644 -0.25505307 0.24164882
v 0.0697052 -0.21453054 0.244113
v 0.11723506 -0.2300867 0.24164882
v 0.13258719 -0.18249059 0.244113
v 0.18259791 -0.18259786 0.24164882
v 0.18249068 -0.13258718 0.244113
v 0.23008689 -0.11723504 0.24164882
v 0.21453071 -0.06970521 0.244113
v 0.25505307 -0.04039646 0.24164882
v 0.22557066 -3E-08 0.244113
v 0.25505313 0.04039642 0.24164882
v 0.7765522 0.3956728 0.20352533
v 0.82895207 0.26934269 0.20352521
v 0.70514846 0.5123201 0.20352521
v 0.77152675 0.56054711 0.20054093
v 0.84965199 0.43291932 0.20054081
v 0.90698487 0.2946972 0.20054093
v 0.61627489 0.61627477 0.20352533
v 0.51232004 0.70514816 0.20352521
v 0.56054682 0.77152687 0.20054093
v 0.67428708 0.6742875 0.20054093
v 0.39567262 0.77655149 0.20352533
v 0.26934245 0.82895136 0.20352521
v 0.29469687 0.90698427 0.20054093
v 0.43291894 0.84965187 0.20054093
v 0.13633946 0.86081392 0.20352533
v 1E-08 0.871611 0.20352521
v 2E-08 0.95365959 0.20054093
v 0.14917371 0.94184631 0.20054093
v -0.13633944 0.86081392 0.20352533
v -0.26934248 0.82895124 0.20352521
v -0.29469687 0.90698421 0.20054093
v -0.14917369 0.94184631 0.20054093
v -0.39567253 0.77655137 0.20352533
v -0.51231986 0.70514798 0.20352521
v -0.56054664 0.77152675 0.20054093
v -0.43291885 0.84965175 0.20054093
v -0.6162746 0.6162746 0.20352533
v -0.7051481 0.51231998 0.20352521
v -0.7715264 0.56054699 0.20054093
v -0.6742869 0.67428738 0.20054093
v -0.77655184 0.39567262 0.20352533
v -0.8289519 0.26934251 0.20352521
v -0.90698481 0.29469696 0.20054093
v -0.84965187 0.43291906 0.20054093
v -0.86081433 0.13633946 0.20352533
v -0.87161118 -3E-08 0.20352521
v -0.95366013 -3E-08 0.20054093
v -0.94184685 0.14917371 0.20054093
v -0.86081427 -0.13633953 0.20352533
v -0.8289519 -0.26934254 0.20352521
v -0.90698481 -0.29469699 0.20054093
v -0.94184685 -0.14917377 0.20054093
v -0.77655172 -0.39567265 0.20352533
v -0.7051481 -0.51231992 0.20352521
v -0.77152646 -0.56054699 0.20054093
v -0.84965187 -0.43291909 0.20054093
v -0.61627448 -0.6162746 0.20352533
v -0.5123198 -0.70514786 0.20352521
v -0.56054652 -0.77152669 0.20054093
v -0.6742869 -0.67428732 0.20054087
v -0.39567247 -0.77655119 0.20352533
v -0.26934239 -0.828951 0.20352521
v -0.29469678 -0.90698397 0.20054093
v -0.43291879 -0.84965158 0.20054081
v -0.13633946 -0.86081362 0.20352533
v -3E-08 -0.87161064 0.20352521
v -4E-08 -0.95365936 0.20054093
v -0.14917368 -0.94184589 0.20054081
v 0.13633937 -0.86081362 0.20352533
v 0.26934233 -0.828951 0.20352521
v 0.29469669 -0.90698397 0.20054093
v 0.1491736 -0.94184589 0.20054081
v 0.39567238 -0.77655119 0.20352533
v 0.51231974 -0.7051478 0.20352521
v 0.56054646 -0.77152663 0.20054093
v 0.43291867 -0.84965158 0.20054081
v 0.61627442 -0.61627448 0.20352533
v 0.70514792 -0.51231986 0.20352521
v 0.77152628 -0.56054693 0.20054093
v 0.67428678 -0.67428732 0.20054081
v 0.77655166 -0.39567256 0.20352533
v 0.82895178 -0.26934251 0.20352521
v 0.90698445 -0.29469693 0.20054093
v 0.84965169 -0.43291906 0.20054081
v 0.86081409 -0.13633946 0.20352533
v 0.87161106 7E-08 0.20352521
v 0.95365995 1.3E-07 0.20054093
v 0.94184667 -0.14917368 0.20054081
v 0.86081433 0.13633962 0.20352533
v 0.94184679 0.14917393 0.20054081
v 1.1314913 0.17921077 0.41441682
v 1.12704718 0.17850687 0.33627179
v 1.08533013 0.35264534 0.33627197
v 1.0896101 0.35403597 0.4144167
v 1.09785962 0.17412552 0.51356795
v 1.05722404 0.34382185 0.51343742
v 1.11092269 0.0005606 0.51449868
v 1.14520741 0.00025635 0.41499236
v 1.14106452 6.41E-05 0.33641586
v 0.99363446 0.15737635 0.20706347
v 0.95685542 0.31090128 0.20706335
v 1.03572333 0.16404261 0.22930303
v 0.99738628 0.32407066 0.22930303
v 1.04871404 9E-08 0.22930303
v 1.00609744 1.2E-07 0.20706335
v 1.08765936 0.17226847 0.27346995
v 1.0474 0.34032115 0.27346983
v 1.10130155 5E-08 0.27346989
v 1.02073359 0.52008998 0.41441682
v 0.99038476 0.50500822 0.51328483
v 1.01672375 0.51804709 0.33627179
v 0.92323631 0.67077124 0.33627197
v 0.92687786 0.67341644 0.4144167
v 0.89929289 0.65383357 0.51314208
v 0.98119128 0.49994245 0.27346995
v 0.93433911 0.47606993 0.22930303
v 0.84842694 0.61641896 0.22930309
v 0.89097106 0.64732921 0.27346983
v 0.89637017 0.45672363 0.20706347
v 0.81394917 0.59136915 0.20706347
v 0.81005853 0.81005907 0.41441682
v 0.7859 0.78644681 0.51304051
v 0.8068763 0.80687726 0.33627191
v 0.67077076 0.9232375 0.33627197
v 0.67341584 0.92687821 0.4144167
v 0.65326101 0.89984083 0.51290116
v 0.77867758 0.77867854 0.27346995
v 0.74149537 0.74149632 0.22930303
v 0.6164183 0.84842789 0.22930309
v 0.64732862 0.89097226 0.27346995
v 0.71136296 0.71136361 0.20706347
v 0.59136862 0.81394988 0.20706347
v 0.52008951 1.02073395 0.41441682
v 0.50443071 0.9910084 0.5126445
v 0.51804692 1.01672459 0.33627191
v 0.35264552 1.08533084 0.33627197
v 0.35403579 1.08961058 0.4144167
v 0.34322581 1.05798697 0.51225713
v 0.49994224 0.98119217 0.27346995
v 0.47606972 0.93433982 0.22930303
v 0.32407081 0.99738669 0.22930309
v 0.34032136 1.04740059 0.27346995
v 0.45672327 0.89637041 0.20706347
v 0.31090111 0.95685542 0.20706347
v 0.17921075 1.13149238 0.41441682
v 0.17346287 1.09881401 0.51172492
v 0.17850703 1.12704778 0.33627191
v 1E-08 1.14118433 0.33627197
v 1E-08 1.14568448 0.4144167
v -0.00059824 1.11277854 0.51111373
v 0.17226863 1.08765984 0.27346995
v 0.16404268 1.03572357 0.22930303
v 2E-08 1.04871452 0.22930309
v 1E-08 1.10130215 0.27346995
v 0.15737624 0.99363422 0.20706347
v 2E-08 1.00609732 0.20706347
v -0.17921078 1.13149226 0.41441682
v -0.17469758 1.09916961 0.5104889
v -0.17850703 1.1270479 0.33627191
v -0.3526122 1.08528197 0.33635202
v -0.35390258 1.08941531 0.41473707
v -0.34432328 1.05829823 0.51053437
v -0.17226864 1.08765984 0.27346995
v -0.16404268 1.03572357 0.22930303
v -0.32407081 0.99738669 0.22930309
v -0.34032139 1.04740071 0.27346995
v -0.15737623 0.99363422 0.20706347
v -0.31090114 0.9568553 0.20706347
v -0.5195564 1.01995254 0.41569826
v -0.50496346 0.99047554 0.51193377
v -0.51791352 1.0165292 0.33659223
v -0.67057055 0.92294431 0.3367525
v -0.67261612 0.92570591 0.41633895
v -0.65344501 0.89864725 0.51291934
v -0.49994221 0.98119211 0.27346995
v -0.47606969 0.93433964 0.22930303
v -0.61641818 0.84842771 0.22930309
v -0.64732844 0.89097214 0.27346995
v -0.45672324 0.89637029 0.20706347
v -0.5913685 0.81394964 0.20706347
v -0.80952537 0.80927753 0.41569826
v -0.78659481 0.78575879 0.51172265
v -0.80674285 0.80668169 0.33659223
v -0.92320293 0.67072231 0.33635208
v -0.92674434 0.67322081 0.41473713
v -0.90068966 0.65392929 0.51003632
v -0.7786774 0.77867842 0.27346995
v -0.74149531 0.74149603 0.22930303
v -0.84842694 0.61641872 0.22930309
v -0.89097095 0.64732903 0.27346995
v -0.71136284 0.71136343 0.20706347
v -0.81394905 0.59136897 0.20706347
v -1.02073336 0.52008975 0.41441682
v -0.99200648 0.50527704 0.50955227
v -1.01672363 0.51804686 0.33627191
v -1.08533001 0.35264522 0.33627197
v -1.08960974 0.35403582 0.4144167
v -1.0587604 0.34395802 0.50985047
v -0.9811911 0.49994224 0.27346995
v -0.93433899 0.47606975 0.22930303
v -0.99738604 0.32407051 0.22930309
v -1.04739988 0.34032097 0.27346995
v -0.89637005 0.45672339 0.20706347
v -0.95685536 0.31090105 0.20706347
v -1.1314913 0.17921069 0.41441682
v -1.09916687 0.17412791 0.51051065
v -1.12704718 0.17850676 0.33627191
v -1.1411835 -5E-08 0.33627197
v -1.14568341 -4E-08 0.4144167
v -1.11267948 5.791E-05 0.51119831
v -1.08765936 0.1722683 0.27346995
v -1.03572333 0.16404241 0.22930303
v -1.0487144 -4E-08 0.22930309
v -1.10130179 -4E-08 0.27346995
v -0.99363446 0.15737611 0.20706347
v -1.00609756 -3E-08 0.20706347
v -1.13149142 -0.17921078 0.41441682
v -1.09875214 -0.17398076 0.51157924
v -1.12704706 -0.17850685 0.33627191
v -1.08533001 -0.35264528 0.33627197
v -1.08960986 -0.35403591 0.4144167
v -1.05802524 -0.34374949 0.51173767
v -1.08765936 -0.17226839 0.27346995
v -1.03572333 -0.16404247 0.22930303
v -0.9973861 -0.32407051 0.22930309
v -1.04739988 -0.34032106 0.27346995
v -0.99363446 -0.15737619 0.20706347
v -0.95685536 -0.31090108 0.20706347
v -1.02073336 -0.52008986 0.41441682
v -0.99113852 -0.50500977 0.51175818
v -1.01672351 -0.51804698 0.33627191
v -0.92323619 -0.67077118 0.33627197
v -0.92687756 -0.67341632 0.4144167
v -0.90004003 -0.65393245 0.51164105
v -0.9811911 -0.4999423 0.27346995
v -0.93433899 -0.47606981 0.22930303
v -0.84842682 -0.61641872 0.22930309
v -0.890971 -0.64732909 0.27346995
v -0.89637005 -0.45672342 0.20706347
v -0.81394905 -0.59136897 0.20706341
v -0.8100583 -0.81005889 0.41441682
v -0.78667778 -0.78668851 0.51138672
v -0.80687606 -0.80687708 0.33627185
v -0.67077035 -0.9232372 0.33627197
v -0.67341554 -0.92687798 0.4144167
v -0.6540823 -0.90023553 0.51103642
v -0.77867734 -0.77867836 0.27346995
v -0.74149531 -0.74149597 0.22930303
v -0.61641824 -0.84842765 0.22930303
v -0.64732832 -0.89097202 0.27346995
v -0.71136284 -0.71136338 0.20706347
v -0.5913685 -0.81394947 0.20706341
v -0.52008927 -1.02073371 0.41441682
v -0.50528383 -0.99153107 0.51063165
v -0.51804656 -1.01672447 0.33627179
v -0.35264516 -1.08533049 0.33627197
v -0.35403559 -1.08961046 0.4144167
v -0.34407362 -1.05854154 0.51035055
v -0.49994203 -0.98119193 0.27346995
v -0.4760696 -0.93433946 0.22930303
v -0.32407066 -0.99738634 0.22930303
v -0.34032115 -1.04740036 0.27346983
v -0.45672318 -0.89637017 0.20706347
v -0.31090105 -0.956855 0.20706335
v -0.17921063 -1.13149202 0.41441682
v -0.17424293 -1.09923375 0.51037165
v -0.17850682 -1.12704754 0.33627179
v -5.363E-05 -1.14107096 0.33643284
v -0.00021456 -1.14523268 0.41506031
v -0.00042671 -1.11231244 0.5114747
v -0.17226851 -1.0876596 0.27346995
v -0.16404264 -1.03572321 0.22930303
v -2E-08 -1.04871416 0.22930303
v 0 -1.10130191 0.27346983
v -0.15737623 -0.99363393 0.20706347
v -4E-08 -1.00609696 0.20706335
v 0.1783524 -1.12968647 0.41699114
v 0.17273994 -1.0964824 0.51443949
v 0.17829238 -1.12659621 0.3369154
v 0.35219261 -1.0844754 0.33751181
v 0.35222453 -1.08619022 0.41937628
v 0.3411946 -1.0533818 0.51799229
v 0.17226855 -1.0876596 0.27346995
v 0.16404261 -1.03572321 0.22930303
v 0.32407063 -0.9973864 0.22930303
v 0.34032121 -1.04740024 0.27346983
v 0.15737614 -0.99363393 0.20706347
v 0.31090096 -0.956855 0.20706335
v 0.51713616 -1.01608086 0.42138317
v 0.50087482 -0.98464912 0.52085879
v 0.51730829 -1.0155611 0.33801344
v 0.66967982 -0.92188257 0.33844134
v 0.66905361 -0.92145944 0.4230946
v 0.64769411 -0.8922841 0.52351788
v 0.49994203 -0.98119187 0.27346995
v 0.47606948 -0.9343394 0.22930303
v 0.616418 -0.84842759 0.22930303
v 0.64732826 -0.8909719 0.27346983
v 0.45672309 -0.89637011 0.20706347
v 0.59136832 -0.81394941 0.20706335
v 0.80394346 -0.80442756 0.42459336
v 0.77756572 -0.77828747 0.52644774
v 0.8053472 -0.80546916 0.33881602
v 0.92147869 -0.66948509 0.33885953
v 0.91984814 -0.6682722 0.42476711
v 0.88933086 -0.6460731 0.52760979
v 0.77867723 -0.7786783 0.27346995
v 0.74149519 -0.74149597 0.22930303
v 0.8484267 -0.61641872 0.22930303
v 0.89097083 -0.64732903 0.27346983
v 0.71136266 -0.71136332 0.20706347
v 0.81394887 -0.59136897 0.20706335
v 1.01480997 -0.51628053 0.42250362
v 0.9818306 -0.49905571 0.52496472
v 1.01524258 -0.51709461 0.33829358
v 1.08436477 -0.35208669 0.33749685
v 1.08574963 -0.35180175 0.41931644
v 1.05156779 -0.34014019 0.5207124
v 0.98119086 -0.49994224 0.27346995
v 0.93433869 -0.47606978 0.22930303
v 0.99738592 -0.32407051 0.22930303
v 1.04739964 -0.340321 0.27346983
v 0.89636987 -0.45672339 0.20706347
v 0.95685506 -0.31090105 0.20706335
v 1.12958777 -0.17818533 0.41671911
v 1.09504545 -0.17223135 0.5170519
v 1.12657118 -0.17825043 0.33684739
v 1.08765912 -0.17226833 0.27346995
v 1.03572297 -0.16404238 0.22930303
v 0.99363422 -0.15737608 0.20706347
v 0.92284143 0.47173917 0.63825646
v 0.9851566 0.3213321 0.63886639
v 0.8378796 0.61059153 0.63768515
v 0.7669 0.56058246 0.77606457
v 0.84473509 0.43319327 0.77709982
v 0.90180314 0.29521963 0.77812987
v 0.73207647 0.73426294 0.63727918
v 0.60830343 0.84007168 0.6367214
v 0.55639696 0.77117467 0.77403048
v 0.66990185 0.67403471 0.77519295
v 0.4694311 0.92533594 0.63569513
v 0.31894895 0.98820657 0.63414517
v 0.29096118 0.90771812 0.76932827
v 0.42904204 0.84962773 0.77212307
v 0.16034634 1.02683389 0.63201681
v -0.00239297 1.04044235 0.62957188
v -0.00435631 0.95695883 0.7610591
v 0.14527853 0.94377011 0.76550376
v -0.1652852 1.02825618 0.62707272
v -0.32400504 0.99042827 0.62565258
v -0.30046237 0.91226983 0.75309658
v -0.15429394 0.94645935 0.75640398
v -0.47422728 0.92711186 0.62644508
v -0.61303747 0.84115821 0.62718335
v -0.56650114 0.77535725 0.75278711
v -0.43878976 0.8543883 0.75269496
v -0.73752117 0.73541886 0.62560055
v -0.84413344 0.61195165 0.62366024
v -0.77855241 0.56368369 0.74918327
v -0.68082172 0.67771846 0.75096109
v -0.92932928 0.47281498 0.62332597
v -0.99130279 0.32187697 0.62451872
v -0.91293192 0.29651186 0.75170496
v -0.85649419 0.43546411 0.74942019
v -1.02824855 0.16300623 0.6271595
v -1.04004991 0.00023175 0.6299105
v -0.95629293 0.00051103 0.76052961
v -0.94614983 0.15027867 0.75607091
v -1.02659035 -0.16241734 0.63143387
v -0.98836195 -0.32104257 0.63206753
v -0.90817469 -0.29486299 0.76423934
v -0.94350559 -0.14904462 0.76309293
v -0.92585737 -0.47174537 0.63214973
v -0.84086871 -0.61098748 0.63168141
v -0.77265769 -0.56147075 0.76376709
v -0.85068715 -0.43341875 0.76444739
v -0.73518813 -0.73523062 0.6306639
v -0.61158884 -0.84165168 0.62926271
v -0.56235027 -0.77382195 0.76014411
v -0.67570144 -0.67577779 0.76224849
v -0.47284377 -0.92742729 0.62764344
v -0.32234064 -0.99042547 0.62651923
v -0.29699603 -0.9113788 0.75599512
v -0.43513614 -0.85308546 0.7577064
v -0.1634668 -1.02851415 0.62660363
v -0.00063396 -1.04083645 0.62779781
v -0.00082873 -0.95808208 0.75711253
v -0.15086678 -0.94651216 0.7560699
v 0.16174626 -1.02653599 0.63000336
v 0.31988007 -0.9868871 0.63228813
v 0.29522109 -0.91015303 0.75912529
v 0.1490379 -0.94568467 0.75830483
v 0.46997368 -0.92316401 0.63372007
v 0.60784537 -0.83693856 0.63579914
v 0.56187105 -0.77332962 0.76034471
v 0.43420887 -0.85232043 0.75905222
v 0.72931361 -0.72978264 0.64002517
v 0.83317888 -0.60527045 0.64380404
v 0.76923066 -0.55890089 0.77122238
v 0.67407733 -0.67432356 0.7652618
v 0.9182421 -0.46697587 0.64454177
v 0.98183256 -0.31777576 0.64346817
v 0.90200472 -0.29252332 0.77844322
v 0.8457337 -0.43066064 0.77564537
v 1.02128005 -0.16054684 0.64181289
v 1.03540289 0.00096067 0.64023378
v 0.94824648 0.00124771 0.77950668
v 0.93646181 -0.14740932 0.77952796
v 1.02301955 0.16299644 0.63938859
v 0.93650031 0.15001425 0.77898648
v 0.59199977 0.30590549 1.4421677
v 0.63530219 0.32801011 1.31834896
v 0.57694507 0.42458469 1.31719625
v 0.53759903 0.39584866 1.44092607
v 0.55107677 0.28470257 1.56308105
v 0.50035429 0.36835167 1.56186136
v 0.58825195 0.19421341 1.56417525
v 0.63189363 0.20864858 1.44318256
v 0.67812884 0.22362214 1.31915301
v 0.78269714 0.40228093 0.91758311
v 0.71061695 0.52069843 0.91629875
v 0.73035073 0.37598827 1.05628905
v 0.6631723 0.48682526 1.05494377
v 0.77964264 0.25616908 1.05721965
v 0.83555907 0.27413777 0.91865376
v 0.68131906 0.35130113 1.1898002
v 0.61870897 0.45484877 1.18855586
v 0.72727227 0.23939641 1.19060905
v 0.65644026 0.10615194 1.44385069
v 0.70452297 0.11368988 1.31972497
v 0.61104429 0.09884009 1.56485289
v 0.618931 0.00103538 1.56507712
v 0.6650604 0.0010382 1.44397303
v 0.71389639 0.00095554 1.31968976
v 0.86783117 0.13936962 0.91946915
v 0.80989265 0.13020904 1.05785632
v 0.8205924 0.00105266 1.05774769
v 0.8790521 0.00121287 0.91962647
v 0.75556517 0.12167903 1.19116753
v 0.76564056 0.00096363 1.19102505
v 0.46953201 0.47640401 1.43957761
v 0.38977486 0.54564273 1.43795678
v 0.36266351 0.50746721 1.55957851
v 0.43692043 0.44320461 1.56080723
v 0.50395972 0.51107687 1.31557829
v 0.41838908 0.58542782 1.31358455
v 0.54044509 0.54749477 1.1866909
v 0.57926333 0.58583856 1.05306303
v 0.48094657 0.6707353 1.0507161
v 0.44869527 0.62704259 1.18437742
v 0.62068981 0.62628919 0.91484231
v 0.51539594 0.71675444 0.91298124
v 0.30030403 0.60163617 1.43589809
v 0.20322981 0.6431644 1.43362617
v 0.18927649 0.5976125 1.55615625
v 0.27947181 0.55934495 1.55783477
v 0.32227558 0.64557874 1.3113044
v 0.21793985 0.69035596 1.3085011
v 0.34562731 0.6912958 1.18178755
v 0.37054515 0.73922265 1.04797223
v 0.25073987 0.79006171 1.04441173
v 0.2337451 0.73908931 1.17849532
v 0.39721507 0.78979504 0.91048309
v 0.26901832 0.8439706 0.90705326
v 0.10066266 0.66900778 1.43136564
v -0.00463274 0.67874348 1.42873308
v -0.00369447 0.62942761 1.55411094
v 0.09400864 0.62104464 1.55512318
v 0.10770234 0.71858555 1.30493791
v -0.00557342 0.72961462 1.30058175
v 0.11555259 0.76925826 1.1740748
v 0.12421139 0.82201397 1.03961502
v -0.00592904 0.83433676 1.03375572
v -0.00598612 0.78107524 1.16862896
v 0.13367678 0.87784064 0.90239724
v -0.00546039 0.89061081 0.89684304
v -0.10989162 0.67194897 1.42534509
v -0.21275184 0.64885408 1.42190277
v -0.19635685 0.60064143 1.55083236
v -0.10119551 0.62254763 1.55249494
v -0.11902395 0.72279066 1.29539963
v -0.22995465 0.6982882 1.29031153
v -0.12790686 0.77381301 1.1622608
v -0.13657026 0.82628769 1.02700752
v -0.26411715 0.79762203 1.02122138
v -0.24705426 0.74741668 1.15639298
v -0.14504412 0.88148654 0.89071876
v -0.2812098 0.85028708 0.88587102
v -0.31085131 0.60968888 1.41910723
v -0.39939809 0.55372775 1.41583322
v -0.36883697 0.51187032 1.54793298
v -0.28704074 0.56394571 1.54968023
v -0.33567095 0.65628195 1.28623743
v -0.43144971 0.59630936 1.28203481
v -0.360273 0.70183146 1.15244815
v -0.38497457 0.74809533 1.01824824
v -0.49608171 0.67937815 1.01635294
v -0.46363062 0.63760996 1.14905513
v -0.41009289 0.79683197 0.8841466
v -0.52894384 0.72336215 0.883387
v -0.4736003 0.4802447 1.41095549
v -0.53600657 0.39508441 1.40692894
v -0.49487787 0.36509585 1.54149473
v -0.43733507 0.44382492 1.54448467
v -0.512568 0.51790756 1.27656108
v -0.58097529 0.4268086 1.27232662
v -0.55319464 0.55530494 1.14484274
v -0.59437746 0.59314072 1.01380034
v -0.67786235 0.49243334 1.01251122
v -0.62898684 0.45939377 1.14204049
v -0.63501346 0.63211888 0.88143372
v -0.72542316 0.52552038 0.88017949
v -0.58916569 0.30409145 1.40620845
v -0.62972307 0.20758735 1.40725908
v -0.58112627 0.19181861 1.5421997
v -0.54380798 0.28096923 1.54112235
v -0.63862127 0.32874423 1.27184178
v -0.6822747 0.22434115 1.27325591
v -0.69102883 0.35435408 1.14287788
v -0.744537 0.38030595 1.01440641
v -0.79319155 0.2592558 1.01780993
v -0.73713309 0.24170314 1.14538528
v -0.7972945 0.40598524 0.88151708
v -0.84934294 0.27658176 0.88469261
v -0.65432453 0.10589362 1.40854582
v -0.66253197 0.00164237 1.41017461
v -0.61142343 0.00189426 1.54526952
v -0.60383338 0.09801735 1.54355892
v -0.70870382 0.11422595 1.27471843
v -0.71748722 0.00133549 1.27637857
v -0.76511204 0.12295859 1.14759308
v -0.82261628 0.13177991 1.02104573
v -0.83217037 0.00119049 1.02391118
v -0.77436537 0.00126272 1.14965867
v -0.88028395 0.14037825 0.88895231
v -0.88990629 0.00088526 0.89303234
v -0.65390772 -0.10253435 1.41225129
v -0.62914926 -0.20393354 1.4138664
v -0.58050358 -0.18786943 1.54894081
v -0.60339034 -0.09422184 1.54740098
v -0.70820314 -0.11139332 1.27838563
v -0.68146086 -0.2210716 1.28001818
v -0.76429313 -0.12024216 1.15173945
v -0.82121301 -0.12920018 1.02620356
v -0.79031634 -0.25627244 1.02774337
v -0.7354902 -0.23854735 1.15334901
v -0.87799847 -0.13838661 0.89566877
v -0.84501874 -0.27415866 0.8970857
v -0.58895427 -0.29985225 1.41411045
v -0.53425175 -0.38808903 1.4139967
v -0.49321765 -0.35834548 1.54815206
v -0.54353285 -0.27658695 1.54887614
v -0.63786966 -0.3248105 1.28055479
v -0.57856423 -0.42017427 1.28095753
v -0.6885516 -0.35064408 1.15400097
v -0.74005264 -0.37690666 1.02835107
v -0.67179799 -0.48813725 1.02844863
v -0.62474936 -0.45381427 1.15441674
v -0.79142493 -0.40315211 0.89750719
v -0.71870071 -0.52227175 0.89712745
v -0.4659707 -0.46644235 1.41453844
v -0.38737011 -0.53576666 1.41664773
v -0.35781574 -0.49559984 1.54853347
v -0.43029752 -0.43111622 1.54771379
v -0.50467914 -0.50472724 1.28218847
v -0.41948244 -0.57905859 1.28493578
v -0.5453552 -0.54533976 1.15531775
v -0.58692873 -0.58699858 1.02845794
v -0.48805243 -0.6719563 1.02853654
v -0.4533312 -0.62480849 1.15708542
v -0.62832952 -0.6284225 0.89614066
v -0.52278179 -0.71944219 0.89472905
v -0.30170915 -0.59691632 1.42123663
v -0.20824568 -0.64357853 1.42562494
v -0.1925537 -0.59600312 1.55462754
v -0.27881515 -0.55249697 1.55158356
v -0.3262417 -0.64375776 1.28988767
v -0.22468975 -0.69282073 1.29449717
v -0.35163933 -0.69180846 1.16010114
v -0.37777656 -0.74147606 1.02884188
v -0.25818157 -0.79301482 1.02911767
v -0.24117339 -0.74204093 1.1628307
v -0.40452796 -0.79316843 0.89307478
v -0.27619943 -0.84751797 0.8918502
v -0.10623755 -0.66944075 1.42713243
v -0.00039181 -0.67654717 1.42782542
v -0.00032348 -0.62726963 1.55556884
v -0.09828916 -0.6203137 1.55542892
v -0.11455929 -0.72024339 1.29621734
v -0.00061867 -0.72780508 1.29726811
v -0.12282731 -0.77120721 1.16373986
v -0.13134792 -0.82402951 1.02910748
v -0.00105586 -0.83410829 1.02974447
v -0.00088381 -0.77996325 1.16462057
v -0.14042744 -0.88040763 0.89172766
v -0.00100343 -0.89132696 0.89250159
v 0.1045846 -0.666942 1.42977017
v 0.20651169 -0.64113659 1.43209135
v 0.19173828 -0.59508008 1.55792463
v 0.09704137 -0.61871195 1.55662861
v 0.11236377 -0.7172848 1.29986947
v 0.22201587 -0.68933594 1.302977
v 0.12037437 -0.76896471 1.16726479
v 0.12891427 -0.8228392 1.03196189
v 0.25555232 -0.79128993 1.03461592
v 0.23826724 -0.73912328 1.17048585
v 0.13828135 -0.87976581 0.89396647
v 0.27415773 -0.846627 0.89536515
v 0.30320945 -0.59964252 1.43391365
v 0.39244574 -0.54368782 1.43528053
v 0.36472791 -0.50509471 1.55933097
v 0.28170013 -0.55681282 1.55877328
v 0.32596558 -0.64461172 1.3055463
v 0.42186606 -0.5843243 1.30764574
v 0.35011482 -0.6913507 1.1730971
v 0.37584817 -0.74052835 1.0365629
v 0.48659441 -0.67165464 1.03882269
v 0.45321026 -0.62681043 1.17550539
v 0.40335661 -0.79281342 0.89594057
v 0.5221343 -0.71936476 0.89756086
v 0.47198847 -0.47450095 1.43623552
v 0.5398044 -0.39395833 1.43746862
v 0.50164157 -0.36646259 1.5605447
v 0.43862256 -0.44111004 1.55975401
v 0.50737047 -0.50968587 1.30934365
v 0.58021843 -0.42292425 1.3112569
v 0.54484677 -0.54666632 1.17811757
v 0.58458352 -0.585769 1.04241513
v 0.66774791 -0.48578921 1.04659234
v 0.62278962 -0.45348239 1.18103186
v 0.62674719 -0.62732011 0.90209415
v 0.71532428 -0.52000123 0.90773713
v 0.59386021 -0.30393672 1.43966988
v 0.6332767 -0.20658952 1.44193265
v 0.58892488 -0.19213635 1.56390411
v 0.55204231 -0.28275633 1.56220502
v 0.6381495 -0.32626745 1.31400233
v 0.68026388 -0.22185801 1.3167506
v 0.6848039 -0.34982288 1.18434647
v 0.73402005 -0.37463346 1.05060647
v 0.78223634 -0.25469217 1.0540318
v 0.72986323 -0.23790233 1.18744999
v 0.78599483 -0.4007296 0.91268656
v 0.83754468 -0.27219725 0.91649696
v 0.65717465 -0.10407008 1.44335034
v 0.61138952 -0.09674796 1.5648112
v 0.70566142 -0.11183874 1.31867237
v 0.75694102 -0.11993515 1.18973103
v 0.81123376 -0.12835558 1.05644253
v 0.86876011 -0.13709627 0.91872302
v 0.56806195 0.09152917 1.68403977
v 0.57530677 0.00077088 1.68420443
v 0.54688931 0.18005417 1.68360886
v 0.50971639 0.16719553 1.80263236
v 0.52945024 0.08483873 1.80277505
v 0.53615499 0.00042745 1.80283156
v 0.56821483 -0.08999117 1.68410107
v 0.52952528 -0.08401566 1.80278197
v 0.54723144 -0.17853831 1.68357298
v 0.50993115 -0.16639934 1.80250564
v 0.51280236 -0.26265186 1.68246364
v 0.47774258 -0.24463233 1.80188146
v 0.46582437 -0.34031513 1.68136275
v 0.43383563 -0.31686872 1.80122706
v 0.40719461 -0.40951145 1.68086016
v 0.3790862 -0.38126254 1.8008596
v 0.33849093 -0.46873817 1.68071824
v 0.31497461 -0.43633744 1.80078348
v 0.26129127 -0.51649249 1.68069935
v 0.24298091 -0.48061728 1.80100301
v 0.17767927 -0.5517211 1.68057245
v 0.16503757 -0.51318556 1.80127653
v 0.08973853 -0.57337075 1.68010655
v 0.08307687 -0.53312576 1.80136254
v -0.00053394 -0.58105224 1.67977485
v -0.00094925 -0.5400883 1.80153671
v -0.09114119 -0.5743764 1.68005052
v -0.08508885 -0.53372347 1.80207464
v -0.17832653 -0.55178332 1.67991862
v -0.16616747 -0.51281232 1.80251428
v -0.25833324 -0.51171285 1.67836404
v -0.24101071 -0.47613594 1.80239347
v -0.33164048 -0.45922497 1.67690518
v -0.30967239 -0.42788929 1.80238071
v -0.39872748 -0.39937976 1.67706045
v -0.37220633 -0.37226763 1.80314478
v -0.45686716 -0.33173093 1.67804149
v -0.42626303 -0.30912203 1.80426231
v -0.50333256 -0.25583225 1.67905995
v -0.46949309 -0.23830397 1.80530974
v -0.53747213 -0.17361546 1.67928842
v -0.50125235 -0.16168042 1.80560729
v -0.55863452 -0.08701237 1.67789939
v -0.52089685 -0.08111832 1.80447486
v -0.56608522 0.00180207 1.675886
v -0.52779317 0.00146303 1.80275836
v -0.55908984 0.09065283 1.6742413
v -0.521308 0.08414438 1.80130312
v -0.53813177 0.17741188 1.67288279
v -0.50186157 0.16491552 1.80003181
v -0.50369442 0.2599512 1.67172795
v -0.46987405 0.24176617 1.7988669
v -0.45838624 0.33771735 1.6716713
v -0.42755139 0.31393433 1.79841021
v -0.40481573 0.41015688 1.67360741
v -0.37709939 0.38065797 1.79926345
v -0.3411274 0.47274223 1.67581662
v -0.31728026 0.43822035 1.80032435
v -0.26546583 0.52094591 1.67657927
v -0.24685635 0.48290437 1.80049053
v -0.1816806 0.55517751 1.67676592
v -0.16907707 0.51489168 1.80025926
v -0.09362133 0.57584649 1.67724699
v -0.08719186 0.53436369 1.80012759
v -0.003289 0.58263272 1.67774328
v -0.00312769 0.54092509 1.80006596
v 0.08731544 0.57521588 1.67797562
v 0.0811885 0.53418034 1.80004445
v 0.17574137 0.55379832 1.678377
v 0.16351958 0.51439714 1.80018696
v 0.25953817 0.51858228 1.67938048
v 0.24162838 0.48184317 1.8006176
v 0.33686572 0.47068089 1.680534
v 0.31372824 0.43749017 1.80117217
v 0.40588376 0.41120714 1.68138567
v 0.37803239 0.38231003 1.80168626
v 0.46489397 0.3418045 1.68211803
v 0.43304214 0.31780443 1.80211738
v 0.51219791 0.26411641 1.68291369
v 0.4772585 0.24547516 1.80242291
v 0.49716616 0.07938833 1.92242274
v 0.50344259 0.00018782 1.9224349
v 0.47864401 0.15666208 1.92239472
v 0.45371228 0.14834492 2.04159978
v 0.47125816 0.07511306 2.04160693
v 0.47720367 4.703E-05 2.04160985
v 0.49719554 -0.07903739 1.922416
v 0.47126547 -0.07502516 2.04160526
v 0.47875863 -0.15632352 1.92226836
v 0.45375842 -0.1482528 2.04151794
v 0.44846553 -0.22970679 1.92189434
v 0.42499754 -0.21778513 2.04127362
v 0.40715823 -0.29747614 1.9214417
v 0.38579211 -0.28200674 2.04092726
v 0.35567909 -0.35792047 1.92105809
v 0.3369512 -0.33930218 2.04053441
v 0.29541853 -0.40961206 1.92086795
v 0.27979016 -0.38830763 2.04024032
v 0.22776705 -0.45112321 1.92099538
v 0.21562366 -0.42765933 2.04019108
v 0.15451615 -0.48159921 1.92127839
v 0.14612587 -0.4565267 2.04032245
v 0.07745714 -0.50018507 1.92155507
v 0.07297071 -0.47407928 2.04057088
v -0.00149549 -0.50657159 1.92194769
v -0.00197564 -0.4800384 2.04096112
v -0.08042727 -0.50044954 1.9225786
v -0.07684702 -0.47412571 2.04151836
v -0.1566799 -0.48098353 1.92343077
v -0.14939575 -0.45588014 2.04249522
v -0.22759503 -0.44733837 1.92448714
v -0.2173741 -0.42484054 2.04414412
v -0.29273948 -0.40283999 1.92557785
v -0.27990636 -0.38350832 2.04575005
v -0.35168007 -0.35081434 1.92653307
v -0.33611679 -0.33438474 2.04659793
v -0.40246791 -0.29139566 1.92741188
v -0.38440067 -0.27789092 2.04710051
v -0.4431541 -0.22471797 1.92827311
v -0.42315322 -0.21444832 2.04767045
v -0.47304171 -0.15257291 1.92859504
v -0.45161545 -0.14576478 2.04795352
v -0.49143398 -0.07675208 1.92785594
v -0.46902841 -0.07354837 2.04759517
v -0.49782321 0.00097438 1.92662075
v -0.47500119 0.00050043 2.04687288
v -0.49170202 0.07883629 1.92545465
v -0.46914271 0.07468109 2.04606423
v -0.47343743 0.15487777 1.92437032
v -0.45177716 0.14708485 2.04526362
v -0.44339618 0.22714293 1.923381
v -0.42322886 0.21580301 2.04456559
v -0.40339324 0.29473215 1.92266282
v -0.38495356 0.27981046 2.04379424
v -0.35524327 0.35674584 1.92239264
v -0.33840713 0.33808208 2.04277375
v -0.29830629 0.41018131 1.92229625
v -0.2835196 0.38822508 2.04189446
v -0.2319421 0.45203605 1.92210022
v -0.22022077 0.42784661 2.04154673
v -0.15890019 0.48221359 1.92186805
v -0.15084261 0.45658776 2.04147324
v -0.08192993 0.50061762 1.92166331
v -0.07771686 0.47408959 2.04141703
v -0.00292191 0.5068711 1.92151466
v -0.00269895 0.4800294 2.04137984
v 0.07623329 0.50059706 1.921451
v 0.07235572 0.47408444 2.04136398
v 0.15350628 0.48208448 1.9214848
v 0.1455874 0.45654091 2.04137233
v 0.22686769 0.45162243 1.92162862
v 0.21513641 0.42768484 2.04140833
v 0.29459772 0.41010135 1.92184153
v 0.27935261 0.38836077 2.0414615
v 0.35497677 0.35841161 1.92208245
v 0.33658594 0.33941299 2.04152182
v 0.4066228 0.29794842 1.92228088
v 0.38552275 0.28215861 2.04157129
v 0.44815409 0.23010701 1.92236623
v 0.42484927 0.21791469 2.04159275
v 0.29383013 0.2960307 2.61007598
v 0.33652091 0.24609551 2.61007598
v 0.34586096 0.25288147 2.40260795
v 0.30199301 0.30419359 2.40260818
v 0.2438949 0.3387216 2.61007598
v 0.25068086 0.34806162 2.40260807
v 0.24104655 0.33480111 2.81424931
v 0.29040384 0.29260433 2.81424931
v 0.33260047 0.24324709 2.81424931
v 0.18786263 0.37302071 2.61007598
v 0.19310352 0.38330653 2.40260818
v 0.12717919 0.39819127 2.61007598
v 0.13074678 0.40917113 2.40260807
v 0.1256817 0.39358252 2.81424931
v 0.18566279 0.36870331 2.81424931
v 0.06329051 0.41349635 2.61007598
v 0.0650964 0.42489818 2.40260818
v -0.00220082 0.41868252 2.61007598
v -0.00220082 0.43022737 2.40260807
v -0.00220081 0.41383666 2.81424931
v 0.0625325 0.40871048 2.81424931
v -0.0676922 0.41349635 2.61007598
v -0.06949808 0.42489818 2.40260818
v -0.1315809 0.39819127 2.61007598
v -0.13514847 0.40917113 2.40260807
v -0.13008341 0.39358249 2.81424919
v -0.06693417 0.40871048 2.81424931
v -0.19226418 0.37302065 2.61007598
v -0.19750507 0.38330647 2.40260818
v -0.24829631 0.33872151 2.61007598
v -0.25508225 0.34806153 2.40260807
v -0.24544792 0.33480111 2.81424931
v -0.19006433 0.36870328 2.81424931
v -0.29823142 0.29603064 2.61007598
v -0.30639431 0.30419347 2.40260818
v -0.34092221 0.24609549 2.61007598
v -0.35026228 0.25288141 2.40260807
v -0.33700177 0.24324715 2.81424931
v -0.29480511 0.29260433 2.81424931
v -0.37522134 0.19006342 2.61007598
v -0.38550717 0.19530429 2.40260818
v -0.40039194 0.12938014 2.61007598
v -0.4113718 0.13294773 2.40260807
v -0.39578316 0.12788264 2.81424931
v -0.37090394 0.18786359 2.81424931
v -0.41569704 0.06549145 2.61007598
v -0.42709896 0.06729734 2.40260818
v -0.42088327 6E-08 2.61007598
v -0.43242821 6E-08 2.40260807
v -0.41603729 6E-08 2.81424931
v -0.41091114 0.06473342 2.81424931
v -0.41569704 -0.06549128 2.61007598
v -0.42709896 -0.06729718 2.40260818
v -0.40039188 -0.12937997 2.61007598
v -0.4113718 -0.13294755 2.40260807
v -0.39578319 -0.12788248 2.81424931
v -0.41091111 -0.06473326 2.81424931
v -0.37522128 -0.19006334 2.61007598
v -0.38550711 -0.1953042 2.40260818
v -0.34092215 -0.24609552 2.61007598
v -0.35026222 -0.25288141 2.40260807
v -0.33700168 -0.24324718 2.81424919
v -0.37090391 -0.18786351 2.81424931
v -0.29823136 -0.29603061 2.61007598
v -0.30639422 -0.30419347 2.40260818
v -0.24829626 -0.33872139 2.61007598
v -0.25508222 -0.34806144 2.40260807
v -0.24544789 -0.33480096 2.81424931
v -0.29480505 -0.29260433 2.81424931
v -0.19226417 -0.37302047 2.61007598
v -0.19750506 -0.38330638 2.40260818
v -0.1315809 -0.39819109 2.61007598
v -0.13514848 -0.40917096 2.40260807
v -0.1300834 -0.39358234 2.81424931
v -0.19006431 -0.36870307 2.81424931
v -0.06769221 -0.41349614 2.61007598
v -0.06949809 -0.42489806 2.40260818
v -0.00220083 -0.41868228 2.61007598
v -0.00220083 -0.43022716 2.40260807
v -0.00220083 -0.41383639 2.81424931
v -0.06693418 -0.40871024 2.81424931
v 0.06329051 -0.41349614 2.61007598
v 0.06509639 -0.42489806 2.40260818
v 0.12717916 -0.39819106 2.61007598
v 0.13074675 -0.40917096 2.40260807
v 0.12568168 -0.39358228 2.81424931
v 0.06253249 -0.40871024 2.81424931
v 0.18786249 -0.37302047 2.61007598
v 0.19310337 -0.38330632 2.40260818
v 0.24389464 -0.33872133 2.61007598
v 0.25068054 -0.34806135 2.40260807
v 0.24104629 -0.3348009 2.81424931
v 0.18566267 -0.36870304 2.81424931
v 0.29382977 -0.29603055 2.61007598
v 0.3019926 -0.30419341 2.40260818
v 0.33652049 -0.24609543 2.61007598
v 0.34586051 -0.25288135 2.40260807
v 0.33260012 -0.24324714 2.81424931
v 0.29040346 -0.2926043 2.81424931
v 0.37081966 -0.19006328 2.61007598
v 0.38110542 -0.19530416 2.40260818
v 0.39599019 -0.12937994 2.61007598
v 0.40697008 -0.13294752 2.40260807
v 0.39138144 -0.12788245 2.81424931
v 0.36650226 -0.18786347 2.81424931
v 0.41129524 -0.06549121 2.61007598
v 0.42269716 -0.06729714 2.40260818
v 0.41648144 1.6E-07 2.61007598
v 0.42802638 1.2E-07 2.40260807
v 0.41163555 2E-07 2.81424931
v 0.4065094 -0.06473317 2.81424931
v 0.41129535 0.0654915 2.61007598
v 0.42269722 0.06729737 2.40260818
v 0.39599037 0.12938014 2.61007598
v 0.40697023 0.13294771 2.40260807
v 0.39138156 0.12788264 2.81424931
v 0.40650943 0.06473351 2.81424931
v 0.37081993 0.19006339 2.61007598
v 0.38110575 0.19530429 2.40260818
v 0.36650249 0.18786353 2.81424931
v 0.37986982 0.19467443 2.883585
v 0.40565085 0.13251899 2.883585
v 0.34473869 0.25206593 2.883585
v 0.35925627 0.26261356 2.89503983
v 0.39585745 0.20282049 2.89503983
v 0.42271733 0.13806415 2.89503983
v 0.30101216 0.30321264 2.883585
v 0.24986547 0.34693927 2.883585
v 0.26041314 0.36145681 2.89503983
v 0.31370005 0.31590047 2.89503983
v 0.19247374 0.38207054 2.883585
v 0.13031803 0.40785176 2.883585
v 0.13586323 0.4249182 2.89503983
v 0.20061985 0.39805818 2.89503983
v 0.06487938 0.42352825 2.883585
v -0.00220078 0.42884028 2.883585
v -0.00220075 0.44678503 2.89503971
v 0.06768633 0.44125062 2.89503983
v -0.069281 0.42352825 2.88358489
v -0.1347197 0.40785179 2.88358477
v -0.14026485 0.42491826 2.89503959
v -0.07208791 0.44125068 2.89503959
v -0.19687526 0.38207054 2.88358489
v -0.2542668 0.34693921 2.883585
v -0.26481444 0.36145684 2.89503983
v -0.20502135 0.39805818 2.89503959
v -0.30541342 0.30321267 2.883585
v -0.34913996 0.25206605 2.883585
v -0.36365753 0.26261374 2.89503983
v -0.31810126 0.31590053 2.89503983
v -0.3842712 0.19467454 2.883585
v -0.41005242 0.13251898 2.883585
v -0.42711893 0.13806421 2.89503983
v -0.40025881 0.20282064 2.89503983
v -0.42572889 0.06708028 2.883585
v -0.43104088 3E-08 2.883585
v -0.44898561 2E-08 2.89503983
v -0.44345126 0.06988722 2.89503983
v -0.42572886 -0.06708016 2.883585
v -0.41005239 -0.13251881 2.883585
v -0.42711893 -0.13806401 2.89503971
v -0.44345126 -0.06988711 2.89503983
v -0.38427117 -0.19467446 2.88358489
v -0.34913987 -0.25206608 2.88358477
v -0.36365747 -0.26261371 2.89503959
v -0.40025878 -0.20282057 2.89503959
v -0.30541337 -0.30321264 2.883585
v -0.25426677 -0.34693912 2.88358524
v -0.26481441 -0.36145666 2.89504006
v -0.31810123 -0.31590053 2.89503983
v -0.19687524 -0.38207033 2.88358512
v -0.1347197 -0.40785164 2.883585
v -0.14026488 -0.42491806 2.89503983
v -0.20502131 -0.39805803 2.89504006
v -0.06928105 -0.42352799 2.883585
v -0.00220083 -0.42884001 2.883585
v -0.00220084 -0.44678468 2.89503983
v -0.07208797 -0.44125047 2.89503983
v 0.06487937 -0.42352799 2.883585
v 0.13031805 -0.40785158 2.883585
v 0.13586323 -0.424918 2.89503983
v 0.0676863 -0.44125044 2.89503983
v 0.19247362 -0.38207033 2.883585
v 0.2498652 -0.34693912 2.883585
v 0.26041281 -0.36145666 2.89503983
v 0.20061973 -0.398058 2.89503983
v 0.30101177 -0.30321267 2.883585
v 0.34473822 -0.25206611 2.883585
v 0.35925579 -0.26261377 2.89503983
v 0.3136996 -0.31590056 2.89503983
v 0.37986949 -0.19467446 2.883585
v 0.40565073 -0.1325188 2.883585
v 0.42271721 -0.13806398 2.89503983
v 0.39585713 -0.20282058 2.89503983
v 0.42132711 -0.06708004 2.883585
v 0.42663911 2.1E-07 2.883585
v 0.44458383 2E-07 2.89503983
v 0.43904957 -0.06988697 2.89503983
v 0.42132717 0.06708039 2.883585
v 0.4390496 0.06988732 2.89503983
v 0.45177484 0.07194797 2.15895167
v 0.45747226 9E-08 2.15895167
v 0.43496102 0.14213516 2.15895167
v 0.42250159 0.13803306 2.25038507
v 0.43883014 0.06987152 2.25038507
v 0.44436312 1E-07 2.25038519
v 0.45177475 -0.07194777 2.15895167
v 0.43883005 -0.06987131 2.25038507
v 0.43497494 -0.14212908 2.15891144
v 0.4225049 -0.13803139 2.25037506
v 0.40736529 -0.20877728 2.15879074
v 0.39566147 -0.20276879 2.2503449
v 0.36973688 -0.27032995 2.15860423
v 0.35908154 -0.26254746 2.25029829
v 0.32288086 -0.32522458 2.15836653
v 0.31354642 -0.31583139 2.2502388
v 0.26805684 -0.37216991 2.1581693
v 0.26028016 -0.3613888 2.25018969
v 0.20652476 -0.4098745 2.15810445
v 0.20050664 -0.39798793 2.25017336
v 0.13987771 -0.43753281 2.15815297
v 0.13576953 -0.42484346 2.25018552
v 0.06970897 -0.45433924 2.15829638
v 0.06761264 -0.44117025 2.25022128
v -0.00219273 -0.46002558 2.15853009
v -0.00224721 -0.44670039 2.25027981
v -0.07403863 -0.4543235 2.15884969
v -0.07209314 -0.44116631 2.25035968
v -0.14384693 -0.4370853 2.15953448
v -0.14010282 -0.42464826 2.25064602
v -0.20963582 -0.40816313 2.16086343
v -0.20445387 -0.39722672 2.25132373
v -0.27023762 -0.36932614 2.16215119
v -0.26380056 -0.3601172 2.25199118
v -0.32448471 -0.32234347 2.16271213
v -0.31679702 -0.31453556 2.25224653
v -0.37098038 -0.26794717 2.16293844
v -0.36215895 -0.26147327 2.25230315
v -0.40832791 -0.20686907 2.16322216
v -0.3986021 -0.20192215 2.25237408
v -0.43574846 -0.14072779 2.16338417
v -0.4253493 -0.13742949 2.25241461
v -0.45246297 -0.0711419 2.16324535
v -0.44162342 -0.06954251 2.25237992
v -0.45815322 0.00020549 2.16291454
v -0.44714457 5.142E-05 2.25229719
v -0.45250076 0.0716313 2.16250089
v -0.44163287 0.06966498 2.25219372
v -0.4357987 0.14132294 2.16207722
v -0.4253619 0.13757841 2.25208786
v -0.40834001 0.20746785 2.16171673
v -0.3986052 0.20207195 2.25199774
v -0.37127417 0.26886877 2.1611695
v -0.36228967 0.26178706 2.25174573
v -0.32575065 0.32432842 2.16018608
v -0.31734222 0.3153652 2.25115433
v -0.27223432 0.37195128 2.15928069
v -0.26464272 0.36127374 2.2505826
v -0.21119007 0.40984184 2.15896806
v -0.20507109 0.39797986 2.25038925
v -0.14459696 0.43745884 2.15895572
v -0.14034747 0.4248251 2.25038627
v -0.07443397 0.45426103 2.15895167
v -0.07219197 0.44115081 2.25038507
v -0.00248608 0.45995846 2.15895167
v -0.00232054 0.44668376 2.25038519
v 0.06946175 0.45426106 2.15895167
v 0.06755084 0.44115081 2.25038507
v 0.13964894 0.43744719 2.15895167
v 0.13571239 0.42482218 2.25038519
v 0.20631489 0.40979517 2.15895167
v 0.20045434 0.39796826 2.25038507
v 0.26787114 0.37211466 2.15895167
v 0.26023403 0.36137515 2.25038519
v 0.32272923 0.3252151 2.15895167
v 0.31350887 0.31582919 2.25038507
v 0.36962873 0.27035701 2.15895167
v 0.35905477 0.26255435 2.25038519
v 0.40730911 0.20880094 2.15895167
v 0.39564776 0.20277481 2.25038507
v 0.43253797 0.0688621 2.29183522
v 0.43799096 1E-07 2.29183522
v 0.41644531 0.13603893 2.29183522
v 0.41386014 0.13518955 2.30795291
v 0.4298524 0.06843215 2.30795279
v 0.43527135 1E-07 2.30795267
v 0.43253785 -0.0688619 2.29183522
v 0.42985234 -0.06843195 2.30795279
v 0.41385996 -0.13518935 2.30795267
v 0.41644505 -0.13603872 2.29183522
v 0.38997906 -0.19984522 2.29183522
v 0.38755924 -0.19859746 2.30795279
v 0.35171998 -0.25714555 2.30795267
v 0.35391468 -0.25876114 2.29183522
v 0.30902672 -0.31126627 2.29183522
v 0.30711231 -0.3093228 2.30795279
v 0.25493503 -0.35393044 2.30795267
v 0.25652161 -0.35615423 2.29183522
v 0.1976057 -0.39221871 2.29183522
v 0.19638696 -0.38976979 2.30795279
v 0.13297889 -0.41607058 2.30795267
v 0.13379921 -0.41868469 2.29183522
v 0.06662242 -0.43477744 2.29183522
v 0.06622151 -0.4320628 2.30795279
v -0.00221051 -0.43748176 2.30795267
v -0.00223955 -0.44023049 2.29183522
v -0.07110157 -0.43477747 2.29183522
v -0.07064257 -0.4320628 2.30795279
v -0.13738856 -0.41605392 2.30797568
v -0.13823268 -0.41861802 2.29192737
v -0.20190194 -0.39195198 2.29220369
v -0.20076232 -0.38970312 2.30804494
v -0.2592715 -0.35381845 2.30811396
v -0.26066244 -0.3557058 2.29248014
v -0.31306708 -0.3108058 2.29257229
v -0.31142366 -0.30920777 2.30813697
v -0.3560147 -0.25704986 2.30813709
v -0.35788861 -0.25837836 2.29257229
v -0.39389968 -0.19954959 2.29257229
v -0.39184067 -0.19852358 2.30813697
v -0.41813165 -0.13513905 2.30813709
v -0.42032659 -0.13583748 2.29257229
v -0.43639565 -0.06876005 2.29257229
v -0.43411809 -0.06840651 2.30813697
v -0.43953511 6E-08 2.30813709
v -0.44184071 6E-08 2.29257229
v -0.43639565 0.06876021 2.29257229
v -0.43411806 0.06840667 2.30813697
v -0.41813165 0.13513923 2.30813709
v -0.42032659 0.13583767 2.29257229
v -0.39389974 0.1995497 2.29257229
v -0.39184067 0.19852369 2.30813697
v -0.3560262 0.25706658 2.30811408
v -0.35793439 0.25844508 2.29248014
v -0.31325004 0.31107259 2.29220369
v -0.31146941 0.30927449 2.30804494
v -0.25934014 0.35391855 2.3079758
v -0.2609368 0.35610592 2.29192737
v -0.20208488 0.39221883 2.29183522
v -0.20080808 0.38976997 2.30795279
v -0.13739999 0.41607073 2.30795267
v -0.13827841 0.41868487 2.29183522
v -0.07110155 0.43477759 2.29183522
v -0.07064256 0.43206301 2.30795279
v -0.0022105 0.43748203 2.30795267
v -0.00223954 0.44023067 2.29183522
v 0.06662243 0.43477762 2.29183522
v 0.06622152 0.43206301 2.30795279
v 0.13297893 0.41607073 2.30795267
v 0.13379927 0.4186849 2.29183522
v 0.19760589 0.39221889 2.29183522
v 0.19638716 0.38977003 2.30795279
v 0.25493541 0.35393074 2.30795267
v 0.25652194 0.3561545 2.29183522
v 0.30902714 0.31126648 2.29183522
v 0.30711275 0.30932304 2.30795279
v 0.35172045 0.25714564 2.30795267
v 0.35391507 0.25876126 2.29183522
v 0.38997939 0.19984539 2.29183522
v 0.38755953 0.19859761 2.30795279
v 0.3055943 0.30779484 2.32338872
v 0.34998158 0.25587529 2.32338872
v 0.25367466 0.35218227 2.32338872
v 0.19541571 0.38784441 2.32338872
v 0.13232072 0.41401523 2.32338872
v 0.06589312 0.42992848 2.32338872
v -0.00220082 0.43532073 2.32338872
v -0.0702948 0.42992848 2.32338872
v -0.13672242 0.4140152 2.32338872
v -0.19981724 0.38784435 2.32338872
v -0.25807604 0.35218218 2.32338872
v -0.30999556 0.30779478 2.32338872
v -0.35438287 0.25587523 2.32338872
v -0.39004502 0.19761646 2.32338872
v -0.4162159 0.13452166 2.32338872
v -0.43212926 0.06809407 2.32338872
v -0.43752158 6E-08 2.32338872
v -0.43212926 -0.0680939 2.32338872
v -0.41621587 -0.1345215 2.32338872
v -0.39004499 -0.19761634 2.32338872
v -0.35438281 -0.25587523 2.32338872
v -0.30999553 -0.30779472 2.32338872
v -0.25807601 -0.35218206 2.32338872
v -0.19981724 -0.38784423 2.32338872
v -0.13672242 -0.41401505 2.32338872
v -0.07029481 -0.42992827 2.32338872
v -0.00220083 -0.4353205 2.32338872
v 0.06589311 -0.4299283 2.32338872
v 0.13232067 -0.41401505 2.32338872
v 0.19541551 -0.3878442 2.32338872
v 0.25367436 -0.352182 2.32338872
v 0.30559385 -0.30779466 2.32338872
v 0.34998116 -0.25587514 2.32338872
v 0.3856433 -0.19761631 2.32338872
v 0.41181412 -0.13452148 2.32338872
v 0.42772743 -0.06809387 2.32338872
v 0.43311974 1E-07 2.32338872
v 0.42772752 0.06809408 2.32338872
v 0.41181433 0.13452168 2.32338872
v 0.38564366 0.19761647 2.32338872
v 0.39655748 0.20317724 1.72275832
v 0.42346463 0.13830702 1.72275832
v 0.38368723 0.12538262 1.91897234
v 0.35929459 0.18419085 1.91897234
v 0.35989195 0.26307541 1.72275832
v 0.32605529 0.23849171 1.91897228
v 0.39517084 0.28870705 1.5749599
v 0.43540883 0.22297293 1.57495981
v 0.46493754 0.15178236 1.5749599
v 0.31425557 0.31645605 1.72275832
v 0.28468353 0.28688407 1.91897234
v 0.26087493 0.36209249 1.72275832
v 0.23629114 0.32825595 1.91897228
v 0.28650656 0.39737147 1.5749599
v 0.34508815 0.34728855 1.57495981
v 0.20097654 0.39875826 1.72275832
v 0.18199012 0.36149532 1.91897234
v 0.1361061 0.42566547 1.72275832
v 0.12318168 0.38588819 1.91897228
v 0.14958148 0.46713844 1.5749599
v 0.22077224 0.43760955 1.57495981
v 0.06780926 0.44202667 1.72275832
v 0.06126699 0.40072039 1.91897234
v -0.00220082 0.44757071 1.72275832
v -0.00220082 0.40574643 1.91897228
v -0.00220081 0.49117786 1.5749599
v 0.0746304 0.48509362 1.57495981
v -0.07221092 0.44202667 1.72275832
v -0.06566867 0.40072039 1.91897234
v -0.14050779 0.42566547 1.72275832
v -0.12758335 0.38588813 1.91897228
v -0.15398315 0.46713844 1.5749599
v -0.07903206 0.48509362 1.57495981
v -0.2053781 0.39875823 1.72275832
v -0.18639173 0.36149526 1.91897234
v -0.26527628 0.36209249 1.72275832
v -0.2406926 0.32825595 1.91897228
v -0.29090795 0.39737144 1.5749599
v -0.2251738 0.43760952 1.57495981
v -0.31865686 0.31645608 1.72275832
v -0.28908488 0.28688413 1.91897234
v -0.36429319 0.26307556 1.72275832
v -0.33045667 0.23849182 1.91897228
v -0.39957219 0.28870717 1.5749599
v -0.34948939 0.34728861 1.57495981
v -0.4009589 0.20317736 1.72275832
v -0.36369595 0.18419097 1.91897234
v -0.42786616 0.13830706 1.72275832
v -0.38808879 0.12538265 1.91897228
v -0.46933907 0.15178244 1.5749599
v -0.43981016 0.22297306 1.57495981
v -0.44422731 0.0700102 1.72275832
v -0.40292105 0.06346793 1.91897234
v -0.44977126 6E-08 1.72275832
v -0.407947 6E-08 1.91897228
v -0.4933784 6E-08 1.5749599
v -0.48729423 0.07683133 1.57495981
v -0.44422728 -0.07001003 1.72275832
v -0.40292105 -0.06346776 1.91897234
v -0.4278661 -0.13830689 1.72275832
v -0.38808879 -0.12538245 1.91897228
v -0.46933901 -0.15178223 1.5749599
v -0.4872942 -0.07683117 1.57495981
v -0.40095884 -0.20317732 1.72275832
v -0.36369592 -0.1841909 1.91897234
v -0.36429313 -0.26307562 1.72275832
v -0.33045655 -0.23849186 1.91897228
v -0.39957207 -0.28870732 1.5749599
v -0.43981013 -0.22297306 1.57495981
v -0.3186568 -0.31645611 1.72275832
v -0.28908485 -0.2868841 1.91897234
v -0.26527628 -0.36209241 1.72275832
v -0.24069257 -0.3282558 1.91897228
v -0.29090789 -0.39737132 1.5749599
v -0.3494893 -0.34728873 1.57495981
v -0.2053781 -0.39875805 1.72275832
v -0.18639173 -0.36149514 1.91897234
v -0.14050779 -0.42566538 1.72275832
v -0.12758335 -0.38588798 1.91897228
v -0.15398315 -0.46713829 1.5749599
v -0.22517377 -0.4376094 1.57495981
v -0.07221095 -0.44202644 1.72275832
v -0.06566869 -0.40072021 1.91897234
v -0.00220083 -0.44757053 1.72275832
v -0.00220083 -0.40574616 1.91897228
v -0.00220082 -0.49117759 1.5749599
v -0.07903206 -0.48509344 1.57495981
v 0.06780927 -0.44202644 1.72275832
v 0.06126699 -0.40072021 1.91897234
v 0.1361061 -0.42566532 1.72275832
v 0.12318168 -0.38588798 1.91897228
v 0.14958143 -0.46713826 1.5749599
v 0.0746304 -0.48509341 1.57495981
v 0.20097646 -0.39875802 1.72275832
v 0.18199006 -0.36149514 1.91897234
v 0.26087472 -0.36209232 1.72275832
v 0.23629099 -0.32825574 1.91897228
v 0.28650635 -0.39737126 1.5749599
v 0.22077216 -0.43760929 1.57495981
v 0.31425524 -0.31645605 1.72275832
v 0.28468323 -0.28688401 1.91897234
v 0.35989153 -0.26307553 1.72275832
v 0.32605496 -0.23849179 1.91897228
v 0.39517051 -0.28870717 1.5749599
v 0.3450878 -0.34728858 1.57495981
v 0.39655724 -0.20317724 1.72275832
v 0.3592943 -0.18419084 1.91897234
v 0.42346448 -0.13830684 1.72275832
v 0.38368717 -0.12538241 1.91897228
v 0.46493742 -0.15178216 1.5749599
v 0.43540853 -0.22297294 1.57495981
v 0.43982553 -0.07000989 1.72275832
v 0.39851931 -0.06346764 1.91897234
v 0.44536951 2.6E-07 1.72275832
v 0.40354523 2.4E-07 1.91897228
v 0.4889766 2.7E-07 1.5749599
v 0.48289245 -0.07683101 1.57495981
v 0.43982559 0.0700103 1.72275832
v 0.39851937 0.06346803 1.91897234
v 0.48289257 0.07683146 1.57495981
v 0.49897107 0.25535947 1.38853316
v 0.53278875 0.17382853 1.38853316
v 0.45288861 0.33064133 1.38853316
v 0.52089882 0.38005358 1.18401571
v 0.5738681 0.29352131 1.18401571
v 0.61273956 0.19980612 1.18401573
v 0.39553139 0.39773172 1.38853316
v 0.32844093 0.45508915 1.38853316
v 0.37785333 0.5230993 1.18401571
v 0.45496997 0.45717031 1.18401571
v 0.25315881 0.50117171 1.38853316
v 0.17162761 0.5349896 1.38853316
v 0.19760522 0.6149404 1.18401571
v 0.29132068 0.57606858 1.18401571
v 0.08579005 0.55555284 1.38853316
v -0.00220079 0.56252074 1.38853316
v -0.00220077 0.64658582 1.18401571
v 0.09893973 0.63857675 1.18401571
v -0.09019167 0.55555284 1.38853316
v -0.17602929 0.5349896 1.38853316
v -0.20200683 0.6149404 1.18401571
v -0.10334135 0.63857675 1.18401571
v -0.25756034 0.50117171 1.38853316
v -0.33284223 0.45508909 1.38853316
v -0.38225454 0.5230993 1.18401571
v -0.29572219 0.57606852 1.18401571
v -0.39993265 0.3977319 1.38853316
v -0.45728976 0.33064148 1.38853316
v -0.52529991 0.38005379 1.18401571
v -0.45937112 0.4571704 1.18401571
v -0.50337237 0.25535959 1.38853316
v -0.53719014 0.17382857 1.38853316
v -0.61714101 0.19980618 1.18401571
v -0.57826918 0.29352146 1.18401571
v -0.55775338 0.08799097 1.38853316
v -0.56472129 5E-08 1.38853316
v -0.64878643 4E-08 1.18401571
v -0.64077711 0.10114063 1.18401571
v -0.55775326 -0.08799081 1.38853316
v -0.53719014 -0.17382839 1.38853316
v -0.61714089 -0.19980602 1.18401571
v -0.64077711 -0.1011405 1.18401571
v -0.50337225 -0.25535959 1.38853316
v -0.4572897 -0.33064166 1.38853316
v -0.52529973 -0.380054 1.18401571
v -0.57826912 -0.29352146 1.18401571
v -0.3999325 -0.3977319 1.38853316
v -0.3328422 -0.45508903 1.38853316
v -0.38225451 -0.5230993 1.18401571
v -0.45937091 -0.45717046 1.18401571
v -0.25756031 -0.50117147 1.38853316
v -0.17602929 -0.53498948 1.38853316
v -0.20200683 -0.61494029 1.18401571
v -0.29572219 -0.57606846 1.18401571
v -0.09019169 -0.5555526 1.38853316
v -0.00220081 -0.56252056 1.38853316
v -0.00220079 -0.6465857 1.18401571
v -0.10334136 -0.63857651 1.18401571
v 0.08579005 -0.5555526 1.38853316
v 0.17162763 -0.53498942 1.38853316
v 0.19760524 -0.61494023 1.18401571
v 0.09893975 -0.63857651 1.18401571
v 0.25315872 -0.50117147 1.38853316
v 0.32844073 -0.45508897 1.38853316
v 0.3778531 -0.52309906 1.18401571
v 0.29132062 -0.5760684 1.18401571
v 0.39553103 -0.39773181 1.38853316
v 0.45288819 -0.33064157 1.38853316
v 0.52089846 -0.38005382 1.18401571
v 0.45496958 -0.45717034 1.18401571
v 0.49897069 -0.2553595 1.38853316
v 0.53278863 -0.17382836 1.38853316
v 0.61273944 -0.19980597 1.18401571
v 0.57386756 -0.29352137 1.18401571
v 0.55335158 -0.08799063 1.38853316
v 0.56031948 2.9E-07 1.38853316
v 0.64438462 3.2E-07 1.18401571
v 0.63637543 -0.1011403 1.18401571
v 0.55335164 0.08799109 1.38853316
v 0.63637543 0.10114078 1.18401571
v 0.704445 0.36005351 0.85175308
v 0.75212771 0.245096 0.85175308
v 0.63946921 0.46619999 0.85175308
v 0.75665003 0.55133659 0.57259431
v 0.83349156 0.42580581 0.57259431
v 0.88988197 0.28985497 0.57259431
v 0.55859637 0.56079656 0.85175308
v 0.46399975 0.64166963 0.85175308
v 0.54913652 0.75885034 0.57259431
v 0.66100824 0.66320848 0.57259431
v 0.35785294 0.70664537 0.85175308
v 0.24289507 0.75432855 0.85175308
v 0.28765413 0.89208269 0.57259431
v 0.4236055 0.83569175 0.57259431
v 0.12186522 0.7833221 0.85175308
v -0.00220074 0.79314667 0.85175308
v -0.0022007 0.93798971 0.57259431
v 0.14452198 0.9263714 0.57259431
v -0.12626675 0.7833221 0.85175308
v -0.24729659 0.75432855 0.85175308
v -0.29205558 0.89208269 0.57259431
v -0.14892343 0.9263714 0.57259431
v -0.36225438 0.70664537 0.85175308
v -0.46840096 0.64166963 0.85175308
v -0.55353761 0.75885028 0.57259431
v -0.42800665 0.83569169 0.57259431
v -0.5629974 0.56079668 0.85175308
v -0.64387012 0.4662002 0.85175308
v -0.7610507 0.55133688 0.57259431
v -0.66540927 0.66320848 0.57259431
v -0.70884597 0.36005366 0.85175308
v -0.75652909 0.24509604 0.85175308
v -0.89428318 0.28985506 0.57259431
v -0.83789229 0.42580619 0.57259431
v -0.78552252 0.12406606 0.85175308
v -0.79534727 3E-08 0.85175308
v -0.94019037 2E-08 0.57259431
v -0.92857158 0.14672278 0.57259431
v -0.78552252 -0.12406592 0.85175308
v -0.75652903 -0.24509586 0.85175308
v -0.89428324 -0.28985488 0.57259431
v -0.92857158 -0.14672264 0.57259431
v -0.70884591 -0.36005372 0.85175308
v -0.64387 -0.46620047 0.85175308
v -0.76105058 -0.55133724 0.57259431
v -0.83789223 -0.42580628 0.57259431
v -0.56299734 -0.56079674 0.85175308
v -0.46840093 -0.64166957 0.85175308
v -0.55353761 -0.75885034 0.57259431
v -0.66540921 -0.66320866 0.57259431
v -0.36225438 -0.70664525 0.85175308
v -0.24729659 -0.75432843 0.85175308
v -0.29205558 -0.89208263 0.57259431
v -0.42800665 -0.83569163 0.57259431
v -0.12626676 -0.78332198 0.85175308
v -0.00220077 -0.79314649 0.85175308
v -0.00220073 -0.93798959 0.57259431
v -0.14892346 -0.92637122 0.57259431
v 0.12186515 -0.78332186 0.85175308
v 0.24289507 -0.75432843 0.85175308
v 0.2876541 -0.89208245 0.57259431
v 0.14452198 -0.92637122 0.57259431
v 0.35785285 -0.70664513 0.85175308
v 0.46399951 -0.64166951 0.85175308
v 0.54913622 -0.75885022 0.57259431
v 0.42360538 -0.83569157 0.57259431
v 0.55859584 -0.56079662 0.85175308
v 0.63946879 -0.46620035 0.85175308
v 0.75664949 -0.55133712 0.57259431
v 0.66100776 -0.66320848 0.57259431
v 0.70444441 -0.36005366 0.85175308
v 0.75212753 -0.24509579 0.85175308
v 0.88988173 -0.28985482 0.57259431
v 0.83349079 -0.42580622 0.57259431
v 0.78112084 -0.12406571 0.85175308
v 0.79094553 3.7E-07 0.85175308
v 0.93578857 4.3E-07 0.57259431
v 0.92416996 -0.14672235 0.57259431
v 0.78112084 0.12406626 0.85175308
v 0.92417037 0.14672305 0.57259431
v 0.90379691 0.46162817 0.40552136
v 0.96493173 0.31424001 0.40552136
v 0.82049096 0.59771967 0.40552136
v 0.77299917 0.56321496 0.28888431
v 0.87242603 0.44564384 0.28846851
v 0.90910125 0.29609972 0.28888419
v 0.71680284 0.71900266 0.40552136
v 0.59551954 0.82269084 0.40552136
v 0.56101501 0.77519929 0.28888431
v 0.69190705 0.69410676 0.28846851
v 0.45942786 0.90599728 0.40552136
v 0.3120392 0.96713245 0.40552136
v 0.29389891 0.91130209 0.28888431
v 0.44344354 0.87462652 0.28846851
v 0.15686548 1.00430536 0.40552136
v -0.00220069 1.01690149 0.40552136
v -0.00220069 0.95819843 0.28888431
v 0.15135765 0.96953005 0.28846851
v -0.16126694 1.00430536 0.40552136
v -0.31644058 0.96713245 0.40552136
v -0.29830045 0.91130209 0.28888431
v -0.1557591 0.96953005 0.28846851
v -0.4638291 0.90599722 0.40552136
v -0.59992069 0.82269073 0.40552136
v -0.56541598 0.77519935 0.28888431
v -0.44784483 0.87462652 0.28846851
v -0.7212038 0.71900302 0.40552136
v -0.82489145 0.59771991 0.40552136
v -0.77740002 0.56321526 0.28888431
v -0.69630772 0.694107 0.28846851
v -0.90819776 0.46162838 0.40552136
v -0.96933293 0.31424007 0.40552136
v -0.91350245 0.29609978 0.28888431
v -0.87682706 0.44564414 0.28846851
v -1.00650573 0.15906629 0.40552136
v -1.0191021 -0 0.40552136
v -0.96039885 -0 0.28888431
v -0.97173047 0.15355845 0.28846851
v -1.00650573 -0.15906617 0.40552136
v -0.96933293 -0.31423992 0.40552136
v -0.9135024 -0.29609966 0.28888431
v -0.97173047 -0.15355836 0.28846851
v -0.9081977 -0.46162862 0.40552136
v -0.82489133 -0.59772021 0.40552136
v -0.7773999 -0.56321561 0.28888431
v -0.87682694 -0.44564432 0.28846851
v -0.72120339 -0.71900326 0.40552136
v -0.59992057 -0.82269108 0.40552136
v -0.56541586 -0.77519941 0.28888431
v -0.69630754 -0.69410729 0.28846851
v -0.46382904 -0.90599716 0.40552136
v -0.31644055 -0.96713233 0.40552136
v -0.29830042 -0.91130191 0.28888431
v -0.44784474 -0.8746264 0.28846851
v -0.16126697 -1.00430524 0.40552136
v -0.00220072 -1.01690137 0.40552136
v -0.00220072 -0.95819819 0.28888431
v -0.15575913 -0.96952993 0.28846851
v 0.15686545 -1.00430512 0.40552136
v 0.31203914 -0.96713233 0.40552136
v 0.29389894 -0.91130191 0.28888431
v 0.15135765 -0.96952987 0.28846851
v 0.45942777 -0.90599704 0.40552136
v 0.59551924 -0.82269084 0.40552136
v 0.56101459 -0.77519917 0.28888431
v 0.44344339 -0.87462628 0.28846851
v 0.71680236 -0.71900308 0.40552136
v 0.82049024 -0.59772009 0.40552136
v 0.77299857 -0.56321543 0.28888431
v 0.69190633 -0.694107 0.28846851
v 0.90379632 -0.4616285 0.40552136
v 0.96493149 -0.31423983 0.40552136
v 0.90910101 -0.29609954 0.28888431
v 0.87242556 -0.44564414 0.28846851
v 1.00210416 -0.15906593 0.40552136
v 1.01470041 4.4E-07 0.40552136
v 0.95599711 4.1E-07 0.28888431
v 0.96732891 -0.15355811 0.28846851
v 1.00210428 0.15906662 0.40552136
v 0.96732903 0.15355872 0.28846851
v 0.48641616 0.24896231 0.30119935
v 0.45338058 0.14802724 0.30243042
v 0.38534003 0.28156438 0.30243042
v -0.00220066 0 0.3098171
v 0.38556778 0.387768 0.30119935
v 0.27936405 0.3875404 0.30243042
v 0.24676184 0.48861665 0.30119935
v 0.1458265 0.45558131 0.30243042
v 0.08358587 0.54163545 0.30119935
v -0.00220069 0.47902608 0.30243042
v -0.08798729 0.54163545 0.30119935
v -0.1502279 0.45558131 0.30243042
v -0.25116313 0.48861662 0.30119935
v -0.2837652 0.3875404 0.30243042
v -0.38996881 0.38776809 0.30119935
v -0.38974106 0.28156447 0.30243042
v -0.49081722 0.24896246 0.30119935
v -0.45778185 0.14802727 0.30243042
v -0.54383594 0.08578663 0.30119935
v -0.48122662 1E-08 0.30243042
v -0.54383594 -0.08578656 0.30119935
v -0.45778185 -0.1480272 0.30243042
v -0.49081716 -0.24896254 0.30119935
v -0.389741 -0.28156471 0.30243042
v -0.38996872 -0.38776827 0.30119935
v -0.28376517 -0.38754046 0.30243042
v -0.25116313 -0.48861662 0.30119935
v -0.15022789 -0.45558125 0.30243042
v -0.0879873 -0.54163533 0.30119935
v -0.0022007 -0.47902596 0.30243042
v 0.08358587 -0.54163533 0.30119935
v 0.14582649 -0.45558119 0.30243042
v 0.24676174 -0.48861653 0.30119935
v 0.27936387 -0.38754031 0.30243042
v 0.38556743 -0.38776812 0.30119935
v 0.38533968 -0.28156459 0.30243042
v 0.48641583 -0.24896246 0.30119935
v 0.45338044 -0.14802714 0.30243042
v 0.53943443 -0.0857864 0.30119935
v 0.47682503 2.1E-07 0.30243042
v 0.53943449 0.08578676 0.30119935
v 0.34852287 0.17870238 2.95141747
v 0.36222607 0.18568447 2.9692004
v 0.32871726 0.24042569 2.96920028
v 0.31627405 0.2313852 2.95141747
v 0.33677778 0.17271799 2.79260757
v 0.3056089 0.22363657 2.79260757
v 0.35965106 0.11757278 2.79260757
v 0.37218875 0.12164646 2.95141747
v 0.38681659 0.12639928 2.96920028
v 0.27613503 0.27833557 2.95141747
v 0.26681408 0.26901463 2.79260757
v 0.28700995 0.28921044 2.9692004
v 0.23822518 0.33091778 2.9692004
v 0.22918464 0.31847459 2.95141771
v 0.22143599 0.30780953 2.79260781
v 0.38657886 0.06157679 2.95141747
v 0.40176898 0.06398264 2.9692004
v 0.37355933 0.05951473 2.79260757
v 0.37827221 2.3E-07 2.79260757
v 0.39145502 2.2E-07 2.95141747
v 0.40683559 2.2E-07 2.96920028
v 0.17650165 0.35072353 2.95141759
v 0.17051725 0.3389785 2.79260757
v 0.18348378 0.3644267 2.96920088
v 0.12419842 0.38901737 2.96920052
v 0.11944555 0.37438956 2.95141771
v 0.11537186 0.36185199 2.79260769
v 0.05937579 0.38877988 2.95141747
v 0.0573137 0.37576035 2.79260757
v 0.06178165 0.40396994 2.96920052
v -0.00220083 0.40903679 2.9692004
v -0.00220083 0.39365608 2.95141747
v -0.00220083 0.38047335 2.79260769
v -0.06377746 0.38877991 2.95141747
v -0.0617154 0.37576035 2.79260757
v -0.06618332 0.40397 2.9692004
v -0.12860008 0.38901752 2.96920028
v -0.12384723 0.37438962 2.95141747
v -0.11977354 0.36185202 2.79260769
v -0.18090326 0.35072359 2.95141747
v -0.17491885 0.33897847 2.79260757
v -0.18788534 0.36442679 2.9692004
v -0.24262661 0.33091784 2.96920028
v -0.23358609 0.31847465 2.95141747
v -0.22583744 0.30780953 2.79260769
v -0.28053641 0.27833566 2.95141747
v -0.27121547 0.26901472 2.79260757
v -0.29141131 0.28921062 2.9692004
v -0.33311853 0.24042591 2.96920028
v -0.32067534 0.23138538 2.95141747
v -0.31001025 0.22363669 2.79260769
v -0.35292429 0.17870256 2.95141747
v -0.34117919 0.17271811 2.79260757
v -0.36662745 0.18568468 2.9692004
v -0.39121816 0.12639943 2.96920028
v -0.37659031 0.12164654 2.95141747
v -0.36405268 0.11757283 2.79260769
v -0.39098057 0.06157675 2.95141747
v -0.37796107 0.05951466 2.79260757
v -0.40617067 0.06398263 2.9692004
v -0.41123739 8E-08 2.96920028
v -0.39585674 7E-08 2.95141747
v -0.38267392 7E-08 2.79260769
v -0.39098057 -0.06157655 2.95141747
v -0.37796104 -0.05951447 2.79260757
v -0.40617067 -0.0639824 2.9692004
v -0.39121816 -0.12639916 2.96920028
v -0.37659028 -0.12164632 2.95141747
v -0.36405262 -0.11757262 2.79260769
v -0.35292426 -0.17870241 2.95141747
v -0.34117916 -0.17271802 2.79260757
v -0.36662745 -0.18568453 2.9692004
v -0.33311853 -0.24042584 2.96920028
v -0.32067534 -0.23138537 2.95141747
v -0.31001019 -0.22363667 2.79260769
v -0.28053635 -0.2783356 2.95141747
v -0.27121544 -0.26901466 2.79260757
v -0.29141131 -0.2892105 2.9692004
v -0.24262659 -0.33091769 2.96920028
v -0.23358609 -0.31847456 2.95141747
v -0.22583741 -0.30780938 2.79260769
v -0.18090326 -0.35072345 2.95141747
v -0.17491885 -0.33897835 2.79260757
v -0.18788537 -0.36442664 2.9692004
v -0.12860011 -0.38901734 2.96920028
v -0.12384725 -0.37438944 2.95141747
v -0.11977354 -0.36185184 2.79260769
v -0.06377749 -0.38877973 2.95141747
v -0.06171541 -0.37576017 2.79260757
v -0.06618335 -0.40396985 2.9692004
v -0.00220084 -0.40903655 2.96920028
v -0.00220084 -0.3936559 2.95141747
v -0.00220084 -0.38047305 2.79260769
v 0.05937579 -0.38877967 2.95141747
v 0.05731371 -0.37576017 2.79260757
v 0.06178165 -0.40396982 2.9692004
v 0.12419841 -0.38901731 2.96920028
v 0.11944555 -0.37438941 2.95141747
v 0.11537185 -0.36185178 2.79260769
v 0.17650159 -0.35072342 2.95141747
v 0.17051718 -0.33897832 2.79260757
v 0.18348369 -0.36442658 2.9692004
v 0.23822498 -0.33091769 2.96920028
v 0.22918446 -0.31847447 2.95141747
v 0.22143579 -0.30780932 2.79260769
v 0.27613476 -0.27833557 2.95141747
v 0.26681381 -0.2690146 2.79260757
v 0.28700966 -0.28921044 2.9692004
v 0.3287169 -0.24042578 2.96920028
v 0.31627372 -0.23138529 2.95141747
v 0.3056086 -0.22363661 2.79260769
v 0.34852266 -0.17870237 2.95141747
v 0.33677754 -0.17271796 2.79260757
v 0.36222583 -0.18568446 2.9692004
v 0.38681653 -0.12639908 2.96920028
v 0.37218863 -0.12164626 2.95141747
v 0.359651 -0.11757258 2.79260769
v 0.38657883 -0.06157643 2.95141747
v 0.3735593 -0.05951436 2.79260757
v 0.40176892 -0.06398227 2.9692004
v 0.33286273 0.1707232 2.36202386
v 0.35547188 0.11621489 2.3620241
v 0.30205387 0.22105369 2.3620241
v 0.2637071 0.26590768 2.36202386
v 0.21885309 0.30425447 2.3620241
v 0.16852245 0.33506352 2.36202386
v 0.11401394 0.35767278 2.3620241
v 0.05662635 0.37142056 2.36202386
v -0.00220083 0.37607899 2.3620241
v -0.06102803 0.37142056 2.36202386
v -0.11841565 0.35767278 2.3620241
v -0.17292404 0.33506346 2.36202386
v -0.22325453 0.30425447 2.3620241
v -0.26810849 0.2659077 2.36202386
v -0.30645519 0.22105379 2.3620241
v -0.33726418 0.17072329 2.36202386
v -0.35987347 0.11621491 2.3620241
v -0.37362123 0.05882729 2.36202386
v -0.37827963 7E-08 2.3620241
v -0.3736212 -0.05882711 2.36202386
v -0.35987347 -0.11621474 2.3620241
v -0.33726412 -0.17072321 2.36202386
v -0.30645514 -0.22105381 2.3620241
v -0.26810843 -0.26590768 2.36202386
v -0.22325452 -0.30425435 2.3620241
v -0.17292404 -0.33506331 2.36202386
v -0.11841565 -0.35767263 2.3620241
v -0.06102804 -0.37142032 2.36202386
v -0.00220084 -0.37607881 2.3620241
v 0.05662635 -0.37142032 2.36202386
v 0.11401394 -0.35767257 2.3620241
v 0.16852237 -0.33506328 2.36202386
v 0.21885291 -0.30425432 2.3620241
v 0.2637068 -0.26590762 2.36202386
v 0.30205351 -0.22105373 2.3620241
v 0.3328625 -0.17072317 2.36202386
v 0.35547176 -0.11621469 2.3620241
v 0.36921945 -0.058827 2.36202386
v 0.37387788 2.3E-07 2.3620241
v 0.36921948 0.05882738 2.36202386
v 0.38828534 0.19896226 2.9723523
v 0.39528304 0.20252773 2.95730021
v 0.35873464 0.26223454 2.95730021
v 0.35238034 0.25761789 2.9723523
v 0.37999913 0.19474022 2.97679654
v 0.34485608 0.25215122 2.97679666
v 0.40578893 0.1325637 2.97679654
v 0.41463426 0.13543771 2.9723523
v 0.42210412 0.13786481 2.95730021
v 0.30769074 0.30989116 2.97235253
v 0.30111474 0.30331519 2.97679666
v 0.3132441 0.31544453 2.95730045
v 0.26003411 0.36093512 2.95730045
v 0.2554175 0.35458094 2.97235253
v 0.24995077 0.34705663 2.97679689
v 0.43065584 0.06855781 2.9723523
v 0.43841282 0.06978639 2.95730021
v 0.42147055 0.06710302 2.97679654
v 0.42678431 2E-07 2.97679654
v 0.43608481 2E-07 2.9723523
v 0.44393909 2E-07 2.95730021
v 0.19676167 0.390486 2.97235277
v 0.19253963 0.38219976 2.97679689
v 0.20032716 0.39748371 2.95730069
v 0.13566403 0.42430496 2.95730045
v 0.13323693 0.4168351 2.97235265
v 0.13036293 0.40798977 2.97679713
v 0.06635688 0.43285686 2.97235253
v 0.06490207 0.42367151 2.97679666
v 0.06758547 0.44061387 2.95730057
v -0.00220079 0.44614023 2.95730021
v -0.00220081 0.43828589 2.97235241
v -0.00220082 0.42898542 2.97679666
v -0.0707585 0.43285692 2.9723523
v -0.06930371 0.42367157 2.97679654
v -0.07198707 0.44061387 2.95730021
v -0.1400656 0.42430505 2.95730021
v -0.13763851 0.41683516 2.9723523
v -0.13476452 0.40798983 2.97679666
v -0.20116314 0.39048603 2.9723523
v -0.19694112 0.38219982 2.97679654
v -0.20472862 0.39748371 2.95730021
v -0.26443544 0.36093521 2.95730021
v -0.25981882 0.35458097 2.9723523
v -0.25435215 0.34705672 2.97679666
v -0.31209201 0.30989131 2.9723523
v -0.30551606 0.30331537 2.97679654
v -0.31764537 0.31544471 2.95730021
v -0.36313584 0.26223481 2.95730021
v -0.3567816 0.25761819 2.9723523
v -0.34925729 0.25215146 2.97679666
v -0.39268667 0.19896254 2.9723523
v -0.38440046 0.1947405 2.97679654
v -0.39968434 0.202528 2.95730021
v -0.42650566 0.13786501 2.95730021
v -0.41903576 0.13543792 2.9723523
v -0.41019043 0.1325639 2.97679666
v -0.43505752 0.06855785 2.9723523
v -0.42587218 0.06710304 2.97679654
v -0.44281447 0.06978642 2.95730021
v -0.4483408 7E-08 2.95730021
v -0.44048655 8E-08 2.9723523
v -0.43118602 8E-08 2.97679666
v -0.43505755 -0.06855762 2.9723523
v -0.42587221 -0.06710281 2.97679654
v -0.44281447 -0.06978621 2.95730021
v -0.42650568 -0.13786472 2.95730021
v -0.41903576 -0.13543764 2.9723523
v -0.41019046 -0.13256362 2.97679666
v -0.39268669 -0.19896233 2.9723523
v -0.38440049 -0.19474033 2.97679654
v -0.39968437 -0.20252782 2.95730021
v -0.36313584 -0.26223475 2.95730021
v -0.35678166 -0.25761807 2.9723523
v -0.34925735 -0.25215137 2.97679666
v -0.31209201 -0.30989122 2.9723523
v -0.30551609 -0.30331528 2.97679654
v -0.31764537 -0.31544465 2.95730021
v -0.26443547 -0.36093506 2.95730033
v -0.25981885 -0.35458082 2.9723523
v -0.25435212 -0.34705651 2.97679666
v -0.20116317 -0.39048588 2.9723523
v -0.19694115 -0.3821997 2.97679654
v -0.20472865 -0.39748353 2.95730021
v -0.14006567 -0.42430484 2.95730021
v -0.13763855 -0.41683498 2.9723523
v -0.13476455 -0.40798968 2.97679666
v -0.07075855 -0.43285674 2.9723523
v -0.06930374 -0.42367139 2.97679654
v -0.07198712 -0.44061369 2.95730021
v -0.00220084 -0.44613999 2.95730021
v -0.00220084 -0.43828577 2.9723523
v -0.00220084 -0.42898518 2.97679666
v 0.06635685 -0.43285668 2.9723523
v 0.06490205 -0.42367139 2.97679654
v 0.06758544 -0.44061366 2.95730021
v 0.13566396 -0.42430481 2.95730021
v 0.13323687 -0.41683495 2.9723523
v 0.13036285 -0.40798962 2.97679666
v 0.19676149 -0.39048585 2.9723523
v 0.19253947 -0.38219965 2.97679654
v 0.20032701 -0.3974835 2.95730021
v 0.26003382 -0.36093506 2.95730021
v 0.2554172 -0.35458076 2.9723523
v 0.2499505 -0.34705651 2.97679666
v 0.30769038 -0.30989122 2.9723523
v 0.30111444 -0.30331522 2.97679654
v 0.31324375 -0.31544459 2.95730021
v 0.35873425 -0.26223469 2.95730021
v 0.35238004 -0.25761804 2.9723523
v 0.34485576 -0.25215131 2.97679666
v 0.38828513 -0.19896227 2.9723523
v 0.37999895 -0.19474024 2.97679654
v 0.39528275 -0.20252778 2.95730021
v 0.42210403 -0.13786463 2.95730021
v 0.41463417 -0.13543752 2.9723523
v 0.40578887 -0.1325635 2.97679666
v 0.43065584 -0.06855747 2.9723523
v 0.42147055 -0.06710266 2.97679654
v 0.43841279 -0.06978606 2.95730021
v 0.39940113 0.20462605 2.92557052
v 0.42650008 0.13929321 2.92557052
v 0.36247408 0.26495138 2.92557052
v 0.31651232 0.31871271 2.92557064
v 0.26275104 0.36467463 2.92557076
v 0.20242542 0.40160182 2.92557076
v 0.13709235 0.42870098 2.92557076
v 0.06830849 0.44517884 2.92557064
v -0.00220077 0.45076239 2.92557052
v -0.07271007 0.44517887 2.9255704
v -0.14149393 0.42870101 2.92557028
v -0.2068269 0.40160185 2.9255704
v -0.26715231 0.36467463 2.92557052
v -0.32091352 0.31871283 2.92557052
v -0.36687535 0.26495165 2.92557052
v -0.40380248 0.20462626 2.92557052
v -0.43090159 0.13929333 2.92557052
v -0.44737947 0.0705094 2.92557052
v -0.45296302 4E-08 2.92557052
v -0.44737947 -0.07050925 2.92557052
v -0.43090159 -0.13929309 2.92557052
v -0.40380245 -0.20462613 2.9255704
v -0.36687532 -0.26495162 2.92557028
v -0.32091349 -0.31871274 2.92557052
v -0.26715231 -0.36467451 2.92557076
v -0.2068269 -0.40160164 2.92557064
v -0.14149398 -0.42870086 2.92557052
v -0.07271013 -0.44517863 2.92557052
v -0.00220084 -0.45076215 2.92557052
v 0.06830846 -0.4451786 2.92557052
v 0.13709232 -0.4287008 2.92557052
v 0.20242529 -0.40160161 2.92557052
v 0.26275069 -0.36467451 2.92557052
v 0.31651187 -0.3187128 2.92557052
v 0.3624737 -0.26495165 2.92557052
v 0.39940083 -0.20462611 2.92557052
v 0.42649999 -0.13929302 2.92557052
v 0.44297776 -0.0705091 2.92557052
v 0.44856131 2E-07 2.92557052
v 0.44297776 0.07050944 2.92557052
v 0.37201545 0.19067237 2.97670296
v 0.33760643 0.24688406 2.97670296
v 0.39726651 0.12979464 2.97670296
v 0.29477885 0.29697931 2.9767032
v 0.24468358 0.339807 2.9767032
v 0.18847172 0.37421608 2.97670331
v 0.1275938 0.39946732 2.97670331
v 0.06350037 0.41482154 2.97670308
v -0.00220082 0.42002439 2.97670308
v -0.06790202 0.41482162 2.97670296
v -0.13199542 0.39946741 2.97670296
v -0.19287325 0.37421617 2.97670296
v -0.24908499 0.33980709 2.97670296
v -0.29918015 0.29697946 2.97670296
v -0.34200776 0.24688432 2.97670296
v -0.3764168 0.19067262 2.97670296
v -0.40166807 0.12979481 2.97670296
v -0.41702223 0.06570135 2.97670296
v -0.42222506 8E-08 2.97670296
v -0.41702226 -0.06570113 2.97670296
v -0.40166807 -0.12979454 2.97670296
v -0.37641683 -0.19067243 2.97670296
v -0.34200779 -0.24688426 2.97670296
v -0.29918015 -0.2969794 2.97670296
v -0.24908499 -0.339807 2.97670296
v -0.19287328 -0.37421599 2.97670296
v -0.13199547 -0.39946723 2.97670296
v -0.06790206 -0.41482139 2.97670296
v -0.00220084 -0.42002425 2.97670296
v 0.06350036 -0.41482139 2.97670296
v 0.12759377 -0.3994672 2.97670296
v 0.18847159 -0.37421596 2.97670296
v 0.24468336 -0.33980691 2.97670296
v 0.29477853 -0.29697937 2.97670296
v 0.33760616 -0.24688418 2.97670296
v 0.37201524 -0.19067237 2.97670296
v 0.39726645 -0.12979443 2.97670296
v 0.41262054 -0.06570098 2.97670296
v 0.41782331 2.1E-07 2.97670296
v 0.41262054 0.06570134 2.97670296
vn -0.05089 -0.99837 0.02593
vn -0.05426 -0.99837 0.01763
vn -0.05871 -0.99809 0.01908
vn -0.05447 -0.99813 0.02775
vn -0.04616 -0.99837 0.03353
vn -0.04994 -0.99809 0.03629
vn -0.05076 -0.99803 0.03688
vn -0.05591 -0.99803 0.02849
vn -0.05967 -0.99803 0.01939
vn -0.04039 -0.99837 0.04039
vn -0.04322 -0.99813 0.04322
vn -0.03353 -0.99837 0.04616
vn -0.03629 -0.99809 0.04994
vn -0.03688 -0.99803 0.05076
vn -0.04437 -0.99803 0.04437
vn -0.02593 -0.99837 0.05089
vn -0.02775 -0.99813 0.05447
vn -0.01763 -0.99837 0.05426
vn -0.01908 -0.99809 0.05871
vn -0.01939 -0.99803 0.05967
vn -0.02849 -0.99803 0.05591
vn -0.00894 -0.99837 0.05641
vn -0.00956 -0.99813 0.06038
vn 0 -0.99837 0.05705
vn 0 -0.99809 0.06173
vn 0 -0.99803 0.06274
vn -0.00982 -0.99803 0.06197
vn 0.00894 -0.99837 0.05641
vn 0.00956 -0.99813 0.06038
vn 0.01763 -0.99837 0.05426
vn 0.01908 -0.99809 0.05871
vn 0.01939 -0.99803 0.05967
vn 0.00982 -0.99803 0.06197
vn 0.02593 -0.99837 0.05089
vn 0.02775 -0.99813 0.05447
vn 0.03353 -0.99837 0.04616
vn 0.03629 -0.99809 0.04994
vn 0.03688 -0.99803 0.05076
vn 0.02849 -0.99803 0.05591
vn 0.04039 -0.99837 0.04039
vn 0.04322 -0.99813 0.04322
vn 0.04616 -0.99837 0.03353
vn 0.04994 -0.99809 0.03629
vn 0.05076 -0.99803 0.03688
vn 0.04437 -0.99803 0.04437
vn 0.05089 -0.99837 0.02593
vn 0.05447 -0.99813 0.02775
vn 0.05426 -0.99837 0.01763
vn 0.05871 -0.99809 0.01908
vn 0.05967 -0.99803 0.01939
vn 0.05591 -0.99803 0.02848
vn 0.05641 -0.99837 0.00893
vn 0.06038 -0.99813 0.00956
vn 0.05705 -0.99837 0
vn 0.06173 -0.99809 -0
vn 0.06274 -0.99803 0
vn 0.06197 -0.99803 0.00982
vn 0.05641 -0.99837 -0.00893
vn 0.06038 -0.99813 -0.00956
vn 0.05426 -0.99837 -0.01763
vn 0.05871 -0.99809 -0.01908
vn 0.05967 -0.99803 -0.01939
vn 0.06197 -0.99803 -0.00982
vn 0.05089 -0.99837 -0.02593
vn 0.05447 -0.99813 -0.02775
vn 0.04616 -0.99837 -0.03353
vn 0.04994 -0.99809 -0.03629
vn 0.05076 -0.99803 -0.03688
vn 0.05591 -0.99803 -0.02849
vn 0.04039 -0.99837 -0.04039
vn 0.04322 -0.99813 -0.04322
vn 0.03353 -0.99837 -0.04616
vn 0.03629 -0.99809 -0.04994
vn 0.03688 -0.99803 -0.05076
vn 0.04437 -0.99803 -0.04437
vn 0.02593 -0.99837 -0.05089
vn 0.02775 -0.99813 -0.05447
vn 0.01763 -0.99837 -0.05426
vn 0.01908 -0.99809 -0.05871
vn 0.01939 -0.99803 -0.05967
vn 0.02849 -0.99803 -0.05591
vn 0.00894 -0.99837 -0.05641
vn 0.00956 -0.99813 -0.06038
vn -0 -0.99837 -0.05705
vn -0 -0.99809 -0.06173
vn -0 -0.99803 -0.06274
vn 0.00982 -0.99803 -0.06197
vn -0.00894 -0.99837 -0.05641
vn -0.00956 -0.99813 -0.06038
vn -0.01763 -0.99837 -0.05426
vn -0.01908 -0.99809 -0.05871
vn -0.01939 -0.99803 -0.05967
vn -0.00982 -0.99803 -0.06197
vn -0.02593 -0.99837 -0.05089
vn -0.02775 -0.99813 -0.05447
vn -0.03353 -0.99837 -0.04616
vn -0.03629 -0.99809 -0.04994
vn -0.03688 -0.99803 -0.05076
vn -0.02849 -0.99803 -0.05591
vn -0.04039 -0.99837 -0.04039
vn -0.04322 -0.99813 -0.04322
vn -0.04616 -0.99837 -0.03353
vn -0.04994 -0.99809 -0.03629
vn -0.05076 -0.99803 -0.03688
vn -0.04437 -0.99803 -0.04437
vn -0.05089 -0.99837 -0.02593
vn -0.05447 -0.99813 -0.02775
vn -0.05426 -0.99837 -0.01763
vn -0.05871 -0.99809 -0.01908
vn -0.05967 -0.99803 -0.01939
vn -0.05591 -0.99803 -0.02849
vn -0.05641 -0.99837 -0.00893
vn -0.06038 -0.99813 -0.00956
vn -0.05705 -0.99837 0
vn -0.06173 -0.99809 0
vn -0.06274 -0.99803 -0
vn -0.06197 -0.99803 -0.00982
vn -0.05641 -0.99837 0.00893
vn -0.06038 -0.99813 0.00956
vn -0.06197 -0.99803 0.00982
vn -0.06099 -0.99765 0.03108
vn -0.0539 -0.99778 0.03916
vn -0.06336 -0.99778 0.02059
vn 0 -1 0
vn -0.0484 -0.99765 0.04841
vn -0.03916 -0.99778 0.0539
vn -0.03108 -0.99765 0.06099
vn -0.02059 -0.99778 0.06336
vn -0.01071 -0.99765 0.06761
vn 0 -0.99778 0.06662
vn 0.01071 -0.99765 0.06761
vn 0.02059 -0.99778 0.06336
vn 0.03108 -0.99765 0.06099
vn 0.03916 -0.99778 0.0539
vn 0.0484 -0.99765 0.0484
vn 0.0539 -0.99778 0.03916
vn 0.06099 -0.99765 0.03108
vn 0.06336 -0.99778 0.02059
vn 0.06761 -0.99765 0.01071
vn 0.06662 -0.99778 0
vn 0.06761 -0.99765 -0.01071
vn 0.06336 -0.99778 -0.02059
vn 0.06099 -0.99765 -0.03108
vn 0.0539 -0.99778 -0.03916
vn 0.0484 -0.99765 -0.0484
vn 0.03916 -0.99778 -0.0539
vn 0.03108 -0.99765 -0.06099
vn 0.02059 -0.99778 -0.06336
vn 0.01071 -0.99765 -0.06761
vn -0 -0.99778 -0.06662
vn -0.01071 -0.99765 -0.06761
vn -0.02059 -0.99778 -0.06336
vn -0.03108 -0.99765 -0.06099
vn -0.03916 -0.99778 -0.0539
vn -0.0484 -0.99765 -0.04841
vn -0.0539 -0.99778 -0.03916
vn -0.06099 -0.99765 -0.03108
vn -0.06336 -0.99778 -0.02059
vn -0.06761 -0.99765 -0.01071
vn -0.06662 -0.99778 0
vn -0.06761 -0.99765 0.01071
vn -0.04819 -0.99854 0.02455
vn -0.05142 -0.99854 0.01671
vn -0.04374 -0.99854 0.03178
vn 0.02666 -0.99946 -0.01937
vn 0.02932 -0.99946 -0.01494
vn 0.03134 -0.99946 -0.01018
vn -0.03824 -0.99854 0.03824
vn -0.03178 -0.99854 0.04374
vn 0.01937 -0.99946 -0.02666
vn 0.02327 -0.99946 -0.02327
vn -0.02455 -0.99854 0.04819
vn -0.01671 -0.99854 0.05142
vn 0.01018 -0.99946 -0.03134
vn 0.01494 -0.99946 -0.02932
vn -0.00846 -0.99854 0.05342
vn 0 -0.99854 0.05407
vn 0 -0.99946 -0.03296
vn 0.00515 -0.99946 -0.0325
vn 0.00846 -0.99854 0.05341
vn 0.01671 -0.99854 0.05142
vn -0.01018 -0.99946 -0.03134
vn -0.00515 -0.99946 -0.0325
vn 0.02455 -0.99854 0.04819
vn 0.03178 -0.99854 0.04374
vn -0.01937 -0.99946 -0.02666
vn -0.01494 -0.99946 -0.02932
vn 0.03824 -0.99854 0.03824
vn 0.04374 -0.99854 0.03178
vn -0.02666 -0.99946 -0.01937
vn -0.02327 -0.99946 -0.02327
vn 0.04819 -0.99854 0.02455
vn 0.05142 -0.99854 0.01671
vn -0.03134 -0.99946 -0.01018
vn -0.02932 -0.99946 -0.01494
vn 0.05342 -0.99854 0.00846
vn 0.05407 -0.99854 0
vn -0.03295 -0.99946 0
vn -0.0325 -0.99946 -0.00515
vn 0.05342 -0.99854 -0.00846
vn 0.05142 -0.99854 -0.01671
vn -0.03134 -0.99946 0.01018
vn -0.0325 -0.99946 0.00515
vn 0.04819 -0.99854 -0.02455
vn 0.04374 -0.99854 -0.03178
vn -0.02666 -0.99946 0.01937
vn -0.02932 -0.99946 0.01494
vn 0.03824 -0.99854 -0.03824
vn 0.03178 -0.99854 -0.04374
vn -0.01937 -0.99946 0.02666
vn -0.02327 -0.99946 0.02327
vn 0.02455 -0.99854 -0.04819
vn 0.01671 -0.99854 -0.05142
vn -0.01018 -0.99946 0.03134
vn -0.01494 -0.99946 0.02932
vn 0.00846 -0.99854 -0.05342
vn 0 -0.99854 -0.05407
vn 0 -0.99946 0.03295
vn -0.00515 -0.99946 0.0325
vn -0.00846 -0.99854 -0.05342
vn -0.01671 -0.99854 -0.05142
vn 0.01018 -0.99946 0.03134
vn 0.00515 -0.99946 0.0325
vn -0.02455 -0.99854 -0.04819
vn -0.03178 -0.99854 -0.04374
vn 0.01937 -0.99946 0.02666
vn 0.01494 -0.99946 0.02932
vn -0.03824 -0.99854 -0.03824
vn -0.04374 -0.99854 -0.03178
vn 0.02666 -0.99946 0.01937
vn 0.02327 -0.99946 0.02327
vn -0.04819 -0.99854 -0.02455
vn -0.05142 -0.99854 -0.01671
vn 0.03134 -0.99946 0.01018
vn 0.02932 -0.99946 0.01494
vn -0.05342 -0.99854 -0.00846
vn -0.05407 -0.99854 -0
vn 0.03295 -0.99946 0
vn 0.0325 -0.99946 0.00515
vn -0.05342 -0.99854 0.00846
vn 0.0325 -0.99946 -0.00515
vn 0.97477 0.16207 -0.15346
vn 0.94434 -0.29332 -0.14894
vn 0.90897 -0.29418 -0.29534
vn 0.93859 0.16152 -0.3049
vn 0.88993 0.43385 -0.14073
vn 0.85669 0.43405 -0.27872
vn 0.90105 0.43372 0.00233
vn 0.98625 0.16522 0.00394
vn 0.95755 -0.28826 0.00275
vn 0.29808 -0.95337 -0.04721
vn 0.2871 -0.95335 -0.09329
vn 0.57047 -0.81633 -0.09035
vn 0.54932 -0.81632 -0.17849
vn 0.57759 -0.81632 0
vn 0.30187 -0.95335 0
vn 0.75275 -0.64745 -0.11907
vn 0.72463 -0.64768 -0.23545
vn 0.76323 -0.64613 0.00066
vn 0.87937 0.1613 -0.44799
vn 0.80249 0.43411 -0.40934
vn 0.85157 -0.29421 -0.4339
vn 0.77322 -0.29418 -0.56178
vn 0.79848 0.16109 -0.58006
vn 0.72855 0.43416 -0.52983
vn 0.67886 -0.64769 -0.3459
vn 0.51463 -0.81633 -0.26222
vn 0.46728 -0.81633 -0.3395
vn 0.6164 -0.64768 -0.44784
vn 0.2689 -0.95337 -0.13701
vn 0.24422 -0.95335 -0.17744
vn 0.69793 0.16091 -0.69786
vn 0.63665 0.43424 -0.63727
vn 0.67581 -0.29421 -0.67581
vn 0.56178 -0.29418 -0.77322
vn 0.58022 0.16067 -0.79845
vn 0.52907 0.43433 -0.729
vn 0.53875 -0.64769 -0.53874
vn 0.40841 -0.81634 -0.40841
vn 0.3395 -0.81633 -0.46728
vn 0.44784 -0.64768 -0.6164
vn 0.2134 -0.95337 -0.2134
vn 0.17744 -0.95335 -0.24422
vn 0.44825 0.16026 -0.87943
vn 0.40845 0.43439 -0.80279
vn 0.4339 -0.29421 -0.85157
vn 0.29534 -0.29418 -0.90897
vn 0.30524 0.15963 -0.9388
vn 0.2777 0.43452 -0.85678
vn 0.3459 -0.64769 -0.67886
vn 0.26221 -0.81634 -0.51462
vn 0.17849 -0.81633 -0.54932
vn 0.23545 -0.64768 -0.72462
vn 0.13701 -0.95337 -0.2689
vn 0.09328 -0.95335 -0.2871
vn 0.15468 0.15884 -0.97511
vn 0.14011 0.43472 -0.8896
vn 0.14951 -0.29421 -0.94397
vn 0 -0.29418 -0.95575
vn 0.00025 0.15792 -0.98745
vn -0.00084 0.43501 -0.90042
vn 0.11919 -0.64769 -0.75252
vn 0.09035 -0.81634 -0.57047
vn -0 -0.81633 -0.57759
vn 0 -0.64768 -0.76192
vn 0.04721 -0.95337 -0.29808
vn 0 -0.95335 -0.30187
vn -0.15469 0.1572 -0.97538
vn -0.14181 0.43517 -0.88911
vn -0.14985 -0.29375 -0.94406
vn -0.29691 -0.29122 -0.90941
vn -0.30675 0.15801 -0.93858
vn -0.27964 0.43523 -0.85579
vn -0.11928 -0.64757 -0.75261
vn -0.09035 -0.81634 -0.57047
vn -0.17849 -0.81633 -0.54932
vn -0.23598 -0.64688 -0.72517
vn -0.04721 -0.95337 -0.29808
vn -0.09328 -0.95335 -0.2871
vn -0.45016 0.16105 -0.87831
vn -0.41019 0.43575 -0.80116
vn -0.4365 -0.28649 -0.85287
vn -0.56361 -0.28379 -0.77576
vn -0.57992 0.16299 -0.7982
vn -0.52937 0.43644 -0.72752
vn -0.34707 -0.64565 -0.6802
vn -0.26222 -0.81634 -0.51462
vn -0.3395 -0.81633 -0.46728
vn -0.4492 -0.64494 -0.61828
vn -0.13701 -0.95337 -0.2689
vn -0.17744 -0.95335 -0.24422
vn -0.69622 0.16093 -0.69956
vn -0.63579 0.4366 -0.63651
vn -0.67623 -0.28655 -0.67867
vn -0.77315 -0.29127 -0.56338
vn -0.79786 0.1576 -0.58188
vn -0.72758 0.43671 -0.52906
vn -0.53966 -0.64566 -0.54027
vn -0.40841 -0.81634 -0.40841
vn -0.46728 -0.81633 -0.3395
vn -0.61675 -0.64688 -0.44851
vn -0.2134 -0.95337 -0.2134
vn -0.24422 -0.95335 -0.17744
vn -0.8799 0.15631 -0.44871
vn -0.80142 0.43698 -0.40837
vn -0.85155 -0.29377 -0.43424
vn -0.90897 -0.29418 -0.29534
vn -0.93937 0.15662 -0.30505
vn -0.85543 0.43685 -0.27822
vn -0.67892 -0.64757 -0.34602
vn -0.51463 -0.81633 -0.26222
vn -0.54932 -0.81632 -0.17849
vn -0.72463 -0.64767 -0.23545
vn -0.2689 -0.95337 -0.13701
vn -0.2871 -0.95335 -0.09328
vn -0.97541 0.15743 -0.15426
vn -0.8886 0.43638 -0.14125
vn -0.94398 -0.29421 -0.14951
vn -0.95575 -0.29418 0
vn -0.9874 0.15825 0.00017
vn -0.90001 0.43586 -0.00044
vn -0.75252 -0.64769 -0.11919
vn -0.57047 -0.81633 -0.09035
vn -0.57759 -0.81632 0
vn -0.76192 -0.64767 0
vn -0.29808 -0.95337 -0.04721
vn -0.30187 -0.95335 -0
vn -0.97514 0.15879 0.15453
vn -0.88919 0.43542 0.14056
vn -0.94398 -0.29421 0.14951
vn -0.90897 -0.29418 0.29534
vn -0.93895 0.159 0.3051
vn -0.85633 0.43516 0.2781
vn -0.75252 -0.64769 0.11919
vn -0.57047 -0.81633 0.09035
vn -0.54932 -0.81632 0.17849
vn -0.72463 -0.64768 0.23545
vn -0.29808 -0.95337 0.04721
vn -0.2871 -0.95335 0.09328
vn -0.87969 0.15899 0.44819
vn -0.80228 0.43506 0.40875
vn -0.85157 -0.29421 0.4339
vn -0.77322 -0.29418 0.56178
vn -0.79879 0.1588 0.58027
vn -0.72836 0.4351 0.52932
vn -0.67886 -0.64769 0.3459
vn -0.51463 -0.81633 0.26222
vn -0.46728 -0.81633 0.3395
vn -0.6164 -0.64767 0.44784
vn -0.2689 -0.95337 0.13701
vn -0.24422 -0.95335 0.17744
vn -0.69824 0.15846 0.6981
vn -0.63644 0.4353 0.63675
vn -0.67581 -0.29421 0.67581
vn -0.56178 -0.29418 0.77322
vn -0.58051 0.15799 0.79878
vn -0.52892 0.43559 0.72836
vn -0.53875 -0.64769 0.53874
vn -0.40841 -0.81634 0.40841
vn -0.3395 -0.81633 0.46728
vn -0.44784 -0.64768 0.6164
vn -0.2134 -0.95337 0.2134
vn -0.17744 -0.95335 0.24422
vn -0.44843 0.15748 0.87984
vn -0.40848 0.43584 0.80199
vn -0.4339 -0.29421 0.85157
vn -0.29534 -0.29418 0.90897
vn -0.30521 0.15715 0.93923
vn -0.27808 0.43605 0.85588
vn -0.3459 -0.64769 0.67886
vn -0.26221 -0.81634 0.51462
vn -0.17849 -0.81633 0.54932
vn -0.23545 -0.64768 0.72462
vn -0.13701 -0.95337 0.2689
vn -0.09328 -0.95335 0.2871
vn -0.15366 0.15747 0.9755
vn -0.14062 0.43599 0.8889
vn -0.14894 -0.29333 0.94434
vn 0.0027 -0.2883 0.95754
vn 0.00359 0.16041 0.98704
vn 0.00154 0.43578 0.90005
vn -0.11906 -0.64744 0.75276
vn -0.09035 -0.81634 0.57047
vn -0 -0.81633 0.57759
vn 0.00068 -0.64607 0.76328
vn -0.04721 -0.95337 0.29808
vn -0 -0.95335 0.30187
vn 0.16043 0.1677 0.9727
vn 0.14403 0.43601 0.88834
vn 0.15494 -0.277 0.9483
vn 0.30281 -0.26242 0.91621
vn 0.31038 0.17695 0.934
vn 0.28171 0.43638 0.85452
vn 0.12096 -0.6431 0.75617
vn 0.09035 -0.81634 0.57047
vn 0.17849 -0.81633 0.54932
vn 0.23882 -0.6392 0.73102
vn 0.04721 -0.95337 0.29808
vn 0.09328 -0.95335 0.2871
vn 0.45123 0.18532 0.87295
vn 0.41168 0.43641 0.80004
vn 0.44341 -0.2489 0.86107
vn 0.57397 -0.23726 0.78375
vn 0.58107 0.19277 0.7907
vn 0.53161 0.43624 0.726
vn 0.35144 -0.63556 0.68742
vn 0.26222 -0.81634 0.51462
vn 0.3395 -0.81633 0.46728
vn 0.45609 -0.63236 0.62618
vn 0.13701 -0.95337 0.2689
vn 0.17744 -0.95335 0.24422
vn 0.69554 0.19947 0.69024
vn 0.63803 0.43631 0.63447
vn 0.69002 -0.22842 0.6868
vn 0.78675 -0.22755 0.5738
vn 0.79133 0.20176 0.57714
vn 0.72739 0.4362 0.52976
vn 0.54951 -0.63001 0.54874
vn 0.40841 -0.81634 0.40841
vn 0.46728 -0.81633 0.3395
vn 0.62804 -0.62992 0.45691
vn 0.2134 -0.95337 0.2134
vn 0.24422 -0.95335 0.17744
vn 0.87026 0.19576 0.45202
vn 0.79988 0.43527 0.4132
vn 0.8625 -0.23904 0.44603
vn 0.91677 -0.25801 0.3049
vn 0.93188 0.18441 0.3124
vn 0.85473 0.43442 0.2841
vn 0.68895 -0.6332 0.35273
vn 0.51463 -0.81633 0.26222
vn 0.54932 -0.81632 0.17849
vn 0.73159 -0.6383 0.23946
vn 0.2689 -0.95337 0.13701
vn 0.2871 -0.95335 0.09328
vn 0.97158 0.17313 0.1614
vn 0.88905 0.43398 0.14576
vn 0.94846 -0.27613 0.15551
vn 0.7562 -0.64304 0.12106
vn 0.57047 -0.81633 0.09035
vn 0.29808 -0.95337 0.04721
vn 0.75838 0.52368 -0.3881
vn 0.80991 0.52348 -0.26459
vn 0.68821 0.52389 -0.5019
vn 0.70338 0.49108 -0.51391
vn 0.77503 0.49142 -0.39729
vn 0.82747 0.49175 -0.27107
vn 0.60104 0.52409 -0.60339
vn 0.49892 0.52446 -0.68995
vn 0.50965 0.49069 -0.70674
vn 0.61419 0.49076 -0.618
vn 0.38432 0.52495 -0.75942
vn 0.26 0.52583 -0.80988
vn 0.26486 0.49096 -0.82994
vn 0.39229 0.49071 -0.77802
vn 0.12941 0.52701 -0.83995
vn -0.00392 0.52856 -0.84889
vn -0.00583 0.49206 -0.87054
vn 0.13099 0.49135 -0.86105
vn -0.13627 0.53008 -0.83693
vn -0.26442 0.53114 -0.80497
vn -0.27284 0.49386 -0.82562
vn -0.14158 0.49296 -0.85846
vn -0.38645 0.53154 -0.75374
vn -0.49953 0.53222 -0.68353
vn -0.5145 0.49513 -0.7001
vn -0.39805 0.49415 -0.7729
vn -0.59978 0.53361 -0.59627
vn -0.6845 0.53503 -0.49519
vn -0.7029 0.49957 -0.50632
vn -0.6171 0.49739 -0.60975
vn -0.75265 0.53537 -0.38326
vn -0.80329 0.53452 -0.2627
vn -0.82297 0.50009 -0.2695
vn -0.77186 0.50027 -0.39239
vn -0.8354 0.5328 -0.13503
vn -0.84735 0.53103 -0.00228
vn -0.86694 0.4984 -0.00327
vn -0.85521 0.49925 -0.13918
vn -0.83793 0.52973 0.13142
vn -0.8072 0.5291 0.26169
vn -0.82531 0.49746 0.26721
vn -0.85692 0.49779 0.13379
vn -0.75619 0.52888 0.38532
vn -0.68609 0.52915 0.49929
vn -0.70135 0.4973 0.51068
vn -0.77308 0.49723 0.39383
vn -0.59893 0.52975 0.60054
vn -0.49727 0.53059 0.68643
vn -0.50913 0.49725 0.70251
vn -0.61238 0.49738 0.61449
vn -0.3839 0.53128 0.75522
vn -0.26164 0.53172 0.80549
vn -0.26891 0.49596 0.82566
vn -0.39393 0.49662 0.77343
vn -0.1332 0.53168 0.8364
vn -0.00055 0.53118 0.84726
vn -0.00116 0.49471 0.86906
vn -0.13718 0.49531 0.85782
vn 0.13312 0.53013 0.8374
vn 0.26358 0.52895 0.80669
vn 0.2697 0.49202 0.82776
vn 0.13585 0.49354 0.85905
vn 0.38688 0.52757 0.7563
vn 0.50024 0.52567 0.68806
vn 0.51203 0.4891 0.70612
vn 0.39611 0.49053 0.77619
vn 0.60221 0.52289 0.60327
vn 0.68959 0.52028 0.50377
vn 0.70544 0.48569 0.5162
vn 0.61612 0.48705 0.61901
vn 0.75986 0.51922 0.39117
vn 0.81135 0.51991 0.26722
vn 0.82976 0.48748 0.27178
vn 0.77733 0.48592 0.39954
vn 0.84252 0.52129 0.1357
vn 0.85262 0.52254 0.00041
vn 0.87118 0.49096 -0.00086
vn 0.86122 0.48941 0.13703
vn 0.84161 0.52314 -0.13424
vn 0.8598 0.49162 -0.13804
vn 0.83106 0.36118 -0.42295
vn 0.82853 0.36917 -0.42102
vn 0.75224 0.36933 -0.54564
vn 0.75441 0.3621 -0.54749
vn 0.83419 0.35077 -0.42554
vn 0.7572 0.35187 -0.5503
vn 0.89054 0.34998 -0.29061
vn 0.88682 0.36052 -0.2891
vn 0.88369 0.36907 -0.28788
vn 0.80883 0.41791 -0.4137
vn 0.73429 0.41681 -0.53581
vn 0.82228 0.38494 -0.41914
vn 0.7466 0.38379 -0.54342
vn 0.87702 0.38581 -0.28633
vn 0.86306 0.41879 -0.28239
vn 0.82576 0.37657 -0.4199
vn 0.74979 0.3759 -0.54453
vn 0.88057 0.37708 -0.28705
vn 0.92085 0.36056 -0.14843
vn 0.91743 0.36927 -0.14817
vn 0.92495 0.34983 -0.14858
vn 0.93665 0.35026 -0.00166
vn 0.93249 0.36118 -0.00233
vn 0.92913 0.36974 -0.0028
vn 0.8965 0.41888 -0.14434
vn 0.91071 0.38603 -0.14693
vn 0.92256 0.38583 -0.00264
vn 0.90828 0.41837 -0.00191
vn 0.91421 0.37736 -0.14769
vn 0.926 0.3775 -0.00292
vn 0.65953 0.3627 -0.65838
vn 0.54887 0.36323 -0.75286
vn 0.5507 0.35409 -0.75588
vn 0.66202 0.3529 -0.6612
vn 0.65749 0.36905 -0.65689
vn 0.54715 0.36846 -0.75157
vn 0.65509 0.37483 -0.65602
vn 0.65208 0.38245 -0.65462
vn 0.54172 0.38103 -0.74924
vn 0.54475 0.37339 -0.75089
vn 0.64124 0.41574 -0.64496
vn 0.53236 0.41488 -0.73788
vn 0.42456 0.36395 -0.82903
vn 0.28975 0.36505 -0.88475
vn 0.2901 0.35716 -0.88785
vn 0.42557 0.3555 -0.83217
vn 0.42337 0.36768 -0.82799
vn 0.28905 0.36699 -0.88418
vn 0.42104 0.37152 -0.82747
vn 0.41797 0.3794 -0.82544
vn 0.28392 0.37766 -0.88134
vn 0.28694 0.36944 -0.88385
vn 0.41019 0.41403 -0.8126
vn 0.27769 0.41327 -0.86724
vn 0.14797 0.3663 -0.91866
vn 0.00187 0.36746 -0.93004
vn 0.00205 0.36025 -0.93285
vn 0.14801 0.35881 -0.9216
vn 0.14746 0.36639 -0.9187
vn 0.00114 0.36599 -0.93062
vn 0.14557 0.36732 -0.91863
vn 0.14284 0.37582 -0.91562
vn -0.00243 0.37421 -0.92734
vn -0.00047 0.36558 -0.93078
vn 0.13838 0.41243 -0.90042
vn -0.00452 0.41171 -0.9113
vn -0.14449 0.36813 -0.91848
vn -0.28598 0.3684 -0.88459
vn -0.28574 0.36143 -0.88754
vn -0.14417 0.36109 -0.92132
vn -0.14553 0.36567 -0.9193
vn -0.28759 0.36536 -0.88533
vn -0.14691 0.36436 -0.9196
vn -0.14792 0.37302 -0.91596
vn -0.29 0.37229 -0.88165
vn -0.28946 0.3635 -0.88548
vn -0.14709 0.41125 -0.89958
vn -0.2859 0.41118 -0.86556
vn -0.43153 0.36863 -0.82334
vn -0.58836 0.3682 -0.71991
vn -0.5902 0.35763 -0.72371
vn -0.43174 0.36111 -0.82656
vn -0.43162 0.36605 -0.82444
vn -0.58176 0.37087 -0.72389
vn -0.43045 0.36434 -0.82581
vn -0.42734 0.37294 -0.82359
vn -0.5569 0.37914 -0.73899
vn -0.5697 0.37257 -0.73255
vn -0.41857 0.41155 -0.80958
vn -0.54164 0.41416 -0.7315
vn -0.71293 0.36621 -0.59801
vn -0.78141 0.36603 -0.50539
vn -0.78883 0.34327 -0.50981
vn -0.71761 0.34944 -0.60244
vn -0.70049 0.38026 -0.60392
vn -0.7687 0.39043 -0.50663
vn -0.68169 0.3897 -0.61921
vn -0.66562 0.39194 -0.63508
vn -0.7478 0.40441 -0.52655
vn -0.75467 0.40669 -0.51486
vn -0.64862 0.4194 -0.63513
vn -0.73622 0.4245 -0.52705
vn -0.83162 0.36722 -0.4166
vn -0.88211 0.368 -0.29404
vn -0.89159 0.34183 -0.29703
vn -0.84066 0.34155 -0.42028
vn -0.82047 0.39565 -0.41266
vn -0.87125 0.39628 -0.28964
vn -0.81239 0.41439 -0.41023
vn -0.81382 0.41011 -0.4117
vn -0.86652 0.41074 -0.28361
vn -0.864 0.41489 -0.28526
vn -0.80661 0.42691 -0.40881
vn -0.8594 0.42753 -0.28044
vn -0.91748 0.36792 -0.15119
vn -0.92987 0.36785 -0.00451
vn -0.93967 0.34204 -0.00449
vn -0.92716 0.34194 -0.15316
vn -0.90628 0.39566 -0.14868
vn -0.9185 0.3954 -0.00433
vn -0.89836 0.41405 -0.14664
vn -0.90019 0.41034 -0.14585
vn -0.91202 0.41014 -0.00325
vn -0.91037 0.41377 -0.004
vn -0.8924 0.42756 -0.14427
vn -0.90403 0.42745 -0.00287
vn -0.91881 0.36798 0.14274
vn -0.88418 0.36817 0.28752
vn -0.89349 0.34242 0.29055
vn -0.9284 0.34223 0.14472
vn -0.90772 0.39527 0.14074
vn -0.87357 0.39543 0.28375
vn -0.89976 0.41346 0.1396
vn -0.90128 0.40983 0.14046
vn -0.86782 0.40981 0.28097
vn -0.86613 0.41355 0.28072
vn -0.89331 0.42722 0.13961
vn -0.86024 0.42712 0.2785
vn -0.82679 0.36804 0.4254
vn -0.74886 0.3678 0.5513
vn -0.75698 0.34164 0.55701
vn -0.83575 0.34219 0.42945
vn -0.81677 0.39589 0.41971
vn -0.73978 0.39666 0.54349
vn -0.81014 0.41436 0.4147
vn -0.81237 0.41032 0.41436
vn -0.73648 0.41129 0.53706
vn -0.73394 0.41575 0.53711
vn -0.80569 0.42716 0.41038
vn -0.73087 0.42744 0.5321
vn -0.66268 0.36709 0.65276
vn -0.58628 0.36586 0.72279
vn -0.59214 0.34259 0.72939
vn -0.66967 0.34113 0.65967
vn -0.6534 0.39592 0.64523
vn -0.57347 0.3903 0.72028
vn -0.64548 0.41501 0.64119
vn -0.64497 0.4109 0.64434
vn -0.54497 0.40537 0.73395
vn -0.55648 0.40676 0.72448
vn -0.63871 0.42729 0.6399
vn -0.5334 0.42546 0.73108
vn -0.49053 0.36525 0.79118
vn -0.33164 0.36565 0.86966
vn -0.33462 0.35434 0.8732
vn -0.495 0.34788 0.79621
vn -0.47569 0.37976 0.79341
vn -0.32264 0.37032 0.87107
vn -0.45214 0.39003 0.80215
vn -0.43149 0.39375 0.81165
vn -0.29515 0.3827 0.87546
vn -0.30845 0.37439 0.87446
vn -0.4154 0.42146 0.80611
vn -0.2839 0.41756 0.86316
vn -0.14965 0.36431 0.91917
vn 0.00612 0.36295 0.93179
vn 0.0056 0.35492 0.93488
vn -0.15136 0.35585 0.9222
vn -0.14822 0.36575 0.91884
vn 0.00551 0.36543 0.93082
vn -0.14749 0.36821 0.91797
vn -0.14675 0.37829 0.91398
vn 0.00058 0.37886 0.92545
vn 0.00317 0.36898 0.92943
vn -0.14394 0.41567 0.89805
vn -0.00079 0.41552 0.90958
vn 0.1497 0.36239 0.91993
vn 0.29199 0.36221 0.88518
vn 0.29328 0.3539 0.88811
vn 0.15025 0.3543 0.92298
vn 0.14902 0.366 0.9186
vn 0.29065 0.36657 0.88383
vn 0.14757 0.3705 0.91704
vn 0.14558 0.38011 0.91341
vn 0.28644 0.38118 0.87901
vn 0.28878 0.37165 0.88232
vn 0.14231 0.41553 0.89838
vn 0.28148 0.4154 0.86499
vn 0.42742 0.3621 0.82837
vn 0.55163 0.36197 0.75145
vn 0.55374 0.35243 0.75443
vn 0.42916 0.35325 0.83129
vn 0.42546 0.36744 0.82702
vn 0.54938 0.3685 0.74993
vn 0.42287 0.37317 0.82579
vn 0.4199 0.38235 0.8231
vn 0.5433 0.38365 0.74675
vn 0.54655 0.37496 0.74879
vn 0.4131 0.41526 0.8105
vn 0.53451 0.41526 0.73611
vn 0.66154 0.36184 0.65683
vn 0.75483 0.36212 0.54691
vn 0.7584 0.35128 0.54903
vn 0.66433 0.35164 0.65956
vn 0.65892 0.36934 0.6553
vn 0.75185 0.37011 0.54565
vn 0.6561 0.37632 0.65415
vn 0.65302 0.38454 0.65245
vn 0.74626 0.38497 0.54304
vn 0.74909 0.3772 0.54459
vn 0.64285 0.41502 0.64381
vn 0.73518 0.41494 0.53604
vn 0.83046 0.36245 0.42304
vn 0.88655 0.3624 0.28757
vn 0.89062 0.35103 0.28908
vn 0.83442 0.35116 0.42477
vn 0.82745 0.37062 0.42187
vn 0.88353 0.37067 0.28631
vn 0.82479 0.37763 0.42084
vn 0.82201 0.38507 0.41954
vn 0.87791 0.38522 0.28439
vn 0.88086 0.37774 0.28529
vn 0.8099 0.41526 0.41428
vn 0.86473 0.41617 0.28116
vn 0.92095 0.36186 0.14458
vn 0.92509 0.35068 0.14574
vn 0.91779 0.37023 0.14354
vn 0.9149 0.37759 0.14278
vn 0.91167 0.38546 0.14239
vn 0.89773 0.41733 0.14115
vn 0.93235 0.32944 -0.14899
vn 0.94415 0.32951 -0.00099
vn 0.89753 0.32977 -0.29273
vn 0.90987 0.29043 -0.29629
vn 0.94514 0.29006 -0.15028
vn 0.95704 0.28995 -0.00049
vn 0.9326 0.32953 0.14717
vn 0.94536 0.28985 0.14924
vn 0.89801 0.32963 0.29141
vn 0.91037 0.28993 0.29524
vn 0.84138 0.32988 0.42809
vn 0.85294 0.29024 0.43388
vn 0.76445 0.33047 0.55354
vn 0.77469 0.29089 0.56147
vn 0.66912 0.33131 0.66522
vn 0.67765 0.29169 0.67506
vn 0.55737 0.33241 0.76081
vn 0.56411 0.29266 0.7721
vn 0.43191 0.33348 0.838
vn 0.43684 0.29359 0.85028
vn 0.2953 0.33435 0.89499
vn 0.29865 0.29444 0.9078
vn 0.15136 0.33476 0.93007
vn 0.15308 0.29497 0.94316
vn 0.00506 0.33504 0.94219
vn 0.00443 0.29531 0.95539
vn -0.15271 0.33498 0.92977
vn -0.15413 0.29485 0.94303
vn -0.33386 0.33125 0.8825
vn -0.33144 0.29 0.8978
vn -0.49365 0.32142 0.80808
vn -0.48966 0.27854 0.82622
vn -0.59493 0.31278 0.74042
vn -0.59718 0.26799 0.75602
vn -0.67703 0.30958 0.66768
vn -0.6863 0.26359 0.67788
vn -0.76646 0.30965 0.56272
vn -0.77855 0.26324 0.56971
vn -0.84603 0.31001 0.43374
vn -0.85887 0.2634 0.43927
vn -0.9041 0.31008 0.29403
vn -0.91733 0.26343 0.29851
vn -0.93927 0.31 0.14718
vn -0.95285 0.26361 0.15026
vn -0.95074 0.30997 -0.00389
vn -0.96454 0.26391 -0.00277
vn -0.93815 0.30984 -0.15449
vn -0.95192 0.26396 -0.15546
vn -0.90231 0.3098 -0.29977
vn -0.91572 0.26407 -0.30286
vn -0.85013 0.31035 -0.4254
vn -0.86177 0.26509 -0.43252
vn -0.79457 0.31418 -0.51956
vn -0.80117 0.27009 -0.53403
vn -0.71908 0.32357 -0.615
vn -0.72042 0.28101 -0.63405
vn -0.59084 0.33455 -0.73416
vn -0.59257 0.29295 -0.75036
vn -0.43383 0.33951 -0.83458
vn -0.43875 0.29836 -0.84763
vn -0.2877 0.34021 -0.89526
vn -0.29232 0.29904 -0.90836
vn -0.14517 0.33998 -0.92916
vn -0.1477 0.29866 -0.94286
vn 0.00176 0.33934 -0.94066
vn 0.00117 0.29808 -0.95454
vn 0.14847 0.33827 -0.92926
vn 0.14998 0.29725 -0.94295
vn 0.29163 0.33701 -0.89519
vn 0.29533 0.29634 -0.90827
vn 0.42828 0.33552 -0.83905
vn 0.43397 0.29517 -0.8512
vn 0.55456 0.334 -0.76217
vn 0.56201 0.29392 -0.77315
vn 0.66699 0.33257 -0.66672
vn 0.6761 0.2927 -0.67617
vn 0.763 0.33147 -0.55494
vn 0.77358 0.29177 -0.56253
vn 0.84059 0.33049 -0.42917
vn 0.85219 0.291 -0.43485
vn 0.95859 0.24082 -0.15202
vn 0.9706 0.2407 -0.00019
vn 0.92292 0.24105 -0.3002
vn 0.93336 0.19184 -0.30338
vn 0.96936 0.19171 -0.15357
vn 0.98147 0.19164 -5E-05
vn 0.95872 0.24065 0.15148
vn 0.96941 0.19161 0.15336
vn 0.92323 0.24078 0.29945
vn 0.93351 0.19174 0.30299
vn 0.86497 0.24102 0.44015
vn 0.87459 0.19192 0.44526
vn 0.78547 0.24142 0.56987
vn 0.79415 0.19216 0.57654
vn 0.68684 0.24185 0.68539
vn 0.69429 0.19238 0.69351
vn 0.57143 0.24237 0.78404
vn 0.57737 0.19266 0.79343
vn 0.44207 0.24288 0.86347
vn 0.44626 0.1929 0.87386
vn 0.30187 0.24346 0.92174
vn 0.30421 0.19323 0.9328
vn 0.15428 0.24395 0.95744
vn 0.15478 0.19357 0.9688
vn 0.00317 0.24439 0.96967
vn 0.00167 0.19392 0.98102
vn -0.15567 0.24388 0.95723
vn -0.15677 0.19343 0.96851
vn -0.32763 0.2389 0.9141
vn -0.32272 0.18912 0.92741
vn -0.48318 0.22756 0.84543
vn -0.47495 0.17952 0.86151
vn -0.59758 0.21671 0.77197
vn -0.59564 0.17014 0.78503
vn -0.69465 0.21181 0.68745
vn -0.70007 0.16575 0.69457
vn -0.78972 0.21108 0.57601
vn -0.79747 0.16497 0.58036
vn -0.87058 0.21106 0.44445
vn -0.87865 0.16489 0.44809
vn -0.92944 0.21115 0.30257
vn -0.93787 0.16503 0.30524
vn -0.96532 0.21161 0.15291
vn -0.97403 0.16552 0.15448
vn -0.97722 0.21221 -0.0017
vn -0.98611 0.16608 -0.00097
vn -0.96462 0.21252 -0.15601
vn -0.97363 0.16635 -0.15614
vn -0.92817 0.21276 -0.30534
vn -0.93711 0.16656 -0.30674
vn -0.87244 0.21394 -0.43941
vn -0.87989 0.16759 -0.44464
vn -0.80636 0.21912 -0.54934
vn -0.80872 0.17213 -0.56245
vn -0.72014 0.22987 -0.65464
vn -0.7175 0.18135 -0.67253
vn -0.59379 0.24108 -0.76766
vn -0.59324 0.19067 -0.78212
vn -0.44446 0.24611 -0.86133
vn -0.44882 0.19483 -0.87213
vn -0.29786 0.24665 -0.9222
vn -0.30241 0.1953 -0.93295
vn -0.1507 0.24624 -0.95742
vn -0.15308 0.19499 -0.96878
vn 0.00057 0.24577 -0.96933
vn 0.00018 0.19469 -0.98087
vn 0.15187 0.24518 -0.95751
vn 0.15351 0.1943 -0.96886
vn 0.29962 0.24461 -0.92217
vn 0.30314 0.19394 -0.933
vn 0.44032 0.2439 -0.86408
vn 0.44543 0.1935 -0.87416
vn 0.57018 0.24314 -0.78472
vn 0.57676 0.19306 -0.79378
vn 0.68597 0.24237 -0.68608
vn 0.69387 0.19258 -0.69387
vn 0.78489 0.24179 -0.57052
vn 0.7939 0.19223 -0.57687
vn 0.86453 0.24133 -0.44086
vn 0.87438 0.19196 -0.44565
vn 0.70654 0.03997 -0.70654
vn 0.80837 0.03997 -0.58732
vn 0.80766 0.05798 -0.5868
vn 0.70592 0.05798 -0.70592
vn 0.58732 0.03997 -0.80837
vn 0.5868 0.05798 -0.80766
vn 0.58736 -0.03809 -0.80843
vn 0.70659 -0.03808 -0.70659
vn 0.80843 -0.03809 -0.58736
vn 0.45363 0.03997 -0.89029
vn 0.45323 0.05798 -0.88951
vn 0.30877 0.03997 -0.9503
vn 0.30849 0.05798 -0.94946
vn 0.30879 -0.03809 -0.95037
vn 0.45366 -0.03808 -0.89036
vn 0.15631 0.03997 -0.9869
vn 0.15617 0.05798 -0.98603
vn 0 0.03997 -0.9992
vn 0 0.05798 -0.99832
vn 0 -0.03809 -0.99927
vn 0.15632 -0.03809 -0.98697
vn -0.15631 0.03997 -0.9869
vn -0.15617 0.05798 -0.98603
vn -0.30877 0.03997 -0.9503
vn -0.3085 0.05798 -0.94946
vn -0.30879 -0.03809 -0.95037
vn -0.15632 -0.03809 -0.98697
vn -0.45363 0.03997 -0.89029
vn -0.45323 0.05798 -0.88951
vn -0.58732 0.03997 -0.80837
vn -0.5868 0.05798 -0.80765
vn -0.58736 -0.03809 -0.80843
vn -0.45366 -0.03809 -0.89036
vn -0.70654 0.03997 -0.70654
vn -0.70592 0.05798 -0.70592
vn -0.80837 0.03997 -0.58732
vn -0.80766 0.05798 -0.5868
vn -0.80843 -0.03809 -0.58736
vn -0.70659 -0.03809 -0.70659
vn -0.89029 0.03997 -0.45363
vn -0.88951 0.05798 -0.45323
vn -0.9503 0.03997 -0.30877
vn -0.94946 0.05798 -0.3085
vn -0.95037 -0.03809 -0.30879
vn -0.89036 -0.03809 -0.45366
vn -0.9869 0.03997 -0.15631
vn -0.98603 0.05798 -0.15617
vn -0.9992 0.03997 0
vn -0.99832 0.05798 -0
vn -0.99927 -0.03809 0
vn -0.98697 -0.03808 -0.15632
vn -0.9869 0.03997 0.15631
vn -0.98603 0.05798 0.15617
vn -0.9503 0.03997 0.30877
vn -0.94946 0.05798 0.3085
vn -0.95037 -0.03809 0.30879
vn -0.98697 -0.03808 0.15632
vn -0.89029 0.03997 0.45363
vn -0.88951 0.05798 0.45323
vn -0.80837 0.03997 0.58732
vn -0.80766 0.05798 0.5868
vn -0.80843 -0.03809 0.58736
vn -0.89036 -0.03809 0.45366
vn -0.70654 0.03997 0.70654
vn -0.70592 0.05798 0.70592
vn -0.58732 0.03997 0.80837
vn -0.5868 0.05798 0.80765
vn -0.58736 -0.03809 0.80843
vn -0.70659 -0.03809 0.70659
vn -0.45363 0.03997 0.89029
vn -0.45323 0.05798 0.88951
vn -0.30877 0.03997 0.9503
vn -0.3085 0.05798 0.94946
vn -0.30879 -0.03809 0.95037
vn -0.45366 -0.03808 0.89036
vn -0.15631 0.03997 0.9869
vn -0.15617 0.05798 0.98603
vn -0 0.03997 0.9992
vn -0 0.05798 0.99832
vn 0 -0.03809 0.99927
vn -0.15632 -0.03809 0.98697
vn 0.15631 0.03997 0.9869
vn 0.15617 0.05798 0.98603
vn 0.30877 0.03997 0.9503
vn 0.3085 0.05798 0.94946
vn 0.30879 -0.03809 0.95037
vn 0.15632 -0.03809 0.98697
vn 0.45363 0.03997 0.89029
vn 0.45323 0.05798 0.88951
vn 0.58732 0.03997 0.80837
vn 0.5868 0.05798 0.80765
vn 0.58736 -0.03809 0.80843
vn 0.45366 -0.03809 0.89036
vn 0.70654 0.03997 0.70654
vn 0.70592 0.05798 0.70592
vn 0.80837 0.03997 0.58732
vn 0.80766 0.05798 0.5868
vn 0.80843 -0.03809 0.58736
vn 0.70659 -0.03809 0.70659
vn 0.89029 0.03997 0.45363
vn 0.88951 0.05798 0.45323
vn 0.9503 0.03997 0.30877
vn 0.94946 0.05798 0.3085
vn 0.95037 -0.03809 0.30879
vn 0.89036 -0.03809 0.45366
vn 0.9869 0.03997 0.15631
vn 0.98603 0.05798 0.15617
vn 0.9992 0.03997 0
vn 0.99832 0.05798 0
vn 0.99927 -0.03809 0
vn 0.98697 -0.03809 0.15632
vn 0.9869 0.03997 -0.1563
vn 0.98603 0.05798 -0.15617
vn 0.9503 0.03997 -0.30877
vn 0.94946 0.05798 -0.30849
vn 0.95037 -0.03809 -0.30879
vn 0.98697 -0.03808 -0.15632
vn 0.89029 0.03997 -0.45363
vn 0.88951 0.05798 -0.45323
vn 0.89036 -0.03808 -0.45366
vn 0.8206 -0.38962 -0.41811
vn 0.87586 -0.38973 -0.28458
vn 0.74505 -0.38973 -0.54131
vn 0.72324 -0.44812 -0.52546
vn 0.79649 -0.44821 -0.40583
vn 0.85022 -0.44812 -0.27625
vn 0.65123 -0.38962 -0.65123
vn 0.54131 -0.38973 -0.74505
vn 0.52547 -0.44812 -0.72324
vn 0.6321 -0.44821 -0.6321
vn 0.41812 -0.38962 -0.8206
vn 0.28458 -0.38973 -0.87586
vn 0.27625 -0.44812 -0.85022
vn 0.40583 -0.44821 -0.7965
vn 0.14407 -0.38962 -0.90964
vn 0 -0.38973 -0.92093
vn 0 -0.44812 -0.89397
vn 0.13984 -0.44821 -0.88292
vn -0.14407 -0.38962 -0.90964
vn -0.28458 -0.38973 -0.87586
vn -0.27625 -0.44812 -0.85022
vn -0.13984 -0.44821 -0.88292
vn -0.41812 -0.38962 -0.8206
vn -0.54131 -0.38973 -0.74505
vn -0.52547 -0.44812 -0.72324
vn -0.40584 -0.44821 -0.79649
vn -0.65123 -0.38962 -0.65123
vn -0.74505 -0.38973 -0.54131
vn -0.72324 -0.44812 -0.52546
vn -0.6321 -0.44822 -0.6321
vn -0.8206 -0.38962 -0.41812
vn -0.87586 -0.38973 -0.28458
vn -0.85022 -0.44812 -0.27625
vn -0.79649 -0.44821 -0.40583
vn -0.90964 -0.38962 -0.14407
vn -0.92093 -0.38973 0
vn -0.89397 -0.44812 0
vn -0.88292 -0.44821 -0.13984
vn -0.90964 -0.38962 0.14407
vn -0.87586 -0.38973 0.28458
vn -0.85022 -0.44812 0.27625
vn -0.88292 -0.44821 0.13984
vn -0.8206 -0.38962 0.41812
vn -0.74505 -0.38973 0.54131
vn -0.72324 -0.44812 0.52547
vn -0.79649 -0.44821 0.40583
vn -0.65123 -0.38962 0.65123
vn -0.54131 -0.38973 0.74505
vn -0.52546 -0.44812 0.72324
vn -0.6321 -0.44821 0.6321
vn -0.41812 -0.38962 0.8206
vn -0.28458 -0.38973 0.87586
vn -0.27625 -0.44812 0.85022
vn -0.40584 -0.44821 0.79649
vn -0.14407 -0.38962 0.90964
vn 0 -0.38973 0.92093
vn 0 -0.44812 0.89397
vn -0.13984 -0.44821 0.88292
vn 0.14407 -0.38962 0.90964
vn 0.28458 -0.38973 0.87586
vn 0.27625 -0.44812 0.85022
vn 0.13984 -0.44821 0.88292
vn 0.41812 -0.38962 0.8206
vn 0.54131 -0.38973 0.74505
vn 0.52546 -0.44812 0.72324
vn 0.40583 -0.44821 0.79649
vn 0.65123 -0.38962 0.65123
vn 0.74505 -0.38973 0.54131
vn 0.72324 -0.44812 0.52547
vn 0.6321 -0.44821 0.6321
vn 0.8206 -0.38962 0.41812
vn 0.87586 -0.38973 0.28458
vn 0.85022 -0.44812 0.27625
vn 0.79649 -0.44821 0.40583
vn 0.90964 -0.38962 0.14407
vn 0.92093 -0.38973 0
vn 0.89397 -0.44812 0
vn 0.88292 -0.44822 0.13984
vn 0.90964 -0.38962 -0.14407
vn 0.88292 -0.44821 -0.13984
vn 0.97564 0.15572 -0.15452
vn 0.9878 0.1557 -0
vn 0.93944 0.15582 -0.30525
vn 0.941 0.14506 -0.30574
vn 0.97725 0.14499 -0.15477
vn 0.98944 0.14497 0
vn 0.97565 0.15571 0.15446
vn 0.97725 0.145 0.15475
vn 0.93949 0.15584 0.30508
vn 0.94101 0.14512 0.30568
vn 0.88018 0.156 0.44826
vn 0.88159 0.14528 0.44911
vn 0.79921 0.15622 0.5804
vn 0.80045 0.14548 0.58147
vn 0.69863 0.15644 0.69818
vn 0.69965 0.14571 0.69947
vn 0.58083 0.15671 0.7988
vn 0.58161 0.14599 0.80026
vn 0.44871 0.15694 0.87979
vn 0.44924 0.14624 0.88136
vn 0.30556 0.15718 0.93911
vn 0.30582 0.14646 0.94076
vn 0.15498 0.15739 0.9753
vn 0.15492 0.14663 0.97698
vn 0.00068 0.15761 0.9875
vn 0.00025 0.14682 0.98916
vn -0.15691 0.15709 0.97504
vn -0.15619 0.14626 0.97684
vn -0.31755 0.15345 0.93574
vn -0.31259 0.14273 0.9391
vn -0.46682 0.14563 0.87228
vn -0.45953 0.13535 0.87779
vn -0.59241 0.13796 0.79374
vn -0.58859 0.12807 0.79822
vn -0.70253 0.13433 0.69886
vn -0.70264 0.12462 0.70055
vn -0.8016 0.13369 0.58273
vn -0.80271 0.12403 0.58333
vn -0.88295 0.13367 0.45004
vn -0.88409 0.12407 0.45055
vn -0.94241 0.13384 0.30651
vn -0.94365 0.12424 0.30675
vn -0.97873 0.13419 0.15517
vn -0.97999 0.12451 0.15527
vn -0.99091 0.1345 -0.0005
vn -0.9922 0.12469 -0.00023
vn -0.97855 0.1346 -0.15596
vn -0.97992 0.12469 -0.1556
vn -0.94206 0.13468 -0.30721
vn -0.94351 0.1247 -0.30699
vn -0.88379 0.13549 -0.44784
vn -0.88458 0.12544 -0.4492
vn -0.80852 0.13933 -0.57174
vn -0.80636 0.12915 -0.57715
vn -0.71327 0.14704 -0.6853
vn -0.70815 0.13652 -0.69274
vn -0.59093 0.15463 -0.79176
vn -0.58733 0.1437 -0.79649
vn -0.45072 0.15803 -0.87856
vn -0.45044 0.14696 -0.88063
vn -0.30492 0.15844 -0.93911
vn -0.30556 0.14736 -0.9407
vn -0.15436 0.15814 -0.97528
vn -0.15467 0.14705 -0.97696
vn 4E-05 0.15786 -0.98746
vn 3E-05 0.14677 -0.98917
vn 0.1545 0.15755 -0.97535
vn 0.15477 0.14648 -0.97703
vn 0.30519 0.15726 -0.93922
vn 0.30572 0.14622 -0.94083
vn 0.44839 0.15694 -0.87995
vn 0.44916 0.14594 -0.88145
vn 0.58056 0.15665 -0.79901
vn 0.58153 0.14572 -0.80037
vn 0.69843 0.15634 -0.69839
vn 0.6996 0.14549 -0.69957
vn 0.79911 0.15611 -0.58057
vn 0.80044 0.14532 -0.58153
vn 0.88011 0.15592 -0.44844
vn 0.88158 0.14516 -0.44917
vn 0.97561 0.15593 -0.15451
vn 0.98777 0.15592 0
vn 0.93942 0.15601 -0.30522
vn 0.9399 0.15278 -0.30538
vn 0.9761 0.15272 -0.15459
vn 0.98827 0.15272 0
vn 0.97561 0.15594 0.15451
vn 0.9761 0.15272 0.15459
vn 0.93989 0.15278 0.30538
vn 0.93941 0.15604 0.30522
vn 0.88007 0.15617 0.44842
vn 0.88054 0.15284 0.44864
vn 0.79951 0.15295 0.58086
vn 0.79906 0.15635 0.58056
vn 0.69839 0.15655 0.69839
vn 0.69879 0.15306 0.69876
vn 0.58087 0.15321 0.79945
vn 0.58053 0.15681 0.799
vn 0.44839 0.15705 0.87993
vn 0.44864 0.15336 0.88045
vn 0.30538 0.15354 0.93977
vn 0.30521 0.1573 0.9392
vn 0.15453 0.15752 0.97535
vn 0.1546 0.15371 0.97595
vn 3E-05 0.15391 0.98808
vn 7E-05 0.15777 0.98748
vn -0.15505 0.15727 0.97531
vn -0.15465 0.15362 0.97595
vn -0.30589 0.1513 0.93997
vn -0.30795 0.1537 0.93891
vn -0.45291 0.14607 0.87951
vn -0.44976 0.14625 0.88109
vn -0.58226 0.14117 0.80065
vn -0.58434 0.13843 0.79962
vn -0.70107 0.1348 0.70024
vn -0.70031 0.13879 0.70021
vn -0.8012 0.13851 0.58214
vn -0.80167 0.13427 0.5825
vn -0.8829 0.13441 0.44991
vn -0.88239 0.13865 0.44963
vn -0.94185 0.13878 0.30604
vn -0.94239 0.1346 0.30625
vn -0.97867 0.13479 0.15501
vn -0.97812 0.13884 0.15492
vn -0.99031 0.13887 -0
vn -0.99086 0.1349 -6E-05
vn -0.97865 0.13486 -0.15508
vn -0.97812 0.13884 -0.15492
vn -0.94185 0.13878 -0.30604
vn -0.94236 0.13481 -0.30624
vn -0.88307 0.13548 -0.44925
vn -0.88238 0.13914 -0.44951
vn -0.80113 0.14156 -0.5815
vn -0.80278 0.13928 -0.57978
vn -0.70245 0.14698 -0.69639
vn -0.69998 0.14664 -0.69895
vn -0.58135 0.15167 -0.79939
vn -0.58293 0.1545 -0.7977
vn -0.44882 0.15792 -0.87956
vn -0.44864 0.15398 -0.88035
vn -0.30529 0.15428 -0.93968
vn -0.30507 0.15835 -0.93907
vn -0.15442 0.15805 -0.97528
vn -0.15453 0.15408 -0.9759
vn 3E-05 0.15391 -0.98808
vn 4E-05 0.15776 -0.98748
vn 0.15452 0.15746 -0.97536
vn 0.1546 0.15371 -0.97595
vn 0.30538 0.15354 -0.93977
vn 0.30521 0.15719 -0.93922
vn 0.4484 0.15692 -0.87995
vn 0.44864 0.15336 -0.88045
vn 0.58087 0.15321 -0.79945
vn 0.58056 0.15668 -0.799
vn 0.69842 0.15645 -0.69838
vn 0.69879 0.15306 -0.69876
vn 0.79951 0.15295 -0.58086
vn 0.79909 0.15627 -0.58054
vn 0.88009 0.15611 -0.44841
vn 0.88054 0.15284 -0.44864
vn 0.70504 0.07653 -0.70503
vn 0.80665 0.07653 -0.58606
vn 0.58606 0.07655 -0.80664
vn 0.45266 0.07656 -0.88839
vn 0.30811 0.07658 -0.94826
vn 0.15598 0.07659 -0.98479
vn 1E-05 0.07661 -0.99706
vn -0.15597 0.07662 -0.98479
vn -0.3081 0.07664 -0.94826
vn -0.45266 0.0766 -0.88839
vn -0.58608 0.07639 -0.80664
vn -0.70509 0.0759 -0.70504
vn -0.80672 0.07543 -0.5861
vn -0.88848 0.0752 -0.45271
vn -0.94836 0.07517 -0.30814
vn -0.98489 0.07517 -0.15599
vn -0.99717 0.07518 -0
vn -0.98489 0.07517 0.15599
vn -0.94836 0.07517 0.30814
vn -0.88848 0.07516 0.45271
vn -0.80673 0.07515 0.58613
vn -0.7051 0.07517 0.70511
vn -0.58613 0.0754 0.8067
vn -0.45271 0.07587 0.88842
vn -0.30813 0.07635 0.94828
vn -0.15597 0.07657 0.98479
vn 1E-05 0.07661 0.99706
vn 0.15598 0.07659 0.98479
vn 0.30811 0.07658 0.94826
vn 0.45266 0.07656 0.88839
vn 0.58606 0.07655 0.80664
vn 0.70504 0.07653 0.70503
vn 0.80665 0.07653 0.58606
vn 0.8884 0.07651 0.45266
vn 0.94827 0.07651 0.30811
vn 0.98479 0.0765 0.15597
vn 0.99707 0.07651 0
vn 0.98479 0.0765 -0.15597
vn 0.94827 0.07651 -0.30811
vn 0.8884 0.07651 -0.45266
vn -0.86425 -0.24321 0.44036
vn -0.92249 -0.24323 0.29973
vn -0.94483 -0.11429 0.30699
vn -0.88517 -0.11428 0.45102
vn -0.78472 -0.24323 0.57013
vn -0.80372 -0.11429 0.58393
vn -0.76429 -0.3279 0.55529
vn -0.84175 -0.32787 0.4289
vn -0.89848 -0.3279 0.29193
vn -0.68587 -0.24321 0.68587
vn -0.70247 -0.11428 0.70247
vn -0.57013 -0.24323 0.78472
vn -0.58393 -0.11429 0.80372
vn -0.55529 -0.3279 0.76429
vn -0.66802 -0.32787 0.66802
vn -0.44036 -0.24321 0.86425
vn -0.45102 -0.11428 0.88517
vn -0.29973 -0.24323 0.92249
vn -0.30699 -0.11429 0.94483
vn -0.29193 -0.3279 0.89848
vn -0.4289 -0.32787 0.84175
vn -0.15173 -0.24321 0.95803
vn -0.15541 -0.11428 0.98122
vn 0 -0.24323 0.96997
vn 0 -0.11429 0.99345
vn 0 -0.3279 0.94471
vn -0.14778 -0.32787 0.93309
vn 0.15173 -0.24321 0.95803
vn 0.15541 -0.11428 0.98122
vn 0.29974 -0.24323 0.92249
vn 0.30699 -0.11429 0.94482
vn 0.29193 -0.3279 0.89848
vn 0.14778 -0.32787 0.93309
vn 0.44036 -0.24321 0.86425
vn 0.45102 -0.11428 0.88517
vn 0.57013 -0.24323 0.78472
vn 0.58393 -0.11429 0.80372
vn 0.55529 -0.3279 0.76429
vn 0.4289 -0.32787 0.84175
vn 0.68587 -0.24321 0.68587
vn 0.70247 -0.11428 0.70247
vn 0.78472 -0.24323 0.57013
vn 0.80372 -0.11429 0.58393
vn 0.76429 -0.3279 0.55529
vn 0.66802 -0.32787 0.66802
vn 0.86425 -0.24321 0.44036
vn 0.88517 -0.11428 0.45102
vn 0.92249 -0.24323 0.29974
vn 0.94483 -0.11429 0.30699
vn 0.89848 -0.3279 0.29193
vn 0.84175 -0.32787 0.4289
vn 0.95803 -0.24321 0.15173
vn 0.98122 -0.11428 0.15541
vn 0.96997 -0.24323 -0
vn 0.99345 -0.11429 -0
vn 0.94471 -0.3279 -0
vn 0.93309 -0.32787 0.14778
vn 0.95803 -0.24321 -0.15173
vn 0.98122 -0.11428 -0.15541
vn 0.92249 -0.24323 -0.29973
vn 0.94483 -0.11429 -0.30699
vn 0.89848 -0.3279 -0.29193
vn 0.93309 -0.32787 -0.14778
vn 0.86425 -0.24321 -0.44036
vn 0.88517 -0.11428 -0.45102
vn 0.78472 -0.24323 -0.57013
vn 0.80372 -0.11429 -0.58393
vn 0.76429 -0.3279 -0.55529
vn 0.84175 -0.32787 -0.4289
vn 0.68587 -0.24321 -0.68588
vn 0.70247 -0.11428 -0.70247
vn 0.57013 -0.24323 -0.78472
vn 0.58393 -0.11429 -0.80372
vn 0.55529 -0.3279 -0.76429
vn 0.66802 -0.32787 -0.66802
vn 0.44036 -0.24321 -0.86425
vn 0.45102 -0.11428 -0.88517
vn 0.29973 -0.24323 -0.92249
vn 0.30699 -0.11429 -0.94483
vn 0.29193 -0.3279 -0.89848
vn 0.4289 -0.32787 -0.84175
vn 0.15173 -0.24321 -0.95803
vn 0.15541 -0.11428 -0.98122
vn 0 -0.24323 -0.96997
vn 0 -0.11429 -0.99345
vn -0 -0.3279 -0.94471
vn 0.14778 -0.32787 -0.93309
vn -0.15173 -0.24321 -0.95803
vn -0.15541 -0.11428 -0.98122
vn -0.29973 -0.24323 -0.92249
vn -0.30699 -0.11429 -0.94483
vn -0.29193 -0.3279 -0.89848
vn -0.14778 -0.32787 -0.93309
vn -0.44036 -0.24321 -0.86425
vn -0.45102 -0.11428 -0.88517
vn -0.57013 -0.24323 -0.78472
vn -0.58393 -0.11429 -0.80372
vn -0.55529 -0.3279 -0.76429
vn -0.4289 -0.32787 -0.84175
vn -0.68587 -0.24321 -0.68587
vn -0.70247 -0.11428 -0.70247
vn -0.78472 -0.24323 -0.57013
vn -0.80372 -0.11429 -0.58393
vn -0.76429 -0.3279 -0.55529
vn -0.66802 -0.32787 -0.66802
vn -0.86425 -0.24321 -0.44036
vn -0.88517 -0.11428 -0.45102
vn -0.92249 -0.24323 -0.29973
vn -0.94483 -0.11429 -0.30699
vn -0.89848 -0.3279 -0.29193
vn -0.84175 -0.32787 -0.4289
vn -0.95803 -0.24321 -0.15173
vn -0.98122 -0.11428 -0.15541
vn -0.96997 -0.24323 -0
vn -0.99345 -0.11429 -0
vn -0.94471 -0.3279 -0
vn -0.93309 -0.32787 -0.14778
vn -0.95803 -0.24321 0.15173
vn -0.98122 -0.11428 0.1554
vn -0.93309 -0.32787 0.14778
vn -0.82765 -0.37036 0.42171
vn -0.88342 -0.37039 0.28704
vn -0.75148 -0.37039 0.54598
vn -0.74292 -0.3959 0.53976
vn -0.81822 -0.39587 0.4169
vn -0.87335 -0.3959 0.28377
vn -0.65682 -0.37036 0.65682
vn -0.54598 -0.37039 0.75148
vn -0.53976 -0.3959 0.74292
vn -0.64934 -0.39587 0.64934
vn -0.42171 -0.37036 0.82765
vn -0.28704 -0.37039 0.88342
vn -0.28377 -0.3959 0.87335
vn -0.4169 -0.39587 0.81822
vn -0.14531 -0.37036 0.91745
vn -0 -0.37039 0.92888
vn -0 -0.3959 0.9183
vn -0.14365 -0.39587 0.907
vn 0.14531 -0.37036 0.91745
vn 0.28704 -0.37039 0.88342
vn 0.28377 -0.3959 0.87335
vn 0.14365 -0.39587 0.907
vn 0.42171 -0.37036 0.82764
vn 0.54598 -0.37039 0.75148
vn 0.53976 -0.3959 0.74292
vn 0.4169 -0.39587 0.81822
vn 0.65682 -0.37036 0.65682
vn 0.75148 -0.37039 0.54598
vn 0.74292 -0.3959 0.53976
vn 0.64934 -0.39587 0.64934
vn 0.82764 -0.37036 0.42171
vn 0.88342 -0.37039 0.28704
vn 0.87335 -0.3959 0.28377
vn 0.81822 -0.39587 0.4169
vn 0.91745 -0.37036 0.14531
vn 0.92888 -0.37039 -0
vn 0.9183 -0.3959 -0
vn 0.907 -0.39587 0.14365
vn 0.91745 -0.37036 -0.14531
vn 0.88342 -0.37039 -0.28704
vn 0.87335 -0.3959 -0.28377
vn 0.907 -0.39587 -0.14365
vn 0.82765 -0.37036 -0.42171
vn 0.75148 -0.37039 -0.54598
vn 0.74292 -0.3959 -0.53976
vn 0.81822 -0.39587 -0.4169
vn 0.65682 -0.37036 -0.65682
vn 0.54598 -0.37039 -0.75148
vn 0.53976 -0.3959 -0.74292
vn 0.64934 -0.39587 -0.64934
vn 0.42171 -0.37036 -0.82764
vn 0.28704 -0.37039 -0.88342
vn 0.28377 -0.3959 -0.87335
vn 0.4169 -0.39587 -0.81822
vn 0.14531 -0.37036 -0.91745
vn 0 -0.37039 -0.92888
vn -0 -0.3959 -0.9183
vn 0.14365 -0.39587 -0.907
vn -0.14531 -0.37036 -0.91745
vn -0.28704 -0.37039 -0.88342
vn -0.28377 -0.3959 -0.87335
vn -0.14365 -0.39587 -0.907
vn -0.42171 -0.37036 -0.82764
vn -0.54598 -0.37039 -0.75148
vn -0.53976 -0.3959 -0.74292
vn -0.4169 -0.39587 -0.81822
vn -0.65682 -0.37036 -0.65682
vn -0.75148 -0.37039 -0.54598
vn -0.74292 -0.3959 -0.53976
vn -0.64934 -0.39587 -0.64934
vn -0.82765 -0.37036 -0.42171
vn -0.88342 -0.37039 -0.28704
vn -0.87335 -0.3959 -0.28377
vn -0.81822 -0.39587 -0.4169
vn -0.91745 -0.37036 -0.14531
vn -0.92888 -0.37039 -0
vn -0.9183 -0.3959 -0
vn -0.907 -0.39587 -0.14365
vn -0.91745 -0.37036 0.14531
vn -0.907 -0.39587 0.14365
vn -0.80296 -0.43344 0.40913
vn -0.85706 -0.43348 0.27847
vn -0.72906 -0.43348 0.52969
vn -0.72373 -0.44692 0.52582
vn -0.79708 -0.44689 0.40613
vn -0.85079 -0.44692 0.27644
vn -0.63723 -0.43344 0.63723
vn -0.52969 -0.43348 0.72906
vn -0.52582 -0.44692 0.72373
vn -0.63257 -0.44689 0.63257
vn -0.40913 -0.43344 0.80296
vn -0.27847 -0.43348 0.85706
vn -0.27644 -0.44692 0.85079
vn -0.40614 -0.44689 0.79708
vn -0.14097 -0.43344 0.89009
vn 0 -0.43348 0.90116
vn -0 -0.44692 0.89458
vn -0.13994 -0.44689 0.88357
vn 0.14097 -0.43344 0.89009
vn 0.27847 -0.43348 0.85706
vn 0.27644 -0.44692 0.85079
vn 0.13994 -0.44689 0.88357
vn 0.40913 -0.43344 0.80296
vn 0.52969 -0.43348 0.72906
vn 0.52582 -0.44692 0.72373
vn 0.40614 -0.44689 0.79708
vn 0.63723 -0.43344 0.63723
vn 0.72906 -0.43348 0.52969
vn 0.72373 -0.44692 0.52582
vn 0.63257 -0.44689 0.63257
vn 0.80296 -0.43344 0.40913
vn 0.85706 -0.43348 0.27847
vn 0.85079 -0.44692 0.27644
vn 0.79708 -0.44689 0.40614
vn 0.89009 -0.43344 0.14097
vn 0.90116 -0.43348 0
vn 0.89458 -0.44692 0
vn 0.88357 -0.44689 0.13994
vn 0.89009 -0.43344 -0.14097
vn 0.85706 -0.43348 -0.27847
vn 0.85079 -0.44692 -0.27644
vn 0.88357 -0.44689 -0.13994
vn 0.80296 -0.43344 -0.40913
vn 0.72906 -0.43348 -0.52969
vn 0.72373 -0.44692 -0.52582
vn 0.79708 -0.44689 -0.40614
vn 0.63723 -0.43344 -0.63723
vn 0.52969 -0.43348 -0.72906
vn 0.52582 -0.44692 -0.72373
vn 0.63257 -0.44689 -0.63257
vn 0.40913 -0.43344 -0.80296
vn 0.27847 -0.43348 -0.85706
vn 0.27644 -0.44692 -0.85079
vn 0.40614 -0.44689 -0.79708
vn 0.14097 -0.43344 -0.89009
vn -0 -0.43348 -0.90116
vn -0 -0.44692 -0.89458
vn 0.13994 -0.44689 -0.88357
vn -0.14097 -0.43344 -0.89009
vn -0.27847 -0.43348 -0.85706
vn -0.27644 -0.44692 -0.85079
vn -0.13994 -0.44689 -0.88357
vn -0.40913 -0.43344 -0.80296
vn -0.52969 -0.43348 -0.72906
vn -0.52582 -0.44692 -0.72373
vn -0.40614 -0.44689 -0.79708
vn -0.63723 -0.43344 -0.63723
vn -0.72906 -0.43348 -0.52969
vn -0.72373 -0.44692 -0.52582
vn -0.63257 -0.44689 -0.63257
vn -0.80296 -0.43344 -0.40913
vn -0.85706 -0.43348 -0.27847
vn -0.85079 -0.44692 -0.27644
vn -0.79708 -0.44689 -0.40613
vn -0.89009 -0.43344 -0.14097
vn -0.90116 -0.43348 -0
vn -0.89458 -0.44692 -0
vn -0.88357 -0.44689 -0.13994
vn -0.89009 -0.43344 0.14097
vn -0.88357 -0.44689 0.13994
vn -0.88589 -0.10701 0.45138
vn -0.94547 -0.1082 0.3072
vn -0.80427 -0.1082 0.58434
vn -0.20352 0.96784 0.14787
vn -0.28002 0.94933 0.14268
vn -0.23926 0.96784 0.07774
vn -0.70305 -0.10701 0.70305
vn -0.58434 -0.1082 0.80427
vn -0.14787 0.96784 0.20352
vn -0.22222 0.94933 0.22222
vn -0.45139 -0.10701 0.88589
vn -0.3072 -0.1082 0.94547
vn -0.07774 0.96784 0.23926
vn -0.14268 0.94933 0.28002
vn -0.15553 -0.10701 0.98202
vn -0 -0.1082 0.99413
vn -0 0.96784 0.25157
vn -0.04916 0.94933 0.3104
vn 0.15553 -0.10701 0.98202
vn 0.3072 -0.1082 0.94547
vn 0.07774 0.96784 0.23926
vn 0.04916 0.94933 0.3104
vn 0.45139 -0.10701 0.88589
vn 0.58434 -0.1082 0.80427
vn 0.14787 0.96784 0.20353
vn 0.14268 0.94933 0.28002
vn 0.70305 -0.10701 0.70305
vn 0.80427 -0.1082 0.58433
vn 0.20352 0.96784 0.14787
vn 0.22222 0.94933 0.22222
vn 0.88589 -0.10701 0.45139
vn 0.94547 -0.1082 0.3072
vn 0.23926 0.96784 0.07774
vn 0.28002 0.94933 0.14268
vn 0.98202 -0.10701 0.15553
vn 0.99413 -0.1082 0
vn 0.25157 0.96784 0
vn 0.3104 0.94933 0.04916
vn 0.98202 -0.10701 -0.15553
vn 0.94547 -0.1082 -0.3072
vn 0.23926 0.96784 -0.07774
vn 0.3104 0.94933 -0.04916
vn 0.88589 -0.10701 -0.45139
vn 0.80427 -0.1082 -0.58434
vn 0.20352 0.96784 -0.14787
vn 0.28002 0.94933 -0.14268
vn 0.70305 -0.10701 -0.70305
vn 0.58433 -0.1082 -0.80427
vn 0.14787 0.96784 -0.20352
vn 0.22222 0.94933 -0.22222
vn 0.45139 -0.10701 -0.88589
vn 0.3072 -0.1082 -0.94547
vn 0.07774 0.96784 -0.23926
vn 0.14268 0.94933 -0.28002
vn 0.15553 -0.10701 -0.98202
vn -0 -0.1082 -0.99413
vn -0 0.96784 -0.25157
vn 0.04916 0.94933 -0.3104
vn -0.15553 -0.10701 -0.98202
vn -0.3072 -0.1082 -0.94547
vn -0.07774 0.96784 -0.23926
vn -0.04916 0.94933 -0.3104
vn -0.45139 -0.10701 -0.88589
vn -0.58434 -0.1082 -0.80427
vn -0.14787 0.96784 -0.20353
vn -0.14268 0.94933 -0.28002
vn -0.70305 -0.10701 -0.70305
vn -0.80427 -0.1082 -0.58433
vn -0.20353 0.96784 -0.14787
vn -0.22222 0.94933 -0.22222
vn -0.88589 -0.10701 -0.45139
vn -0.94547 -0.1082 -0.3072
vn -0.23926 0.96784 -0.07774
vn -0.28002 0.94933 -0.14268
vn -0.98202 -0.10701 -0.15553
vn -0.99413 -0.1082 -0
vn -0.25157 0.96784 -0
vn -0.3104 0.94933 -0.04916
vn -0.98202 -0.10701 0.15553
vn -0.3104 0.94933 0.04916
vn 0.02301 0.99967 -0.01172
vn 0.01936 0.99979 -0.00629
vn 0.01646 0.99979 -0.01196
vn 0 1 0
vn 0.01826 0.99967 -0.01826
vn 0.01196 0.99979 -0.01646
vn 0.01172 0.99967 -0.02301
vn 0.00629 0.99979 -0.01936
vn 0.00404 0.99967 -0.02551
vn -0 0.99979 -0.02035
vn -0.00404 0.99967 -0.02551
vn -0.00629 0.99979 -0.01936
vn -0.01172 0.99967 -0.02301
vn -0.01196 0.99979 -0.01646
vn -0.01826 0.99967 -0.01826
vn -0.01646 0.99979 -0.01196
vn -0.02301 0.99967 -0.01172
vn -0.01936 0.99979 -0.00629
vn -0.02551 0.99967 -0.00404
vn -0.02035 0.99979 -0
vn -0.02551 0.99967 0.00404
vn -0.01936 0.99979 0.00629
vn -0.02301 0.99967 0.01172
vn -0.01646 0.99979 0.01196
vn -0.01826 0.99967 0.01826
vn -0.01196 0.99979 0.01646
vn -0.01172 0.99967 0.02301
vn -0.00629 0.99979 0.01936
vn -0.00404 0.99967 0.02551
vn 0 0.99979 0.02035
vn 0.00404 0.99967 0.02551
vn 0.00629 0.99979 0.01936
vn 0.01172 0.99967 0.02301
vn 0.01196 0.99979 0.01646
vn 0.01826 0.99967 0.01826
vn 0.01646 0.99979 0.01196
vn 0.02301 0.99967 0.01172
vn 0.01936 0.99979 0.00629
vn 0.02551 0.99967 0.00404
vn 0.02035 0.99979 0
vn 0.02551 0.99967 -0.00404
vn -0.87884 0.16472 0.44779
vn -0.61258 0.72617 0.31212
vn -0.55616 0.72623 0.40407
vn -0.79796 0.16477 0.57975
vn -0.8906 0.0302 0.45378
vn -0.80865 0.03021 0.58752
vn -0.95062 0.03021 0.30887
vn -0.93806 0.16477 0.30479
vn -0.6538 0.72624 0.21243
vn -0.69745 0.16472 0.69745
vn -0.70678 0.0302 0.70678
vn -0.48615 0.72617 0.48615
vn -0.40407 0.72623 0.55616
vn -0.57975 0.16477 0.79796
vn -0.58752 0.03021 0.80865
vn -0.9742 0.16472 0.15429
vn -0.67905 0.72617 0.10755
vn -0.98724 0.0302 0.15636
vn -0.99954 0.03021 -0
vn -0.98633 0.16477 -0
vn -0.68745 0.72624 0
vn -0.44779 0.16472 0.87883
vn -0.45378 0.0302 0.8906
vn -0.31213 0.72617 0.61258
vn -0.21243 0.72623 0.6538
vn -0.30479 0.16477 0.93806
vn -0.30887 0.03021 0.95062
vn -0.15429 0.16472 0.9742
vn -0.15636 0.0302 0.98724
vn -0.10755 0.72617 0.67905
vn -0 0.72624 0.68745
vn -0 0.16477 0.98633
vn -0 0.03021 0.99954
vn 0.15429 0.16472 0.9742
vn 0.15636 0.0302 0.98724
vn 0.10755 0.72617 0.67905
vn 0.21243 0.72624 0.6538
vn 0.30479 0.16477 0.93806
vn 0.30888 0.03021 0.95062
vn 0.44779 0.16472 0.87883
vn 0.45379 0.0302 0.8906
vn 0.31213 0.72617 0.61258
vn 0.40407 0.72624 0.55615
vn 0.57975 0.16477 0.79796
vn 0.58752 0.03021 0.80865
vn 0.69745 0.16472 0.69745
vn 0.70678 0.0302 0.70678
vn 0.48615 0.72617 0.48614
vn 0.55616 0.72624 0.40407
vn 0.79796 0.16477 0.57975
vn 0.80865 0.03021 0.58752
vn 0.87883 0.16472 0.44779
vn 0.8906 0.0302 0.45378
vn 0.61258 0.72617 0.31213
vn 0.6538 0.72624 0.21243
vn 0.93806 0.16477 0.30479
vn 0.95062 0.03021 0.30887
vn 0.9742 0.16472 0.15429
vn 0.98724 0.0302 0.15636
vn 0.67905 0.72617 0.10755
vn 0.68745 0.72624 0
vn 0.98633 0.16477 0
vn 0.99954 0.03021 -0
vn 0.9742 0.16472 -0.15429
vn 0.98724 0.0302 -0.15636
vn 0.67905 0.72617 -0.10755
vn 0.6538 0.72624 -0.21243
vn 0.93806 0.16477 -0.30479
vn 0.95062 0.03021 -0.30887
vn 0.87883 0.16472 -0.44779
vn 0.8906 0.0302 -0.45378
vn 0.61258 0.72617 -0.31212
vn 0.55616 0.72624 -0.40407
vn 0.79796 0.16477 -0.57975
vn 0.80865 0.03021 -0.58752
vn 0.69745 0.16472 -0.69745
vn 0.70678 0.0302 -0.70678
vn 0.48615 0.72617 -0.48614
vn 0.40407 0.72624 -0.55615
vn 0.57975 0.16477 -0.79796
vn 0.58752 0.03021 -0.80865
vn 0.44779 0.16472 -0.87883
vn 0.45378 0.0302 -0.8906
vn 0.31213 0.72617 -0.61258
vn 0.21243 0.72624 -0.6538
vn 0.30479 0.16477 -0.93806
vn 0.30887 0.03021 -0.95062
vn 0.15429 0.16472 -0.9742
vn 0.15636 0.0302 -0.98724
vn 0.10755 0.72617 -0.67905
vn -0 0.72624 -0.68744
vn -0 0.16477 -0.98633
vn -0 0.03021 -0.99954
vn -0.15429 0.16472 -0.9742
vn -0.15636 0.0302 -0.98724
vn -0.10755 0.72617 -0.67905
vn -0.21243 0.72624 -0.6538
vn -0.30479 0.16477 -0.93806
vn -0.30887 0.03021 -0.95062
vn -0.44779 0.16472 -0.87883
vn -0.45378 0.0302 -0.8906
vn -0.31213 0.72617 -0.61258
vn -0.40407 0.72623 -0.55616
vn -0.57975 0.16477 -0.79796
vn -0.58752 0.03021 -0.80865
vn -0.69745 0.16472 -0.69745
vn -0.70678 0.0302 -0.70678
vn -0.48615 0.72617 -0.48615
vn -0.55615 0.72624 -0.40407
vn -0.79796 0.16477 -0.57975
vn -0.80865 0.03021 -0.58752
vn -0.87883 0.16472 -0.44779
vn -0.8906 0.0302 -0.45378
vn -0.61258 0.72617 -0.31213
vn -0.6538 0.72624 -0.21243
vn -0.93806 0.16477 -0.30479
vn -0.95062 0.03021 -0.30887
vn -0.9742 0.16472 -0.15429
vn -0.98724 0.0302 -0.15636
vn -0.67905 0.72617 -0.10755
vn -0.89062 -0.0296 0.45379
vn -0.95064 -0.0296 0.30888
vn -0.80866 -0.0296 0.58753
vn -0.7068 -0.0296 0.7068
vn -0.58753 -0.0296 0.80866
vn -0.45379 -0.0296 0.89062
vn -0.30888 -0.0296 0.95064
vn -0.15636 -0.0296 0.98726
vn -0 -0.0296 0.99956
vn 0.15636 -0.0296 0.98726
vn 0.30888 -0.0296 0.95064
vn 0.45379 -0.0296 0.89062
vn 0.58753 -0.0296 0.80866
vn 0.7068 -0.0296 0.7068
vn 0.80866 -0.0296 0.58753
vn 0.89062 -0.0296 0.45379
vn 0.95064 -0.0296 0.30888
vn 0.98726 -0.0296 0.15636
vn 0.99956 -0.0296 -0
vn 0.98726 -0.0296 -0.15636
vn 0.95064 -0.0296 -0.30888
vn 0.89062 -0.0296 -0.45379
vn 0.80866 -0.0296 -0.58753
vn 0.7068 -0.0296 -0.7068
vn 0.58753 -0.0296 -0.80866
vn 0.45379 -0.0296 -0.89062
vn 0.30888 -0.0296 -0.95064
vn 0.15636 -0.0296 -0.98726
vn 0 -0.0296 -0.99956
vn -0.15636 -0.0296 -0.98726
vn -0.30888 -0.0296 -0.95064
vn -0.45379 -0.0296 -0.89062
vn -0.58753 -0.0296 -0.80866
vn -0.7068 -0.0296 -0.7068
vn -0.80866 -0.0296 -0.58753
vn -0.89062 -0.0296 -0.45379
vn -0.95064 -0.0296 -0.30888
vn -0.98726 -0.0296 -0.15636
vn -0.99956 -0.0296 -0
vn -0.98726 -0.0296 0.15636
vn 0.67687 0.65031 -0.34488
vn 0.86169 0.25441 -0.43905
vn 0.7824 0.2544 -0.56845
vn 0.61463 0.65024 -0.44656
vn 0.21805 0.96959 -0.1111
vn 0.19808 0.96956 -0.14391
vn 0.23285 0.96956 -0.07566
vn 0.72255 0.65024 -0.23477
vn 0.91977 0.2544 -0.29885
vn 0.53717 0.65031 -0.53716
vn 0.17305 0.96959 -0.17305
vn 0.68384 0.25441 -0.68384
vn 0.56845 0.2544 -0.7824
vn 0.44656 0.65024 -0.61463
vn 0.14391 0.96957 -0.19807
vn 0.75032 0.65031 -0.11883
vn 0.95519 0.25441 -0.15128
vn 0.24171 0.96959 -0.03828
vn 0.24484 0.96956 -0
vn 0.75973 0.65024 0
vn 0.9671 0.2544 0
vn 0.34488 0.65031 -0.67687
vn 0.1111 0.96959 -0.21804
vn 0.43905 0.25441 -0.86169
vn 0.29885 0.2544 -0.91977
vn 0.23477 0.65024 -0.72255
vn 0.07566 0.96957 -0.23285
vn 0.11883 0.65031 -0.75032
vn 0.03828 0.96959 -0.2417
vn 0.15128 0.25441 -0.95519
vn -0 0.2544 -0.9671
vn -0 0.65024 -0.75973
vn -0 0.96956 -0.24484
vn -0.11884 0.65031 -0.75032
vn -0.03828 0.96959 -0.24172
vn -0.15128 0.25441 -0.95519
vn -0.29885 0.2544 -0.91977
vn -0.23477 0.65024 -0.72255
vn -0.07566 0.96956 -0.23286
vn -0.34488 0.65031 -0.67687
vn -0.1111 0.96959 -0.21805
vn -0.43905 0.25441 -0.86169
vn -0.56845 0.2544 -0.7824
vn -0.44656 0.65024 -0.61464
vn -0.14391 0.96956 -0.19807
vn -0.53717 0.65031 -0.53716
vn -0.17305 0.96959 -0.17304
vn -0.68384 0.25441 -0.68384
vn -0.7824 0.2544 -0.56845
vn -0.61463 0.65024 -0.44656
vn -0.19808 0.96956 -0.14391
vn -0.67687 0.65031 -0.34489
vn -0.21805 0.96959 -0.1111
vn -0.86169 0.25441 -0.43905
vn -0.91977 0.2544 -0.29885
vn -0.72255 0.65024 -0.23477
vn -0.23285 0.96956 -0.07566
vn -0.75032 0.65031 -0.11884
vn -0.24171 0.96959 -0.03828
vn -0.95519 0.25441 -0.15128
vn -0.9671 0.2544 0
vn -0.75973 0.65024 -0
vn -0.24484 0.96956 -0
vn -0.75032 0.65031 0.11884
vn -0.24171 0.96959 0.03828
vn -0.95519 0.25441 0.15128
vn -0.91977 0.2544 0.29885
vn -0.72255 0.65024 0.23477
vn -0.23285 0.96956 0.07566
vn -0.67687 0.65031 0.34488
vn -0.21805 0.96959 0.1111
vn -0.86169 0.25441 0.43905
vn -0.7824 0.2544 0.56845
vn -0.61463 0.65024 0.44656
vn -0.19808 0.96956 0.14391
vn -0.53717 0.65031 0.53717
vn -0.17305 0.96959 0.17305
vn -0.68384 0.25441 0.68384
vn -0.56845 0.2544 0.7824
vn -0.44656 0.65024 0.61464
vn -0.14391 0.96956 0.19808
vn -0.34488 0.65031 0.67687
vn -0.1111 0.96959 0.21805
vn -0.43906 0.25441 0.86169
vn -0.29885 0.2544 0.91977
vn -0.23477 0.65024 0.72255
vn -0.07566 0.96956 0.23285
vn -0.11884 0.65031 0.75032
vn -0.03828 0.96959 0.24171
vn -0.15128 0.25441 0.95519
vn 0 0.2544 0.9671
vn 0 0.65024 0.75973
vn 0 0.96956 0.24484
vn 0.11884 0.65031 0.75032
vn 0.03828 0.96959 0.24171
vn 0.15128 0.25441 0.95519
vn 0.29885 0.2544 0.91977
vn 0.23477 0.65024 0.72255
vn 0.07566 0.96956 0.23285
vn 0.34488 0.65031 0.67687
vn 0.1111 0.96959 0.21805
vn 0.43905 0.25441 0.86169
vn 0.56845 0.2544 0.7824
vn 0.44656 0.65024 0.61464
vn 0.14391 0.96956 0.19808
vn 0.53717 0.65031 0.53717
vn 0.17305 0.96959 0.17304
vn 0.68384 0.25441 0.68384
vn 0.7824 0.2544 0.56845
vn 0.61463 0.65024 0.44656
vn 0.19808 0.96956 0.14391
vn 0.67687 0.65031 0.34488
vn 0.21805 0.96959 0.1111
vn 0.86169 0.25441 0.43905
vn 0.91977 0.2544 0.29885
vn 0.72255 0.65024 0.23477
vn 0.23285 0.96956 0.07566
vn 0.75032 0.65031 0.11884
vn 0.24171 0.96959 0.03828
vn 0.95519 0.25441 0.15128
vn 0.89096 0.01025 -0.45397
vn 0.95101 0.01025 -0.309
vn 0.80897 0.01025 -0.58775
vn 0.70707 0.01025 -0.70707
vn 0.58775 0.01025 -0.80897
vn 0.45397 0.01025 -0.89096
vn 0.309 0.01025 -0.95101
vn 0.15642 0.01025 -0.98764
vn 0 0.01025 -0.99995
vn -0.15642 0.01025 -0.98764
vn -0.309 0.01025 -0.95101
vn -0.45397 0.01025 -0.89096
vn -0.58776 0.01025 -0.80897
vn -0.70707 0.01025 -0.70707
vn -0.80897 0.01025 -0.58776
vn -0.89096 0.01025 -0.45397
vn -0.95101 0.01025 -0.309
vn -0.98764 0.01025 -0.15642
vn -0.99995 0.01025 0
vn -0.98764 0.01025 0.15642
vn -0.95101 0.01025 0.309
vn -0.89096 0.01025 0.45397
vn -0.80897 0.01025 0.58775
vn -0.70707 0.01025 0.70707
vn -0.58776 0.01025 0.80897
vn -0.45397 0.01025 0.89096
vn -0.309 0.01025 0.95101
vn -0.15642 0.01025 0.98764
vn 0 0.01025 0.99995
vn 0.15642 0.01025 0.98764
vn 0.309 0.01025 0.95101
vn 0.45397 0.01025 0.89096
vn 0.58775 0.01025 0.80897
vn 0.70707 0.01025 0.70707
vn 0.80897 0.01025 0.58776
vn 0.89096 0.01025 0.45397
vn 0.95101 0.01025 0.309
vn 0.98764 0.01025 0.15642
vn 0.99995 0.01025 0
vn 0.98764 0.01025 -0.15642
vn -0.30309 0.94037 0.15443
vn -0.27505 0.94043 0.19984
vn -0.32334 0.94043 0.10506
vn -0.24053 0.94036 0.24054
vn -0.19984 0.94043 0.27506
vn -0.15443 0.94037 0.30309
vn -0.10506 0.94043 0.32335
vn -0.05322 0.94036 0.33598
vn -0 0.94043 0.33999
vn 0.05321 0.94037 0.33598
vn 0.10506 0.94043 0.32334
vn 0.15443 0.94037 0.30309
vn 0.19984 0.94043 0.27505
vn 0.24053 0.94037 0.24053
vn 0.27505 0.94043 0.19984
vn 0.30309 0.94037 0.15443
vn 0.32335 0.94043 0.10506
vn 0.33598 0.94037 0.05321
vn 0.33999 0.94043 0
vn 0.33598 0.94037 -0.05321
vn 0.32335 0.94043 -0.10506
vn 0.30309 0.94037 -0.15443
vn 0.27505 0.94043 -0.19983
vn 0.24053 0.94037 -0.24053
vn 0.19984 0.94043 -0.27505
vn 0.15443 0.94037 -0.30309
vn 0.10506 0.94043 -0.32335
vn 0.05321 0.94037 -0.33598
vn -0 0.94043 -0.33998
vn -0.05321 0.94037 -0.33598
vn -0.10506 0.94043 -0.32334
vn -0.15443 0.94037 -0.30309
vn -0.19984 0.94043 -0.27505
vn -0.24053 0.94036 -0.24054
vn -0.27505 0.94043 -0.19984
vn -0.30309 0.94037 -0.15443
vn -0.32334 0.94043 -0.10506
vn -0.33598 0.94037 -0.05321
vn -0.33998 0.94043 -0
vn -0.33597 0.94037 0.05321
usemtl mat0
f 1//1 2//2 3//3
f 3//3 4//4 1//1
f 5//5 1//1 4//4
f 4//4 6//6 5//5
f 7//7 8//8 1//1
f 1//1 5//5 7//7
f 8//8 9//9 2//2
f 2//2 1//1 8//8
f 10//10 5//5 6//6
f 6//6 11//11 10//10
f 12//12 10//10 11//11
f 11//11 13//13 12//12
f 14//14 15//15 10//10
f 10//10 12//12 14//14
f 15//15 7//7 5//5
f 5//5 10//10 15//15
f 16//16 12//12 13//13
f 13//13 17//17 16//16
f 18//18 16//16 17//17
f 17//17 19//19 18//18
f 20//20 21//21 16//16
f 16//16 18//18 20//20
f 21//21 14//14 12//12
f 12//12 16//16 21//21
f 22//22 18//18 19//19
f 19//19 23//23 22//22
f 24//24 22//22 23//23
f 23//23 25//25 24//24
f 26//26 27//27 22//22
f 22//22 24//24 26//26
f 27//27 20//20 18//18
f 18//18 22//22 27//27
f 28//28 24//24 25//25
f 25//25 29//29 28//28
f 30//30 28//28 29//29
f 29//29 31//31 30//30
f 32//32 33//33 28//28
f 28//28 30//30 32//32
f 33//33 26//26 24//24
f 24//24 28//28 33//33
f 34//34 30//30 31//31
f 31//31 35//35 34//34
f 36//36 34//34 35//35
f 35//35 37//37 36//36
f 38//38 39//39 34//34
f 34//34 36//36 38//38
f 39//39 32//32 30//30
f 30//30 34//34 39//39
f 40//40 36//36 37//37
f 37//37 41//41 40//40
f 42//42 40//40 41//41
f 41//41 43//43 42//42
f 44//44 45//45 40//40
f 40//40 42//42 44//44
f 45//45 38//38 36//36
f 36//36 40//40 45//45
f 46//46 42//42 43//43
f 43//43 47//47 46//46
f 48//48 46//46 47//47
f 47//47 49//49 48//48
f 50//50 51//51 46//46
f 46//46 48//48 50//50
f 51//51 44//44 42//42
f 42//42 46//46 51//51
f 52//52 48//48 49//49
f 49//49 53//53 52//52
f 54//54 52//52 53//53
f 53//53 55//55 54//54
f 56//56 57//57 52//52
f 52//52 54//54 56//56
f 57//57 50//50 48//48
f 48//48 52//52 57//57
f 58//58 54//54 55//55
f 55//55 59//59 58//58
f 60//60 58//58 59//59
f 59//59 61//61 60//60
f 62//62 63//63 58//58
f 58//58 60//60 62//62
f 63//63 56//56 54//54
f 54//54 58//58 63//63
f 64//64 60//60 61//61
f 61//61 65//65 64//64
f 66//66 64//64 65//65
f 65//65 67//67 66//66
f 68//68 69//69 64//64
f 64//64 66//66 68//68
f 69//69 62//62 60//60
f 60//60 64//64 69//69
f 70//70 66//66 67//67
f 67//67 71//71 70//70
f 72//72 70//70 71//71
f 71//71 73//73 72//72
f 74//74 75//75 70//70
f 70//70 72//72 74//74
f 75//75 68//68 66//66
f 66//66 70//70 75//75
f 76//76 72//72 73//73
f 73//73 77//77 76//76
f 78//78 76//76 77//77
f 77//77 79//79 78//78
f 80//80 81//81 76//76
f 76//76 78//78 80//80
f 81//81 74//74 72//72
f 72//72 76//76 81//81
f 82//82 78//78 79//79
f 79//79 83//83 82//82
f 84//84 82//82 83//83
f 83//83 85//85 84//84
f 86//86 87//87 82//82
f 82//82 84//84 86//86
f 87//87 80//80 78//78
f 78//78 82//82 87//87
f 88//88 84//84 85//85
f 85//85 89//89 88//88
f 90//90 88//88 89//89
f 89//89 91//91 90//90
f 92//92 93//93 88//88
f 88//88 90//90 92//92
f 93//93 86//86 84//84
f 84//84 88//88 93//93
f 94//94 90//90 91//91
f 91//91 95//95 94//94
f 96//96 94//94 95//95
f 95//95 97//97 96//96
f 98//98 99//99 94//94
f 94//94 96//96 98//98
f 99//99 92//92 90//90
f 90//90 94//94 99//99
f 100//100 96//96 97//97
f 97//97 101//101 100//100
f 102//102 100//100 101//101
f 101//101 103//103 102//102
f 104//104 105//105 100//100
f 100//100 102//102 104//104
f 105//105 98//98 96//96
f 96//96 100//100 105//105
f 106//106 102//102 103//103
f 103//103 107//107 106//106
f 108//108 106//106 107//107
f 107//107 109//109 108//108
f 110//110 111//111 106//106
f 106//106 108//108 110//110
f 111//111 104//104 102//102
f 102//102 106//106 111//111
f 112//112 108//108 109//109
f 109//109 113//113 112//112
f 114//114 112//112 113//113
f 113//113 115//115 114//114
f 116//116 117//117 112//112
f 112//112 114//114 116//116
f 117//117 110//110 108//108
f 108//108 112//112 117//117
f 118//118 114//114 115//115
f 115//115 119//119 118//118
f 2//2 118//118 119//119
f 119//119 3//3 2//2
f 9//9 120//120 118//118
f 118//118 2//2 9//9
f 120//120 116//116 114//114
f 114//114 118//118 120//120
f 121//121 122//122 6//6
f 6//6 4//4 121//121
f 121//121 4//4 3//3
f 3//3 123//123 121//121
f 121//121 123//123 124//124
f 124//124 122//122 121//121
f 125//125 126//126 13//13
f 13//13 11//11 125//125
f 125//125 11//11 6//6
f 6//6 122//122 125//125
f 125//125 122//122 124//124
f 124//124 126//126 125//125
f 127//127 128//128 19//19
f 19//19 17//17 127//127
f 127//127 17//17 13//13
f 13//13 126//126 127//127
f 127//127 126//126 124//124
f 124//124 128//128 127//127
f 129//129 130//130 25//25
f 25//25 23//23 129//129
f 129//129 23//23 19//19
f 19//19 128//128 129//129
f 129//129 128//128 124//124
f 124//124 130//130 129//129
f 131//131 132//132 31//31
f 31//31 29//29 131//131
f 131//131 29//29 25//25
f 25//25 130//130 131//131
f 131//131 130//130 124//124
f 124//124 132//132 131//131
f 133//133 134//134 37//37
f 37//37 35//35 133//133
f 133//133 35//35 31//31
f 31//31 132//132 133//133
f 133//133 132//132 124//124
f 124//124 134//134 133//133
f 135//135 136//136 43//43
f 43//43 41//41 135//135
f 135//135 41//41 37//37
f 37//37 134//134 135//135
f 135//135 134//134 124//124
f 124//124 136//136 135//135
f 137//137 138//138 49//49
f 49//49 47//47 137//137
f 137//137 47//47 43//43
f 43//43 136//136 137//137
f 137//137 136//136 124//124
f 124//124 138//138 137//137
f 139//139 140//140 55//55
f 55//55 53//53 139//139
f 139//139 53//53 49//49
f 49//49 138//138 139//139
f 139//139 138//138 124//124
f 124//124 140//140 139//139
f 141//141 142//142 61//61
f 61//61 59//59 141//141
f 141//141 59//59 55//55
f 55//55 140//140 141//141
f 141//141 140//140 124//124
f 124//124 142//142 141//141
f 143//143 144//144 67//67
f 67//67 65//65 143//143
f 143//143 65//65 61//61
f 61//61 142//142 143//143
f 143//143 142//142 124//124
f 124//124 144//144 143//143
f 145//145 146//146 73//73
f 73//73 71//71 145//145
f 145//145 71//71 67//67
f 67//67 144//144 145//145
f 145//145 144//144 124//124
f 124//124 146//146 145//145
f 147//147 148//148 79//79
f 79//79 77//77 147//147
f 147//147 77//77 73//73
f 73//73 146//146 147//147
f 147//147 146//146 124//124
f 124//124 148//148 147//147
f 149//149 150//150 85//85
f 85//85 83//83 149//149
f 149//149 83//83 79//79
f 79//79 148//148 149//149
f 149//149 148//148 124//124
f 124//124 150//150 149//149
f 151//151 152//152 91//91
f 91//91 89//89 151//151
f 151//151 89//89 85//85
f 85//85 150//150 151//151
f 151//151 150//150 124//124
f 124//124 152//152 151//151
f 153//153 154//154 97//97
f 97//97 95//95 153//153
f 153//153 95//95 91//91
f 91//91 152//152 153//153
f 153//153 152//152 124//124
f 124//124 154//154 153//153
f 155//155 156//156 103//103
f 103//103 101//101 155//155
f 155//155 101//101 97//97
f 97//97 154//154 155//155
f 155//155 154//154 124//124
f 124//124 156//156 155//155
f 157//157 158//158 109//109
f 109//109 107//107 157//157
f 157//157 107//107 103//103
f 103//103 156//156 157//157
f 157//157 156//156 124//124
f 124//124 158//158 157//157
f 159//159 160//160 115//115
f 115//115 113//113 159//159
f 159//159 113//113 109//109
f 109//109 158//158 159//159
f 159//159 158//158 124//124
f 124//124 160//160 159//159
f 161//161 123//123 3//3
f 3//3 119//119 161//161
f 161//161 119//119 115//115
f 115//115 160//160 161//161
f 161//161 160//160 124//124
f 124//124 123//123 161//161
f 162//162 163//163 9//9
f 9//9 8//8 162//162
f 164//164 162//162 8//8
f 8//8 7//7 164//164
f 165//165 166//166 162//162
f 162//162 164//164 165//165
f 166//166 167//167 163//163
f 163//163 162//162 166//166
f 168//168 164//164 7//7
f 7//7 15//15 168//168
f 169//169 168//168 15//15
f 15//15 14//14 169//169
f 170//170 171//171 168//168
f 168//168 169//169 170//170
f 171//171 165//165 164//164
f 164//164 168//168 171//171
f 172//172 169//169 14//14
f 14//14 21//21 172//172
f 173//173 172//172 21//21
f 21//21 20//20 173//173
f 174//174 175//175 172//172
f 172//172 173//173 174//174
f 175//175 170//170 169//169
f 169//169 172//172 175//175
f 176//176 173//173 20//20
f 20//20 27//27 176//176
f 177//177 176//176 27//27
f 27//27 26//26 177//177
f 178//178 179//179 176//176
f 176//176 177//177 178//178
f 179//179 174//174 173//173
f 173//173 176//176 179//179
f 180//180 177//177 26//26
f 26//26 33//33 180//180
f 181//181 180//180 33//33
f 33//33 32//32 181//181
f 182//182 183//183 180//180
f 180//180 181//181 182//182
f 183//183 178//178 177//177
f 177//177 180//180 183//183
f 184//184 181//181 32//32
f 32//32 39//39 184//184
f 185//185 184//184 39//39
f 39//39 38//38 185//185
f 186//186 187//187 184//184
f 184//184 185//185 186//186
f 187//187 182//182 181//181
f 181//181 184//184 187//187
f 188//188 185//185 38//38
f 38//38 45//45 188//188
f 189//189 188//188 45//45
f 45//45 44//44 189//189
f 190//190 191//191 188//188
f 188//188 189//189 190//190
f 191//191 186//186 185//185
f 185//185 188//188 191//191
f 192//192 189//189 44//44
f 44//44 51//51 192//192
f 193//193 192//192 51//51
f 51//51 50//50 193//193
f 194//194 195//195 192//192
f 192//192 193//193 194//194
f 195//195 190//190 189//189
f 189//189 192//192 195//195
f 196//196 193//193 50//50
f 50//50 57//57 196//196
f 197//197 196//196 57//57
f 57//57 56//56 197//197
f 198//198 199//199 196//196
f 196//196 197//197 198//198
f 199//199 194//194 193//193
f 193//193 196//196 199//199
f 200//200 197//197 56//56
f 56//56 63//63 200//200
f 201//201 200//200 63//63
f 63//63 62//62 201//201
f 202//202 203//203 200//200
f 200//200 201//201 202//202
f 203//203 198//198 197//197
f 197//197 200//200 203//203
f 204//204 201//201 62//62
f 62//62 69//69 204//204
f 205//205 204//204 69//69
f 69//69 68//68 205//205
f 206//206 207//207 204//204
f 204//204 205//205 206//206
f 207//207 202//202 201//201
f 201//201 204//204 207//207
f 208//208 205//205 68//68
f 68//68 75//75 208//208
f 209//209 208//208 75//75
f 75//75 74//74 209//209
f 210//210 211//211 208//208
f 208//208 209//209 210//210
f 211//211 206//206 205//205
f 205//205 208//208 211//211
f 212//212 209//209 74//74
f 74//74 81//81 212//212
f 213//213 212//212 81//81
f 81//81 80//80 213//213
f 214//214 215//215 212//212
f 212//212 213//213 214//214
f 215//215 210//210 209//209
f 209//209 212//212 215//215
f 216//216 213//213 80//80
f 80//80 87//87 216//216
f 217//217 216//216 87//87
f 87//87 86//86 217//217
f 218//218 219//219 216//216
f 216//216 217//217 218//218
f 219//219 214//214 213//213
f 213//213 216//216 219//219
f 220//220 217//217 86//86
f 86//86 93//93 220//220
f 221//221 220//220 93//93
f 93//93 92//92 221//221
f 222//222 223//223 220//220
f 220//220 221//221 222//222
f 223//223 218//218 217//217
f 217//217 220//220 223//223
f 224//224 221//221 92//92
f 92//92 99//99 224//224
f 225//225 224//224 99//99
f 99//99 98//98 225//225
f 226//226 227//227 224//224
f 224//224 225//225 226//226
f 227//227 222//222 221//221
f 221//221 224//224 227//227
f 228//228 225//225 98//98
f 98//98 105//105 228//228
f 229//229 228//228 105//105
f 105//105 104//104 229//229
f 230//230 231//231 228//228
f 228//228 229//229 230//230
f 231//231 226//226 225//225
f 225//225 228//228 231//231
f 232//232 229//229 104//104
f 104//104 111//111 232//232
f 233//233 232//232 111//111
f 111//111 110//110 233//233
f 234//234 235//235 232//232
f 232//232 233//233 234//234
f 235//235 230//230 229//229
f 229//229 232//232 235//235
f 236//236 233//233 110//110
f 110//110 117//117 236//236
f 237//237 236//236 117//117
f 117//117 116//116 237//237
f 238//238 239//239 236//236
f 236//236 237//237 238//238
f 239//239 234//234 233//233
f 233//233 236//236 239//239
f 240//240 237//237 116//116
f 116//116 120//120 240//240
f 163//163 240//240 120//120
f 120//120 9//9 163//163
f 167//167 241//241 240//240
f 240//240 163//163 167//167
f 241//241 238//238 237//237
f 237//237 240//240 241//241
f 242//242 243//243 244//244
f 244//244 245//245 242//242
f 246//246 242//242 245//245
f 245//245 247//247 246//246
f 248//248 249//249 242//242
f 242//242 246//246 248//248
f 249//249 250//250 243//243
f 243//243 242//242 249//249
f 251//251 241//241 167//167
f 167//167 252//252 251//251
f 253//253 251//251 252//252
f 252//252 254//254 253//253
f 255//255 256//256 251//251
f 251//251 253//253 255//255
f 256//256 238//238 241//241
f 241//241 251//251 256//256
f 257//257 253//253 254//254
f 254//254 258//258 257//257
f 243//243 257//257 258//258
f 258//258 244//244 243//243
f 250//250 259//259 257//257
f 257//257 243//243 250//250
f 259//259 255//255 253//253
f 253//253 257//257 259//259
f 260//260 261//261 247//247
f 247//247 245//245 260//260
f 262//262 260//260 245//245
f 245//245 244//244 262//262
f 263//263 264//264 260//260
f 260//260 262//262 263//263
f 264//264 265//265 261//261
f 261//261 260//260 264//264
f 266//266 262//262 244//244
f 244//244 258//258 266//266
f 267//267 266//266 258//258
f 258//258 254//254 267//267
f 268//268 269//269 266//266
f 266//266 267//267 268//268
f 269//269 263//263 262//262
f 262//262 266//266 269//269
f 270//270 267//267 254//254
f 254//254 252//252 270//270
f 166//166 270//270 252//252
f 252//252 167//167 166//166
f 165//165 271//271 270//270
f 270//270 166//166 165//165
f 271//271 268//268 267//267
f 267//267 270//270 271//271
f 272//272 273//273 265//265
f 265//265 264//264 272//272
f 274//274 272//272 264//264
f 264//264 263//263 274//274
f 275//275 276//276 272//272
f 272//272 274//274 275//275
f 276//276 277//277 273//273
f 273//273 272//272 276//276
f 278//278 274//274 263//263
f 263//263 269//269 278//278
f 279//279 278//278 269//269
f 269//269 268//268 279//279
f 280//280 281//281 278//278
f 278//278 279//279 280//280
f 281//281 275//275 274//274
f 274//274 278//278 281//281
f 282//282 279//279 268//268
f 268//268 271//271 282//282
f 171//171 282//282 271//271
f 271//271 165//165 171//171
f 170//170 283//283 282//282
f 282//282 171//171 170//170
f 283//283 280//280 279//279
f 279//279 282//282 283//283
f 284//284 285//285 277//277
f 277//277 276//276 284//284
f 286//286 284//284 276//276
f 276//276 275//275 286//286
f 287//287 288//288 284//284
f 284//284 286//286 287//287
f 288//288 289//289 285//285
f 285//285 284//284 288//288
f 290//290 286//286 275//275
f 275//275 281//281 290//290
f 291//291 290//290 281//281
f 281//281 280//280 291//291
f 292//292 293//293 290//290
f 290//290 291//291 292//292
f 293//293 287//287 286//286
f 286//286 290//290 293//293
f 294//294 291//291 280//280
f 280//280 283//283 294//294
f 175//175 294//294 283//283
f 283//283 170//170 175//175
f 174//174 295//295 294//294
f 294//294 175//175 174//174
f 295//295 292//292 291//291
f 291//291 294//294 295//295
f 296//296 297//297 289//289
f 289//289 288//288 296//296
f 298//298 296//296 288//288
f 288//288 287//287 298//298
f 299//299 300//300 296//296
f 296//296 298//298 299//299
f 300//300 301//301 297//297
f 297//297 296//296 300//300
f 302//302 298//298 287//287
f 287//287 293//293 302//302
f 303//303 302//302 293//293
f 293//293 292//292 303//303
f 304//304 305//305 302//302
f 302//302 303//303 304//304
f 305//305 299//299 298//298
f 298//298 302//302 305//305
f 306//306 303//303 292//292
f 292//292 295//295 306//306
f 179//179 306//306 295//295
f 295//295 174//174 179//179
f 178//178 307//307 306//306
f 306//306 179//179 178//178
f 307//307 304//304 303//303
f 303//303 306//306 307//307
f 308//308 309//309 301//301
f 301//301 300//300 308//308
f 310//310 308//308 300//300
f 300//300 299//299 310//310
f 311//311 312//312 308//308
f 308//308 310//310 311//311
f 312//312 313//313 309//309
f 309//309 308//308 312//312
f 314//314 310//310 299//299
f 299//299 305//305 314//314
f 315//315 314//314 305//305
f 305//305 304//304 315//315
f 316//316 317//317 314//314
f 314//314 315//315 316//316
f 317//317 311//311 310//310
f 310//310 314//314 317//317
f 318//318 315//315 304//304
f 304//304 307//307 318//318
f 183//183 318//318 307//307
f 307//307 178//178 183//183
f 182//182 319//319 318//318
f 318//318 183//183 182//182
f 319//319 316//316 315//315
f 315//315 318//318 319//319
f 320//320 321//321 313//313
f 313//313 312//312 320//320
f 322//322 320//320 312//312
f 312//312 311//311 322//322
f 323//323 324//324 320//320
f 320//320 322//322 323//323
f 324//324 325//325 321//321
f 321//321 320//320 324//324
f 326//326 322//322 311//311
f 311//311 317//317 326//326
f 327//327 326//326 317//317
f 317//317 316//316 327//327
f 328//328 329//329 326//326
f 326//326 327//327 328//328
f 329//329 323//323 322//322
f 322//322 326//326 329//329
f 330//330 327//327 316//316
f 316//316 319//319 330//330
f 187//187 330//330 319//319
f 319//319 182//182 187//187
f 186//186 331//331 330//330
f 330//330 187//187 186//186
f 331//331 328//328 327//327
f 327//327 330//330 331//331
f 332//332 333//333 325//325
f 325//325 324//324 332//332
f 334//334 332//332 324//324
f 324//324 323//323 334//334
f 335//335 336//336 332//332
f 332//332 334//334 335//335
f 336//336 337//337 333//333
f 333//333 332//332 336//336
f 338//338 334//334 323//323
f 323//323 329//329 338//338
f 339//339 338//338 329//329
f 329//329 328//328 339//339
f 340//340 341//341 338//338
f 338//338 339//339 340//340
f 341//341 335//335 334//334
f 334//334 338//338 341//341
f 342//342 339//339 328//328
f 328//328 331//331 342//342
f 191//191 342//342 331//331
f 331//331 186//186 191//191
f 190//190 343//343 342//342
f 342//342 191//191 190//190
f 343//343 340//340 339//339
f 339//339 342//342 343//343
f 344//344 345//345 337//337
f 337//337 336//336 344//344
f 346//346 344//344 336//336
f 336//336 335//335 346//346
f 347//347 348//348 344//344
f 344//344 346//346 347//347
f 348//348 349//349 345//345
f 345//345 344//344 348//348
f 350//350 346//346 335//335
f 335//335 341//341 350//350
f 351//351 350//350 341//341
f 341//341 340//340 351//351
f 352//352 353//353 350//350
f 350//350 351//351 352//352
f 353//353 347//347 346//346
f 346//346 350//350 353//353
f 354//354 351//351 340//340
f 340//340 343//343 354//354
f 195//195 354//354 343//343
f 343//343 190//190 195//195
f 194//194 355//355 354//354
f 354//354 195//195 194//194
f 355//355 352//352 351//351
f 351//351 354//354 355//355
f 356//356 357//357 349//349
f 349//349 348//348 356//356
f 358//358 356//356 348//348
f 348//348 347//347 358//358
f 359//359 360//360 356//356
f 356//356 358//358 359//359
f 360//360 361//361 357//357
f 357//357 356//356 360//360
f 362//362 358//358 347//347
f 347//347 353//353 362//362
f 363//363 362//362 353//353
f 353//353 352//352 363//363
f 364//364 365//365 362//362
f 362//362 363//363 364//364
f 365//365 359//359 358//358
f 358//358 362//362 365//365
f 366//366 363//363 352//352
f 352//352 355//355 366//366
f 199//199 366//366 355//355
f 355//355 194//194 199//199
f 198//198 367//367 366//366
f 366//366 199//199 198//198
f 367//367 364//364 363//363
f 363//363 366//366 367//367
f 368//368 369//369 361//361
f 361//361 360//360 368//368
f 370//370 368//368 360//360
f 360//360 359//359 370//370
f 371//371 372//372 368//368
f 368//368 370//370 371//371
f 372//372 373//373 369//369
f 369//369 368//368 372//372
f 374//374 370//370 359//359
f 359//359 365//365 374//374
f 375//375 374//374 365//365
f 365//365 364//364 375//375
f 376//376 377//377 374//374
f 374//374 375//375 376//376
f 377//377 371//371 370//370
f 370//370 374//374 377//377
f 378//378 375//375 364//364
f 364//364 367//367 378//378
f 203//203 378//378 367//367
f 367//367 198//198 203//203
f 202//202 379//379 378//378
f 378//378 203//203 202//202
f 379//379 376//376 375//375
f 375//375 378//378 379//379
f 380//380 381//381 373//373
f 373//373 372//372 380//380
f 382//382 380//380 372//372
f 372//372 371//371 382//382
f 383//383 384//384 380//380
f 380//380 382//382 383//383
f 384//384 385//385 381//381
f 381//381 380//380 384//384
f 386//386 382//382 371//371
f 371//371 377//377 386//386
f 387//387 386//386 377//377
f 377//377 376//376 387//387
f 388//388 389//389 386//386
f 386//386 387//387 388//388
f 389//389 383//383 382//382
f 382//382 386//386 389//389
f 390//390 387//387 376//376
f 376//376 379//379 390//390
f 207//207 390//390 379//379
f 379//379 202//202 207//207
f 206//206 391//391 390//390
f 390//390 207//207 206//206
f 391//391 388//388 387//387
f 387//387 390//390 391//391
f 392//392 393//393 385//385
f 385//385 384//384 392//392
f 394//394 392//392 384//384
f 384//384 383//383 394//394
f 395//395 396//396 392//392
f 392//392 394//394 395//395
f 396//396 397//397 393//393
f 393//393 392//392 396//396
f 398//398 394//394 383//383
f 383//383 389//389 398//398
f 399//399 398//398 389//389
f 389//389 388//388 399//399
f 400//400 401//401 398//398
f 398//398 399//399 400//400
f 401//401 395//395 394//394
f 394//394 398//398 401//401
f 402//402 399//399 388//388
f 388//388 391//391 402//402
f 211//211 402//402 391//391
f 391//391 206//206 211//211
f 210//210 403//403 402//402
f 402//402 211//211 210//210
f 403//403 400//400 399//399
f 399//399 402//402 403//403
f 404//404 405//405 397//397
f 397//397 396//396 404//404
f 406//406 404//404 396//396
f 396//396 395//395 406//406
f 407//407 408//408 404//404
f 404//404 406//406 407//407
f 408//408 409//409 405//405
f 405//405 404//404 408//408
f 410//410 406//406 395//395
f 395//395 401//401 410//410
f 411//411 410//410 401//401
f 401//401 400//400 411//411
f 412//412 413//413 410//410
f 410//410 411//411 412//412
f 413//413 407//407 406//406
f 406//406 410//410 413//413
f 414//414 411//411 400//400
f 400//400 403//403 414//414
f 215//215 414//414 403//403
f 403//403 210//210 215//215
f 214//214 415//415 414//414
f 414//414 215//215 214//214
f 415//415 412//412 411//411
f 411//411 414//414 415//415
f 416//416 417//417 409//409
f 409//409 408//408 416//416
f 418//418 416//416 408//408
f 408//408 407//407 418//418
f 419//419 420//420 416//416
f 416//416 418//418 419//419
f 420//420 421//421 417//417
f 417//417 416//416 420//420
f 422//422 418//418 407//407
f 407//407 413//413 422//422
f 423//423 422//422 413//413
f 413//413 412//412 423//423
f 424//424 425//425 422//422
f 422//422 423//423 424//424
f 425//425 419//419 418//418
f 418//418 422//422 425//425
f 426//426 423//423 412//412
f 412//412 415//415 426//426
f 219//219 426//426 415//415
f 415//415 214//214 219//219
f 218//218 427//427 426//426
f 426//426 219//219 218//218
f 427//427 424//424 423//423
f 423//423 426//426 427//427
f 428//428 429//429 421//421
f 421//421 420//420 428//428
f 430//430 428//428 420//420
f 420//420 419//419 430//430
f 431//431 432//432 428//428
f 428//428 430//430 431//431
f 432//432 433//433 429//429
f 429//429 428//428 432//432
f 434//434 430//430 419//419
f 419//419 425//425 434//434
f 435//435 434//434 425//425
f 425//425 424//424 435//435
f 436//436 437//437 434//434
f 434//434 435//435 436//436
f 437//437 431//431 430//430
f 430//430 434//434 437//437
f 438//438 435//435 424//424
f 424//424 427//427 438//438
f 223//223 438//438 427//427
f 427//427 218//218 223//223
f 222//222 439//439 438//438
f 438//438 223//223 222//222
f 439//439 436//436 435//435
f 435//435 438//438 439//439
f 440//440 441//441 433//433
f 433//433 432//432 440//440
f 442//442 440//440 432//432
f 432//432 431//431 442//442
f 443//443 444//444 440//440
f 440//440 442//442 443//443
f 444//444 445//445 441//441
f 441//441 440//440 444//444
f 446//446 442//442 431//431
f 431//431 437//437 446//446
f 447//447 446//446 437//437
f 437//437 436//436 447//447
f 448//448 449//449 446//446
f 446//446 447//447 448//448
f 449//449 443//443 442//442
f 442//442 446//446 449//449
f 450//450 447//447 436//436
f 436//436 439//439 450//450
f 227//227 450//450 439//439
f 439//439 222//222 227//227
f 226//226 451//451 450//450
f 450//450 227//227 226//226
f 451//451 448//448 447//447
f 447//447 450//450 451//451
f 452//452 453//453 445//445
f 445//445 444//444 452//452
f 454//454 452//452 444//444
f 444//444 443//443 454//454
f 455//455 456//456 452//452
f 452//452 454//454 455//455
f 456//456 457//457 453//453
f 453//453 452//452 456//456
f 458//458 454//454 443//443
f 443//443 449//449 458//458
f 459//459 458//458 449//449
f 449//449 448//448 459//459
f 460//460 461//461 458//458
f 458//458 459//459 460//460
f 461//461 455//455 454//454
f 454//454 458//458 461//461
f 462//462 459//459 448//448
f 448//448 451//451 462//462
f 231//231 462//462 451//451
f 451//451 226//226 231//231
f 230//230 463//463 462//462
f 462//462 231//231 230//230
f 463//463 460//460 459//459
f 459//459 462//462 463//463
f 464//464 465//465 457//457
f 457//457 456//456 464//464
f 466//466 464//464 456//456
f 456//456 455//455 466//466
f 467//467 468//468 464//464
f 464//464 466//466 467//467
f 468//468 469//469 465//465
f 465//465 464//464 468//468
f 470//470 466//466 455//455
f 455//455 461//461 470//470
f 471//471 470//470 461//461
f 461//461 460//460 471//471
f 472//472 473//473 470//470
f 470//470 471//471 472//472
f 473//473 467//467 466//466
f 466//466 470//470 473//473
f 474//474 471//471 460//460
f 460//460 463//463 474//474
f 235//235 474//474 463//463
f 463//463 230//230 235//235
f 234//234 475//475 474//474
f 474//474 235//235 234//234
f 475//475 472//472 471//471
f 471//471 474//474 475//475
f 476//476 477//477 469//469
f 469//469 468//468 476//476
f 478//478 476//476 468//468
f 468//468 467//467 478//478
f 250//250 249//249 476//476
f 476//476 478//478 250//250
f 249//249 248//248 477//477
f 477//477 476//476 249//249
f 479//479 478//478 467//467
f 467//467 473//473 479//479
f 480//480 479//479 473//473
f 473//473 472//472 480//480
f 255//255 259//259 479//479
f 479//479 480//480 255//255
f 259//259 250//250 478//478
f 478//478 479//479 259//259
f 481//481 480//480 472//472
f 472//472 475//475 481//481
f 239//239 481//481 475//475
f 475//475 234//234 239//239
f 238//238 256//256 481//481
f 481//481 239//239 238//238
f 256//256 255//255 480//480
f 480//480 481//481 256//256
f 482//482 483//483 247//247
f 247//247 261//261 482//482
f 484//484 482//482 261//261
f 261//261 265//265 484//484
f 485//485 486//486 482//482
f 482//482 484//484 485//485
f 486//486 487//487 483//483
f 483//483 482//482 486//486
f 488//488 484//484 265//265
f 265//265 273//273 488//488
f 489//489 488//488 273//273
f 273//273 277//277 489//489
f 490//490 491//491 488//488
f 488//488 489//489 490//490
f 491//491 485//485 484//484
f 484//484 488//488 491//491
f 492//492 489//489 277//277
f 277//277 285//285 492//492
f 493//493 492//492 285//285
f 285//285 289//289 493//493
f 494//494 495//495 492//492
f 492//492 493//493 494//494
f 495//495 490//490 489//489
f 489//489 492//492 495//495
f 496//496 493//493 289//289
f 289//289 297//297 496//496
f 497//497 496//496 297//297
f 297//297 301//301 497//497
f 498//498 499//499 496//496
f 496//496 497//497 498//498
f 499//499 494//494 493//493
f 493//493 496//496 499//499
f 500//500 497//497 301//301
f 301//301 309//309 500//500
f 501//501 500//500 309//309
f 309//309 313//313 501//501
f 502//502 503//503 500//500
f 500//500 501//501 502//502
f 503//503 498//498 497//497
f 497//497 500//500 503//503
f 504//504 501//501 313//313
f 313//313 321//321 504//504
f 505//505 504//504 321//321
f 321//321 325//325 505//505
f 506//506 507//507 504//504
f 504//504 505//505 506//506
f 507//507 502//502 501//501
f 501//501 504//504 507//507
f 508//508 505//505 325//325
f 325//325 333//333 508//508
f 509//509 508//508 333//333
f 333//333 337//337 509//509
f 510//510 511//511 508//508
f 508//508 509//509 510//510
f 511//511 506//506 505//505
f 505//505 508//508 511//511
f 512//512 509//509 337//337
f 337//337 345//345 512//512
f 513//513 512//512 345//345
f 345//345 349//349 513//513
f 514//514 515//515 512//512
f 512//512 513//513 514//514
f 515//515 510//510 509//509
f 509//509 512//512 515//515
f 516//516 513//513 349//349
f 349//349 357//357 516//516
f 517//517 516//516 357//357
f 357//357 361//361 517//517
f 518//518 519//519 516//516
f 516//516 517//517 518//518
f 519//519 514//514 513//513
f 513//513 516//516 519//519
f 520//520 517//517 361//361
f 361//361 369//369 520//520
f 521//521 520//520 369//369
f 369//369 373//373 521//521
f 522//522 523//523 520//520
f 520//520 521//521 522//522
f 523//523 518//518 517//517
f 517//517 520//520 523//523
f 524//524 521//521 373//373
f 373//373 381//381 524//524
f 525//525 524//524 381//381
f 381//381 385//385 525//525
f 526//526 527//527 524//524
f 524//524 525//525 526//526
f 527//527 522//522 521//521
f 521//521 524//524 527//527
f 528//528 525//525 385//385
f 385//385 393//393 528//528
f 529//529 528//528 393//393
f 393//393 397//397 529//529
f 530//530 531//531 528//528
f 528//528 529//529 530//530
f 531//531 526//526 525//525
f 525//525 528//528 531//531
f 532//532 529//529 397//397
f 397//397 405//405 532//532
f 533//533 532//532 405//405
f 405//405 409//409 533//533
f 534//534 535//535 532//532
f 532//532 533//533 534//534
f 535//535 530//530 529//529
f 529//529 532//532 535//535
f 536//536 533//533 409//409
f 409//409 417//417 536//536
f 537//537 536//536 417//417
f 417//417 421//421 537//537
f 538//538 539//539 536//536
f 536//536 537//537 538//538
f 539//539 534//534 533//533
f 533//533 536//536 539//539
f 540//540 537//537 421//421
f 421//421 429//429 540//540
f 541//541 540//540 429//429
f 429//429 433//433 541//541
f 542//542 543//543 540//540
f 540//540 541//541 542//542
f 543//543 538//538 537//537
f 537//537 540//540 543//543
f 544//544 541//541 433//433
f 433//433 441//441 544//544
f 545//545 544//544 441//441
f 441//441 445//445 545//545
f 546//546 547//547 544//544
f 544//544 545//545 546//546
f 547//547 542//542 541//541
f 541//541 544//544 547//547
f 548//548 545//545 445//445
f 445//445 453//453 548//548
f 549//549 548//548 453//453
f 453//453 457//457 549//549
f 550//550 551//551 548//548
f 548//548 549//549 550//550
f 551//551 546//546 545//545
f 545//545 548//548 551//551
f 552//552 549//549 457//457
f 457//457 465//465 552//552
f 553//553 552//552 465//465
f 465//465 469//469 553//553
f 554//554 555//555 552//552
f 552//552 553//553 554//554
f 555//555 550//550 549//549
f 549//549 552//552 555//555
f 556//556 553//553 469//469
f 469//469 477//477 556//556
f 557//557 556//556 477//477
f 477//477 248//248 557//557
f 558//558 559//559 556//556
f 556//556 557//557 558//558
f 559//559 554//554 553//553
f 553//553 556//556 559//559
f 560//560 557//557 248//248
f 248//248 246//246 560//560
f 483//483 560//560 246//246
f 246//246 247//247 483//483
f 487//487 561//561 560//560
f 560//560 483//483 487//487
f 561//561 558//558 557//557
f 557//557 560//560 561//561
f 562//562 563//563 564//564
f 564//564 565//565 562//562
f 566//566 562//562 565//565
f 565//565 567//567 566//566
f 568//568 569//569 562//562
f 562//562 566//566 568//568
f 569//569 570//570 563//563
f 563//563 562//562 569//569
f 571//571 486//486 485//485
f 485//485 572//572 571//571
f 573//573 571//571 572//572
f 572//572 574//574 573//573
f 575//575 576//576 571//571
f 571//571 573//573 575//575
f 576//576 487//487 486//486
f 486//486 571//571 576//576
f 577//577 573//573 574//574
f 574//574 578//578 577//577
f 563//563 577//577 578//578
f 578//578 564//564 563//563
f 570//570 579//579 577//577
f 577//577 563//563 570//570
f 579//579 575//575 573//573
f 573//573 577//577 579//579
f 580//580 581//581 570//570
f 570//570 569//569 580//580
f 582//582 580//580 569//569
f 569//569 568//568 582//582
f 583//583 584//584 580//580
f 580//580 582//582 583//583
f 584//584 585//585 581//581
f 581//581 580//580 584//584
f 586//586 561//561 487//487
f 487//487 576//576 586//586
f 587//587 586//586 576//576
f 576//576 575//575 587//587
f 588//588 589//589 586//586
f 586//586 587//587 588//588
f 589//589 558//558 561//561
f 561//561 586//586 589//589
f 590//590 587//587 575//575
f 575//575 579//579 590//590
f 581//581 590//590 579//579
f 579//579 570//570 581//581
f 585//585 591//591 590//590
f 590//590 581//581 585//585
f 591//591 588//588 587//587
f 587//587 590//590 591//591
f 592//592 593//593 594//594
f 594//594 595//595 592//592
f 565//565 592//592 595//595
f 595//595 567//567 565//565
f 564//564 596//596 592//592
f 592//592 565//565 564//564
f 596//596 597//597 593//593
f 593//593 592//592 596//596
f 598//598 596//596 564//564
f 564//564 578//578 598//598
f 599//599 598//598 578//578
f 578//578 574//574 599//599
f 600//600 601//601 598//598
f 598//598 599//599 600//600
f 601//601 597//597 596//596
f 596//596 598//598 601//601
f 602//602 599//599 574//574
f 574//574 572//572 602//602
f 491//491 602//602 572//572
f 572//572 485//485 491//491
f 490//490 603//603 602//602
f 602//602 491//491 490//490
f 603//603 600//600 599//599
f 599//599 602//602 603//603
f 604//604 605//605 606//606
f 606//606 607//607 604//604
f 593//593 604//604 607//607
f 607//607 594//594 593//593
f 597//597 608//608 604//604
f 604//604 593//593 597//597
f 608//608 609//609 605//605
f 605//605 604//604 608//608
f 610//610 608//608 597//597
f 597//597 601//601 610//610
f 611//611 610//610 601//601
f 601//601 600//600 611//611
f 612//612 613//613 610//610
f 610//610 611//611 612//612
f 613//613 609//609 608//608
f 608//608 610//610 613//613
f 614//614 611//611 600//600
f 600//600 603//603 614//614
f 495//495 614//614 603//603
f 603//603 490//490 495//495
f 494//494 615//615 614//614
f 614//614 495//495 494//494
f 615//615 612//612 611//611
f 611//611 614//614 615//615
f 616//616 617//617 618//618
f 618//618 619//619 616//616
f 605//605 616//616 619//619
f 619//619 606//606 605//605
f 609//609 620//620 616//616
f 616//616 605//605 609//609
f 620//620 621//621 617//617
f 617//617 616//616 620//620
f 622//622 620//620 609//609
f 609//609 613//613 622//622
f 623//623 622//622 613//613
f 613//613 612//612 623//623
f 624//624 625//625 622//622
f 622//622 623//623 624//624
f 625//625 621//621 620//620
f 620//620 622//622 625//625
f 626//626 623//623 612//612
f 612//612 615//615 626//626
f 499//499 626//626 615//615
f 615//615 494//494 499//499
f 498//498 627//627 626//626
f 626//626 499//499 498//498
f 627//627 624//624 623//623
f 623//623 626//626 627//627
f 628//628 629//629 630//630
f 630//630 631//631 628//628
f 617//617 628//628 631//631
f 631//631 618//618 617//617
f 621//621 632//632 628//628
f 628//628 617//617 621//621
f 632//632 633//633 629//629
f 629//629 628//628 632//632
f 634//634 632//632 621//621
f 621//621 625//625 634//634
f 635//635 634//634 625//625
f 625//625 624//624 635//635
f 636//636 637//637 634//634
f 634//634 635//635 636//636
f 637//637 633//633 632//632
f 632//632 634//634 637//637
f 638//638 635//635 624//624
f 624//624 627//627 638//638
f 503//503 638//638 627//627
f 627//627 498//498 503//503
f 502//502 639//639 638//638
f 638//638 503//503 502//502
f 639//639 636//636 635//635
f 635//635 638//638 639//639
f 640//640 641//641 642//642
f 642//642 643//643 640//640
f 629//629 640//640 643//643
f 643//643 630//630 629//629
f 633//633 644//644 640//640
f 640//640 629//629 633//633
f 644//644 645//645 641//641
f 641//641 640//640 644//644
f 646//646 644//644 633//633
f 633//633 637//637 646//646
f 647//647 646//646 637//637
f 637//637 636//636 647//647
f 648//648 649//649 646//646
f 646//646 647//647 648//648
f 649//649 645//645 644//644
f 644//644 646//646 649//649
f 650//650 647//647 636//636
f 636//636 639//639 650//650
f 507//507 650//650 639//639
f 639//639 502//502 507//507
f 506//506 651//651 650//650
f 650//650 507//507 506//506
f 651//651 648//648 647//647
f 647//647 650//650 651//651
f 652//652 653//653 654//654
f 654//654 655//655 652//652
f 641//641 652//652 655//655
f 655//655 642//642 641//641
f 645//645 656//656 652//652
f 652//652 641//641 645//645
f 656//656 657//657 653//653
f 653//653 652//652 656//656
f 658//658 656//656 645//645
f 645//645 649//649 658//658
f 659//659 658//658 649//649
f 649//649 648//648 659//659
f 660//660 661//661 658//658
f 658//658 659//659 660//660
f 661//661 657//657 656//656
f 656//656 658//658 661//661
f 662//662 659//659 648//648
f 648//648 651//651 662//662
f 511//511 662//662 651//651
f 651//651 506//506 511//511
f 510//510 663//663 662//662
f 662//662 511//511 510//510
f 663//663 660//660 659//659
f 659//659 662//662 663//663
f 664//664 665//665 666//666
f 666//666 667//667 664//664
f 653//653 664//664 667//667
f 667//667 654//654 653//653
f 657//657 668//668 664//664
f 664//664 653//653 657//657
f 668//668 669//669 665//665
f 665//665 664//664 668//668
f 670//670 668//668 657//657
f 657//657 661//661 670//670
f 671//671 670//670 661//661
f 661//661 660//660 671//671
f 672//672 673//673 670//670
f 670//670 671//671 672//672
f 673//673 669//669 668//668
f 668//668 670//670 673//673
f 674//674 671//671 660//660
f 660//660 663//663 674//674
f 515//515 674//674 663//663
f 663//663 510//510 515//515
f 514//514 675//675 674//674
f 674//674 515//515 514//514
f 675//675 672//672 671//671
f 671//671 674//674 675//675
f 676//676 677//677 678//678
f 678//678 679//679 676//676
f 665//665 676//676 679//679
f 679//679 666//666 665//665
f 669//669 680//680 676//676
f 676//676 665//665 669//669
f 680//680 681//681 677//677
f 677//677 676//676 680//680
f 682//682 680//680 669//669
f 669//669 673//673 682//682
f 683//683 682//682 673//673
f 673//673 672//672 683//683
f 684//684 685//685 682//682
f 682//682 683//683 684//684
f 685//685 681//681 680//680
f 680//680 682//682 685//685
f 686//686 683//683 672//672
f 672//672 675//675 686//686
f 519//519 686//686 675//675
f 675//675 514//514 519//519
f 518//518 687//687 686//686
f 686//686 519//519 518//518
f 687//687 684//684 683//683
f 683//683 686//686 687//687
f 688//688 689//689 690//690
f 690//690 691//691 688//688
f 677//677 688//688 691//691
f 691//691 678//678 677//677
f 681//681 692//692 688//688
f 688//688 677//677 681//681
f 692//692 693//693 689//689
f 689//689 688//688 692//692
f 694//694 692//692 681//681
f 681//681 685//685 694//694
f 695//695 694//694 685//685
f 685//685 684//684 695//695
f 696//696 697//697 694//694
f 694//694 695//695 696//696
f 697//697 693//693 692//692
f 692//692 694//694 697//697
f 698//698 695//695 684//684
f 684//684 687//687 698//698
f 523//523 698//698 687//687
f 687//687 518//518 523//523
f 522//522 699//699 698//698
f 698//698 523//523 522//522
f 699//699 696//696 695//695
f 695//695 698//698 699//699
f 700//700 701//701 702//702
f 702//702 703//703 700//700
f 689//689 700//700 703//703
f 703//703 690//690 689//689
f 693//693 704//704 700//700
f 700//700 689//689 693//693
f 704//704 705//705 701//701
f 701//701 700//700 704//704
f 706//706 704//704 693//693
f 693//693 697//697 706//706
f 707//707 706//706 697//697
f 697//697 696//696 707//707
f 708//708 709//709 706//706
f 706//706 707//707 708//708
f 709//709 705//705 704//704
f 704//704 706//706 709//709
f 710//710 707//707 696//696
f 696//696 699//699 710//710
f 527//527 710//710 699//699
f 699//699 522//522 527//527
f 526//526 711//711 710//710
f 710//710 527//527 526//526
f 711//711 708//708 707//707
f 707//707 710//710 711//711
f 712//712 713//713 714//714
f 714//714 715//715 712//712
f 701//701 712//712 715//715
f 715//715 702//702 701//701
f 705//705 716//716 712//712
f 712//712 701//701 705//705
f 716//716 717//717 713//713
f 713//713 712//712 716//716
f 718//718 716//716 705//705
f 705//705 709//709 718//718
f 719//719 718//718 709//709
f 709//709 708//708 719//719
f 720//720 721//721 718//718
f 718//718 719//719 720//720
f 721//721 717//717 716//716
f 716//716 718//718 721//721
f 722//722 719//719 708//708
f 708//708 711//711 722//722
f 531//531 722//722 711//711
f 711//711 526//526 531//531
f 530//530 723//723 722//722
f 722//722 531//531 530//530
f 723//723 720//720 719//719
f 719//719 722//722 723//723
f 724//724 725//725 726//726
f 726//726 727//727 724//724
f 713//713 724//724 727//727
f 727//727 714//714 713//713
f 717//717 728//728 724//724
f 724//724 713//713 717//717
f 728//728 729//729 725//725
f 725//725 724//724 728//728
f 730//730 728//728 717//717
f 717//717 721//721 730//730
f 731//731 730//730 721//721
f 721//721 720//720 731//731
f 732//732 733//733 730//730
f 730//730 731//731 732//732
f 733//733 729//729 728//728
f 728//728 730//730 733//733
f 734//734 731//731 720//720
f 720//720 723//723 734//734
f 535//535 734//734 723//723
f 723//723 530//530 535//535
f 534//534 735//735 734//734
f 734//734 535//535 534//534
f 735//735 732//732 731//731
f 731//731 734//734 735//735
f 736//736 737//737 738//738
f 738//738 739//739 736//736
f 725//725 736//736 739//739
f 739//739 726//726 725//725
f 729//729 740//740 736//736
f 736//736 725//725 729//729
f 740//740 741//741 737//737
f 737//737 736//736 740//740
f 742//742 740//740 729//729
f 729//729 733//733 742//742
f 743//743 742//742 733//733
f 733//733 732//732 743//743
f 744//744 745//745 742//742
f 742//742 743//743 744//744
f 745//745 741//741 740//740
f 740//740 742//742 745//745
f 746//746 743//743 732//732
f 732//732 735//735 746//746
f 539//539 746//746 735//735
f 735//735 534//534 539//539
f 538//538 747//747 746//746
f 746//746 539//539 538//538
f 747//747 744//744 743//743
f 743//743 746//746 747//747
f 748//748 749//749 750//750
f 750//750 751//751 748//748
f 737//737 748//748 751//751
f 751//751 738//738 737//737
f 741//741 752//752 748//748
f 748//748 737//737 741//741
f 752//752 753//753 749//749
f 749//749 748//748 752//752
f 754//754 752//752 741//741
f 741//741 745//745 754//754
f 755//755 754//754 745//745
f 745//745 744//744 755//755
f 756//756 757//757 754//754
f 754//754 755//755 756//756
f 757//757 753//753 752//752
f 752//752 754//754 757//757
f 758//758 755//755 744//744
f 744//744 747//747 758//758
f 543//543 758//758 747//747
f 747//747 538//538 543//543
f 542//542 759//759 758//758
f 758//758 543//543 542//542
f 759//759 756//756 755//755
f 755//755 758//758 759//759
f 760//760 761//761 762//762
f 762//762 763//763 760//760
f 749//749 760//760 763//763
f 763//763 750//750 749//749
f 753//753 764//764 760//760
f 760//760 749//749 753//753
f 764//764 765//765 761//761
f 761//761 760//760 764//764
f 766//766 764//764 753//753
f 753//753 757//757 766//766
f 767//767 766//766 757//757
f 757//757 756//756 767//767
f 768//768 769//769 766//766
f 766//766 767//767 768//768
f 769//769 765//765 764//764
f 764//764 766//766 769//769
f 770//770 767//767 756//756
f 756//756 759//759 770//770
f 547//547 770//770 759//759
f 759//759 542//542 547//547
f 546//546 771//771 770//770
f 770//770 547//547 546//546
f 771//771 768//768 767//767
f 767//767 770//770 771//771
f 772//772 773//773 774//774
f 774//774 775//775 772//772
f 761//761 772//772 775//775
f 775//775 762//762 761//761
f 765//765 776//776 772//772
f 772//772 761//761 765//765
f 776//776 777//777 773//773
f 773//773 772//772 776//776
f 778//778 776//776 765//765
f 765//765 769//769 778//778
f 779//779 778//778 769//769
f 769//769 768//768 779//779
f 780//780 781//781 778//778
f 778//778 779//779 780//780
f 781//781 777//777 776//776
f 776//776 778//778 781//781
f 782//782 779//779 768//768
f 768//768 771//771 782//782
f 551//551 782//782 771//771
f 771//771 546//546 551//551
f 550//550 783//783 782//782
f 782//782 551//551 550//550
f 783//783 780//780 779//779
f 779//779 782//782 783//783
f 784//784 785//785 786//786
f 786//786 787//787 784//784
f 773//773 784//784 787//787
f 787//787 774//774 773//773
f 777//777 788//788 784//784
f 784//784 773//773 777//777
f 788//788 789//789 785//785
f 785//785 784//784 788//788
f 790//790 788//788 777//777
f 777//777 781//781 790//790
f 791//791 790//790 781//781
f 781//781 780//780 791//791
f 792//792 793//793 790//790
f 790//790 791//791 792//792
f 793//793 789//789 788//788
f 788//788 790//790 793//793
f 794//794 791//791 780//780
f 780//780 783//783 794//794
f 555//555 794//794 783//783
f 783//783 550//550 555//555
f 554//554 795//795 794//794
f 794//794 555//555 554//554
f 795//795 792//792 791//791
f 791//791 794//794 795//795
f 796//796 584//584 583//583
f 583//583 797//797 796//796
f 785//785 796//796 797//797
f 797//797 786//786 785//785
f 789//789 798//798 796//796
f 796//796 785//785 789//789
f 798//798 585//585 584//584
f 584//584 796//796 798//798
f 799//799 798//798 789//789
f 789//789 793//793 799//799
f 800//800 799//799 793//793
f 793//793 792//792 800//800
f 588//588 591//591 799//799
f 799//799 800//800 588//588
f 591//591 585//585 798//798
f 798//798 799//799 591//591
f 801//801 800//800 792//792
f 792//792 795//795 801//801
f 559//559 801//801 795//795
f 795//795 554//554 559//559
f 558//558 589//589 801//801
f 801//801 559//559 558//558
f 589//589 588//588 800//800
f 800//800 801//801 589//589
f 802//802 803//803 583//583
f 583//583 582//582 802//802
f 804//804 802//802 582//582
f 582//582 568//568 804//804
f 805//805 806//806 802//802
f 802//802 804//804 805//805
f 806//806 807//807 803//803
f 803//803 802//802 806//806
f 808//808 803//803 807//807
f 807//807 809//809 808//808
f 810//810 808//808 809//809
f 809//809 811//811 810//810
f 786//786 797//797 808//808
f 808//808 810//810 786//786
f 797//797 583//583 803//803
f 803//803 808//808 797//797
f 812//812 810//810 811//811
f 811//811 813//813 812//812
f 814//814 812//812 813//813
f 813//813 815//815 814//814
f 774//774 787//787 812//812
f 812//812 814//814 774//774
f 787//787 786//786 810//810
f 810//810 812//812 787//787
f 816//816 814//814 815//815
f 815//815 817//817 816//816
f 818//818 816//816 817//817
f 817//817 819//819 818//818
f 762//762 775//775 816//816
f 816//816 818//818 762//762
f 775//775 774//774 814//814
f 814//814 816//816 775//775
f 820//820 818//818 819//819
f 819//819 821//821 820//820
f 822//822 820//820 821//821
f 821//821 823//823 822//822
f 750//750 763//763 820//820
f 820//820 822//822 750//750
f 763//763 762//762 818//818
f 818//818 820//820 763//763
f 824//824 822//822 823//823
f 823//823 825//825 824//824
f 826//826 824//824 825//825
f 825//825 827//827 826//826
f 738//738 751//751 824//824
f 824//824 826//826 738//738
f 751//751 750//750 822//822
f 822//822 824//824 751//751
f 828//828 826//826 827//827
f 827//827 829//829 828//828
f 830//830 828//828 829//829
f 829//829 831//831 830//830
f 726//726 739//739 828//828
f 828//828 830//830 726//726
f 739//739 738//738 826//826
f 826//826 828//828 739//739
f 832//832 830//830 831//831
f 831//831 833//833 832//832
f 834//834 832//832 833//833
f 833//833 835//835 834//834
f 714//714 727//727 832//832
f 832//832 834//834 714//714
f 727//727 726//726 830//830
f 830//830 832//832 727//727
f 836//836 834//834 835//835
f 835//835 837//837 836//836
f 838//838 836//836 837//837
f 837//837 839//839 838//838
f 702//702 715//715 836//836
f 836//836 838//838 702//702
f 715//715 714//714 834//834
f 834//834 836//836 715//715
f 840//840 838//838 839//839
f 839//839 841//841 840//840
f 842//842 840//840 841//841
f 841//841 843//843 842//842
f 690//690 703//703 840//840
f 840//840 842//842 690//690
f 703//703 702//702 838//838
f 838//838 840//840 703//703
f 844//844 842//842 843//843
f 843//843 845//845 844//844
f 846//846 844//844 845//845
f 845//845 847//847 846//846
f 678//678 691//691 844//844
f 844//844 846//846 678//678
f 691//691 690//690 842//842
f 842//842 844//844 691//691
f 848//848 846//846 847//847
f 847//847 849//849 848//848
f 850//850 848//848 849//849
f 849//849 851//851 850//850
f 666//666 679//679 848//848
f 848//848 850//850 666//666
f 679//679 678//678 846//846
f 846//846 848//848 679//679
f 852//852 850//850 851//851
f 851//851 853//853 852//852
f 854//854 852//852 853//853
f 853//853 855//855 854//854
f 654//654 667//667 852//852
f 852//852 854//854 654//654
f 667//667 666//666 850//850
f 850//850 852//852 667//667
f 856//856 854//854 855//855
f 855//855 857//857 856//856
f 858//858 856//856 857//857
f 857//857 859//859 858//858
f 642//642 655//655 856//856
f 856//856 858//858 642//642
f 655//655 654//654 854//854
f 854//854 856//856 655//655
f 860//860 858//858 859//859
f 859//859 861//861 860//860
f 862//862 860//860 861//861
f 861//861 863//863 862//862
f 630//630 643//643 860//860
f 860//860 862//862 630//630
f 643//643 642//642 858//858
f 858//858 860//860 643//643
f 864//864 862//862 863//863
f 863//863 865//865 864//864
f 866//866 864//864 865//865
f 865//865 867//867 866//866
f 618//618 631//631 864//864
f 864//864 866//866 618//618
f 631//631 630//630 862//862
f 862//862 864//864 631//631
f 868//868 866//866 867//867
f 867//867 869//869 868//868
f 870//870 868//868 869//869
f 869//869 871//871 870//870
f 606//606 619//619 868//868
f 868//868 870//870 606//606
f 619//619 618//618 866//866
f 866//866 868//868 619//619
f 872//872 870//870 871//871
f 871//871 873//873 872//872
f 874//874 872//872 873//873
f 873//873 875//875 874//874
f 594//594 607//607 872//872
f 872//872 874//874 594//594
f 607//607 606//606 870//870
f 870//870 872//872 607//607
f 876//876 874//874 875//875
f 875//875 877//877 876//876
f 878//878 876//876 877//877
f 877//877 879//879 878//878
f 567//567 595//595 876//876
f 876//876 878//878 567//567
f 595//595 594//594 874//874
f 874//874 876//876 595//595
f 880//880 804//804 568//568
f 568//568 566//566 880//880
f 878//878 880//880 566//566
f 566//566 567//567 878//878
f 879//879 881//881 880//880
f 880//880 878//878 879//879
f 881//881 805//805 804//804
f 804//804 880//880 881//881
f 882//882 883//883 807//807
f 807//807 806//806 882//882
f 884//884 882//882 806//806
f 806//806 805//805 884//884
f 885//885 886//886 882//882
f 882//882 884//884 885//885
f 886//886 887//887 883//883
f 883//883 882//882 886//886
f 888//888 883//883 887//887
f 887//887 889//889 888//888
f 890//890 888//888 889//889
f 889//889 891//891 890//890
f 811//811 809//809 888//888
f 888//888 890//890 811//811
f 809//809 807//807 883//883
f 883//883 888//888 809//809
f 892//892 890//890 891//891
f 891//891 893//893 892//892
f 894//894 892//892 893//893
f 893//893 895//895 894//894
f 815//815 813//813 892//892
f 892//892 894//894 815//815
f 813//813 811//811 890//890
f 890//890 892//892 813//813
f 896//896 894//894 895//895
f 895//895 897//897 896//896
f 898//898 896//896 897//897
f 897//897 899//899 898//898
f 819//819 817//817 896//896
f 896//896 898//898 819//819
f 817//817 815//815 894//894
f 894//894 896//896 817//817
f 900//900 898//898 899//899
f 899//899 901//901 900//900
f 902//902 900//900 901//901
f 901//901 903//903 902//902
f 823//823 821//821 900//900
f 900//900 902//902 823//823
f 821//821 819//819 898//898
f 898//898 900//900 821//821
f 904//904 902//902 903//903
f 903//903 905//905 904//904
f 906//906 904//904 905//905
f 905//905 907//907 906//906
f 827//827 825//825 904//904
f 904//904 906//906 827//827
f 825//825 823//823 902//902
f 902//902 904//904 825//825
f 908//908 906//906 907//907
f 907//907 909//909 908//908
f 910//910 908//908 909//909
f 909//909 911//911 910//910
f 831//831 829//829 908//908
f 908//908 910//910 831//831
f 829//829 827//827 906//906
f 906//906 908//908 829//829
f 912//912 910//910 911//911
f 911//911 913//913 912//912
f 914//914 912//912 913//913
f 913//913 915//915 914//914
f 835//835 833//833 912//912
f 912//912 914//914 835//835
f 833//833 831//831 910//910
f 910//910 912//912 833//833
f 916//916 914//914 915//915
f 915//915 917//917 916//916
f 918//918 916//916 917//917
f 917//917 919//919 918//918
f 839//839 837//837 916//916
f 916//916 918//918 839//839
f 837//837 835//835 914//914
f 914//914 916//916 837//837
f 920//920 918//918 919//919
f 919//919 921//921 920//920
f 922//922 920//920 921//921
f 921//921 923//923 922//922
f 843//843 841//841 920//920
f 920//920 922//922 843//843
f 841//841 839//839 918//918
f 918//918 920//920 841//841
f 924//924 922//922 923//923
f 923//923 925//925 924//924
f 926//926 924//924 925//925
f 925//925 927//927 926//926
f 847//847 845//845 924//924
f 924//924 926//926 847//847
f 845//845 843//843 922//922
f 922//922 924//924 845//845
f 928//928 926//926 927//927
f 927//927 929//929 928//928
f 930//930 928//928 929//929
f 929//929 931//931 930//930
f 851//851 849//849 928//928
f 928//928 930//930 851//851
f 849//849 847//847 926//926
f 926//926 928//928 849//849
f 932//932 930//930 931//931
f 931//931 933//933 932//932
f 934//934 932//932 933//933
f 933//933 935//935 934//934
f 855//855 853//853 932//932
f 932//932 934//934 855//855
f 853//853 851//851 930//930
f 930//930 932//932 853//853
f 936//936 934//934 935//935
f 935//935 937//937 936//936
f 938//938 936//936 937//937
f 937//937 939//939 938//938
f 859//859 857//857 936//936
f 936//936 938//938 859//859
f 857//857 855//855 934//934
f 934//934 936//936 857//857
f 940//940 938//938 939//939
f 939//939 941//941 940//940
f 942//942 940//940 941//941
f 941//941 943//943 942//942
f 863//863 861//861 940//940
f 940//940 942//942 863//863
f 861//861 859//859 938//938
f 938//938 940//940 861//861
f 944//944 942//942 943//943
f 943//943 945//945 944//944
f 946//946 944//944 945//945
f 945//945 947//947 946//946
f 867//867 865//865 944//944
f 944//944 946//946 867//867
f 865//865 863//863 942//942
f 942//942 944//944 865//865
f 948//948 946//946 947//947
f 947//947 949//949 948//948
f 950//950 948//948 949//949
f 949//949 951//951 950//950
f 871//871 869//869 948//948
f 948//948 950//950 871//871
f 869//869 867//867 946//946
f 946//946 948//948 869//869
f 952//952 950//950 951//951
f 951//951 953//953 952//952
f 954//954 952//952 953//953
f 953//953 955//955 954//954
f 875//875 873//873 952//952
f 952//952 954//954 875//875
f 873//873 871//871 950//950
f 950//950 952//952 873//873
f 956//956 954//954 955//955
f 955//955 957//957 956//956
f 958//958 956//956 957//957
f 957//957 959//959 958//958
f 879//879 877//877 956//956
f 956//956 958//958 879//879
f 877//877 875//875 954//954
f 954//954 956//956 877//877
f 960//960 884//884 805//805
f 805//805 881//881 960//960
f 958//958 960//960 881//881
f 881//881 879//879 958//958
f 959//959 961//961 960//960
f 960//960 958//958 959//959
f 961//961 885//885 884//884
f 884//884 960//960 961//961
f 962//962 963//963 964//964
f 964//964 965//965 962//962
f 966//966 962//962 965//965
f 965//965 967//967 966//966
f 968//968 969//969 962//962
f 962//962 966//966 968//968
f 969//969 970//970 963//963
f 963//963 962//962 969//969
f 971//971 966//966 967//967
f 967//967 972//972 971//971
f 973//973 971//971 972//972
f 972//972 974//974 973//973
f 975//975 976//976 971//971
f 971//971 973//973 975//975
f 976//976 968//968 966//966
f 966//966 971//971 976//976
f 977//977 973//973 974//974
f 974//974 978//978 977//977
f 979//979 977//977 978//978
f 978//978 980//980 979//979
f 981//981 982//982 977//977
f 977//977 979//979 981//981
f 982//982 975//975 973//973
f 973//973 977//977 982//982
f 983//983 979//979 980//980
f 980//980 984//984 983//983
f 985//985 983//983 984//984
f 984//984 986//986 985//985
f 987//987 988//988 983//983
f 983//983 985//985 987//987
f 988//988 981//981 979//979
f 979//979 983//983 988//988
f 989//989 985//985 986//986
f 986//986 990//990 989//989
f 991//991 989//989 990//990
f 990//990 992//992 991//991
f 993//993 994//994 989//989
f 989//989 991//991 993//993
f 994//994 987//987 985//985
f 985//985 989//989 994//994
f 995//995 991//991 992//992
f 992//992 996//996 995//995
f 997//997 995//995 996//996
f 996//996 998//998 997//997
f 999//999 1000//1000 995//995
f 995//995 997//997 999//999
f 1000//1000 993//993 991//991
f 991//991 995//995 1000//1000
f 1001//1001 997//997 998//998
f 998//998 1002//1002 1001//1001
f 1003//1003 1001//1001 1002//1002
f 1002//1002 1004//1004 1003//1003
f 1005//1005 1006//1006 1001//1001
f 1001//1001 1003//1003 1005//1005
f 1006//1006 999//999 997//997
f 997//997 1001//1001 1006//1006
f 1007//1007 1003//1003 1004//1004
f 1004//1004 1008//1008 1007//1007
f 1009//1009 1007//1007 1008//1008
f 1008//1008 1010//1010 1009//1009
f 1011//1011 1012//1012 1007//1007
f 1007//1007 1009//1009 1011//1011
f 1012//1012 1005//1005 1003//1003
f 1003//1003 1007//1007 1012//1012
f 1013//1013 1009//1009 1010//1010
f 1010//1010 1014//1014 1013//1013
f 1015//1015 1013//1013 1014//1014
f 1014//1014 1016//1016 1015//1015
f 1017//1017 1018//1018 1013//1013
f 1013//1013 1015//1015 1017//1017
f 1018//1018 1011//1011 1009//1009
f 1009//1009 1013//1013 1018//1018
f 1019//1019 1015//1015 1016//1016
f 1016//1016 1020//1020 1019//1019
f 1021//1021 1019//1019 1020//1020
f 1020//1020 1022//1022 1021//1021
f 1023//1023 1024//1024 1019//1019
f 1019//1019 1021//1021 1023//1023
f 1024//1024 1017//1017 1015//1015
f 1015//1015 1019//1019 1024//1024
f 1025//1025 1021//1021 1022//1022
f 1022//1022 1026//1026 1025//1025
f 1027//1027 1025//1025 1026//1026
f 1026//1026 1028//1028 1027//1027
f 1029//1029 1030//1030 1025//1025
f 1025//1025 1027//1027 1029//1029
f 1030//1030 1023//1023 1021//1021
f 1021//1021 1025//1025 1030//1030
f 1031//1031 1027//1027 1028//1028
f 1028//1028 1032//1032 1031//1031
f 1033//1033 1031//1031 1032//1032
f 1032//1032 1034//1034 1033//1033
f 1035//1035 1036//1036 1031//1031
f 1031//1031 1033//1033 1035//1035
f 1036//1036 1029//1029 1027//1027
f 1027//1027 1031//1031 1036//1036
f 1037//1037 1033//1033 1034//1034
f 1034//1034 1038//1038 1037//1037
f 1039//1039 1037//1037 1038//1038
f 1038//1038 1040//1040 1039//1039
f 1041//1041 1042//1042 1037//1037
f 1037//1037 1039//1039 1041//1041
f 1042//1042 1035//1035 1033//1033
f 1033//1033 1037//1037 1042//1042
f 1043//1043 1039//1039 1040//1040
f 1040//1040 1044//1044 1043//1043
f 1045//1045 1043//1043 1044//1044
f 1044//1044 1046//1046 1045//1045
f 1047//1047 1048//1048 1043//1043
f 1043//1043 1045//1045 1047//1047
f 1048//1048 1041//1041 1039//1039
f 1039//1039 1043//1043 1048//1048
f 1049//1049 1045//1045 1046//1046
f 1046//1046 1050//1050 1049//1049
f 1051//1051 1049//1049 1050//1050
f 1050//1050 1052//1052 1051//1051
f 1053//1053 1054//1054 1049//1049
f 1049//1049 1051//1051 1053//1053
f 1054//1054 1047//1047 1045//1045
f 1045//1045 1049//1049 1054//1054
f 1055//1055 1051//1051 1052//1052
f 1052//1052 1056//1056 1055//1055
f 1057//1057 1055//1055 1056//1056
f 1056//1056 1058//1058 1057//1057
f 1059//1059 1060//1060 1055//1055
f 1055//1055 1057//1057 1059//1059
f 1060//1060 1053//1053 1051//1051
f 1051//1051 1055//1055 1060//1060
f 1061//1061 1057//1057 1058//1058
f 1058//1058 1062//1062 1061//1061
f 1063//1063 1061//1061 1062//1062
f 1062//1062 1064//1064 1063//1063
f 1065//1065 1066//1066 1061//1061
f 1061//1061 1063//1063 1065//1065
f 1066//1066 1059//1059 1057//1057
f 1057//1057 1061//1061 1066//1066
f 1067//1067 1063//1063 1064//1064
f 1064//1064 1068//1068 1067//1067
f 1069//1069 1067//1067 1068//1068
f 1068//1068 1070//1070 1069//1069
f 1071//1071 1072//1072 1067//1067
f 1067//1067 1069//1069 1071//1071
f 1072//1072 1065//1065 1063//1063
f 1063//1063 1067//1067 1072//1072
f 1073//1073 1069//1069 1070//1070
f 1070//1070 1074//1074 1073//1073
f 1075//1075 1073//1073 1074//1074
f 1074//1074 1076//1076 1075//1075
f 1077//1077 1078//1078 1073//1073
f 1073//1073 1075//1075 1077//1077
f 1078//1078 1071//1071 1069//1069
f 1069//1069 1073//1073 1078//1078
f 1079//1079 1075//1075 1076//1076
f 1076//1076 1080//1080 1079//1079
f 963//963 1079//1079 1080//1080
f 1080//1080 964//964 963//963
f 970//970 1081//1081 1079//1079
f 1079//1079 963//963 970//970
f 1081//1081 1077//1077 1075//1075
f 1075//1075 1079//1079 1081//1081
f 1082//1082 1083//1083 1077//1077
f 1077//1077 1081//1081 1082//1082
f 1084//1084 1082//1082 1081//1081
f 1081//1081 970//970 1084//1084
f 1085//1085 1086//1086 1082//1082
f 1082//1082 1084//1084 1085//1085
f 1086//1086 1087//1087 1083//1083
f 1083//1083 1082//1082 1086//1086
f 1088//1088 1084//1084 970//970
f 970//970 969//969 1088//1088
f 1089//1089 1088//1088 969//969
f 969//969 968//968 1089//1089
f 1090//1090 1091//1091 1088//1088
f 1088//1088 1089//1089 1090//1090
f 1091//1091 1085//1085 1084//1084
f 1084//1084 1088//1088 1091//1091
f 1092//1092 1089//1089 968//968
f 968//968 976//976 1092//1092
f 1093//1093 1092//1092 976//976
f 976//976 975//975 1093//1093
f 1094//1094 1095//1095 1092//1092
f 1092//1092 1093//1093 1094//1094
f 1095//1095 1090//1090 1089//1089
f 1089//1089 1092//1092 1095//1095
f 1096//1096 1093//1093 975//975
f 975//975 982//982 1096//1096
f 1097//1097 1096//1096 982//982
f 982//982 981//981 1097//1097
f 1098//1098 1099//1099 1096//1096
f 1096//1096 1097//1097 1098//1098
f 1099//1099 1094//1094 1093//1093
f 1093//1093 1096//1096 1099//1099
f 1100//1100 1097//1097 981//981
f 981//981 988//988 1100//1100
f 1101//1101 1100//1100 988//988
f 988//988 987//987 1101//1101
f 1102//1102 1103//1103 1100//1100
f 1100//1100 1101//1101 1102//1102
f 1103//1103 1098//1098 1097//1097
f 1097//1097 1100//1100 1103//1103
f 1104//1104 1101//1101 987//987
f 987//987 994//994 1104//1104
f 1105//1105 1104//1104 994//994
f 994//994 993//993 1105//1105
f 1106//1106 1107//1107 1104//1104
f 1104//1104 1105//1105 1106//1106
f 1107//1107 1102//1102 1101//1101
f 1101//1101 1104//1104 1107//1107
f 1108//1108 1105//1105 993//993
f 993//993 1000//1000 1108//1108
f 1109//1109 1108//1108 1000//1000
f 1000//1000 999//999 1109//1109
f 1110//1110 1111//1111 1108//1108
f 1108//1108 1109//1109 1110//1110
f 1111//1111 1106//1106 1105//1105
f 1105//1105 1108//1108 1111//1111
f 1112//1112 1109//1109 999//999
f 999//999 1006//1006 1112//1112
f 1113//1113 1112//1112 1006//1006
f 1006//1006 1005//1005 1113//1113
f 1114//1114 1115//1115 1112//1112
f 1112//1112 1113//1113 1114//1114
f 1115//1115 1110//1110 1109//1109
f 1109//1109 1112//1112 1115//1115
f 1116//1116 1113//1113 1005//1005
f 1005//1005 1012//1012 1116//1116
f 1117//1117 1116//1116 1012//1012
f 1012//1012 1011//1011 1117//1117
f 1118//1118 1119//1119 1116//1116
f 1116//1116 1117//1117 1118//1118
f 1119//1119 1114//1114 1113//1113
f 1113//1113 1116//1116 1119//1119
f 1120//1120 1117//1117 1011//1011
f 1011//1011 1018//1018 1120//1120
f 1121//1121 1120//1120 1018//1018
f 1018//1018 1017//1017 1121//1121
f 1122//1122 1123//1123 1120//1120
f 1120//1120 1121//1121 1122//1122
f 1123//1123 1118//1118 1117//1117
f 1117//1117 1120//1120 1123//1123
f 1124//1124 1121//1121 1017//1017
f 1017//1017 1024//1024 1124//1124
f 1125//1125 1124//1124 1024//1024
f 1024//1024 1023//1023 1125//1125
f 1126//1126 1127//1127 1124//1124
f 1124//1124 1125//1125 1126//1126
f 1127//1127 1122//1122 1121//1121
f 1121//1121 1124//1124 1127//1127
f 1128//1128 1125//1125 1023//1023
f 1023//1023 1030//1030 1128//1128
f 1129//1129 1128//1128 1030//1030
f 1030//1030 1029//1029 1129//1129
f 1130//1130 1131//1131 1128//1128
f 1128//1128 1129//1129 1130//1130
f 1131//1131 1126//1126 1125//1125
f 1125//1125 1128//1128 1131//1131
f 1132//1132 1129//1129 1029//1029
f 1029//1029 1036//1036 1132//1132
f 1133//1133 1132//1132 1036//1036
f 1036//1036 1035//1035 1133//1133
f 1134//1134 1135//1135 1132//1132
f 1132//1132 1133//1133 1134//1134
f 1135//1135 1130//1130 1129//1129
f 1129//1129 1132//1132 1135//1135
f 1136//1136 1133//1133 1035//1035
f 1035//1035 1042//1042 1136//1136
f 1137//1137 1136//1136 1042//1042
f 1042//1042 1041//1041 1137//1137
f 1138//1138 1139//1139 1136//1136
f 1136//1136 1137//1137 1138//1138
f 1139//1139 1134//1134 1133//1133
f 1133//1133 1136//1136 1139//1139
f 1140//1140 1137//1137 1041//1041
f 1041//1041 1048//1048 1140//1140
f 1141//1141 1140//1140 1048//1048
f 1048//1048 1047//1047 1141//1141
f 1142//1142 1143//1143 1140//1140
f 1140//1140 1141//1141 1142//1142
f 1143//1143 1138//1138 1137//1137
f 1137//1137 1140//1140 1143//1143
f 1144//1144 1141//1141 1047//1047
f 1047//1047 1054//1054 1144//1144
f 1145//1145 1144//1144 1054//1054
f 1054//1054 1053//1053 1145//1145
f 1146//1146 1147//1147 1144//1144
f 1144//1144 1145//1145 1146//1146
f 1147//1147 1142//1142 1141//1141
f 1141//1141 1144//1144 1147//1147
f 1148//1148 1145//1145 1053//1053
f 1053//1053 1060//1060 1148//1148
f 1149//1149 1148//1148 1060//1060
f 1060//1060 1059//1059 1149//1149
f 1150//1150 1151//1151 1148//1148
f 1148//1148 1149//1149 1150//1150
f 1151//1151 1146//1146 1145//1145
f 1145//1145 1148//1148 1151//1151
f 1152//1152 1149//1149 1059//1059
f 1059//1059 1066//1066 1152//1152
f 1153//1153 1152//1152 1066//1066
f 1066//1066 1065//1065 1153//1153
f 1154//1154 1155//1155 1152//1152
f 1152//1152 1153//1153 1154//1154
f 1155//1155 1150//1150 1149//1149
f 1149//1149 1152//1152 1155//1155
f 1156//1156 1153//1153 1065//1065
f 1065//1065 1072//1072 1156//1156
f 1157//1157 1156//1156 1072//1072
f 1072//1072 1071//1071 1157//1157
f 1158//1158 1159//1159 1156//1156
f 1156//1156 1157//1157 1158//1158
f 1159//1159 1154//1154 1153//1153
f 1153//1153 1156//1156 1159//1159
f 1160//1160 1157//1157 1071//1071
f 1071//1071 1078//1078 1160//1160
f 1083//1083 1160//1160 1078//1078
f 1078//1078 1077//1077 1083//1083
f 1087//1087 1161//1161 1160//1160
f 1160//1160 1083//1083 1087//1087
f 1161//1161 1158//1158 1157//1157
f 1157//1157 1160//1160 1161//1161
f 1162//1162 1163//1163 887//887
f 887//887 886//886 1162//1162
f 1164//1164 1162//1162 886//886
f 886//886 885//885 1164//1164
f 1165//1165 1166//1166 1162//1162
f 1162//1162 1164//1164 1165//1165
f 1166//1166 1167//1167 1163//1163
f 1163//1163 1162//1162 1166//1166
f 1168//1168 1163//1163 1167//1167
f 1167//1167 1169//1169 1168//1168
f 1170//1170 1168//1168 1169//1169
f 1169//1169 1171//1171 1170//1170
f 891//891 889//889 1168//1168
f 1168//1168 1170//1170 891//891
f 889//889 887//887 1163//1163
f 1163//1163 1168//1168 889//889
f 1172//1172 1170//1170 1171//1171
f 1171//1171 1173//1173 1172//1172
f 1174//1174 1172//1172 1173//1173
f 1173//1173 1175//1175 1174//1174
f 895//895 893//893 1172//1172
f 1172//1172 1174//1174 895//895
f 893//893 891//891 1170//1170
f 1170//1170 1172//1172 893//893
f 1176//1176 1174//1174 1175//1175
f 1175//1175 1177//1177 1176//1176
f 1178//1178 1176//1176 1177//1177
f 1177//1177 1179//1179 1178//1178
f 899//899 897//897 1176//1176
f 1176//1176 1178//1178 899//899
f 897//897 895//895 1174//1174
f 1174//1174 1176//1176 897//897
f 1180//1180 1178//1178 1179//1179
f 1179//1179 1181//1181 1180//1180
f 1182//1182 1180//1180 1181//1181
f 1181//1181 1183//1183 1182//1182
f 903//903 901//901 1180//1180
f 1180//1180 1182//1182 903//903
f 901//901 899//899 1178//1178
f 1178//1178 1180//1180 901//901
f 1184//1184 1182//1182 1183//1183
f 1183//1183 1185//1185 1184//1184
f 1186//1186 1184//1184 1185//1185
f 1185//1185 1187//1187 1186//1186
f 907//907 905//905 1184//1184
f 1184//1184 1186//1186 907//907
f 905//905 903//903 1182//1182
f 1182//1182 1184//1184 905//905
f 1188//1188 1186//1186 1187//1187
f 1187//1187 1189//1189 1188//1188
f 1190//1190 1188//1188 1189//1189
f 1189//1189 1191//1191 1190//1190
f 911//911 909//909 1188//1188
f 1188//1188 1190//1190 911//911
f 909//909 907//907 1186//1186
f 1186//1186 1188//1188 909//909
f 1192//1192 1190//1190 1191//1191
f 1191//1191 1193//1193 1192//1192
f 1194//1194 1192//1192 1193//1193
f 1193//1193 1195//1195 1194//1194
f 915//915 913//913 1192//1192
f 1192//1192 1194//1194 915//915
f 913//913 911//911 1190//1190
f 1190//1190 1192//1192 913//913
f 1196//1196 1194//1194 1195//1195
f 1195//1195 1197//1197 1196//1196
f 1198//1198 1196//1196 1197//1197
f 1197//1197 1199//1199 1198//1198
f 919//919 917//917 1196//1196
f 1196//1196 1198//1198 919//919
f 917//917 915//915 1194//1194
f 1194//1194 1196//1196 917//917
f 1200//1200 1198//1198 1199//1199
f 1199//1199 1201//1201 1200//1200
f 1202//1202 1200//1200 1201//1201
f 1201//1201 1203//1203 1202//1202
f 923//923 921//921 1200//1200
f 1200//1200 1202//1202 923//923
f 921//921 919//919 1198//1198
f 1198//1198 1200//1200 921//921
f 1204//1204 1202//1202 1203//1203
f 1203//1203 1205//1205 1204//1204
f 1206//1206 1204//1204 1205//1205
f 1205//1205 1207//1207 1206//1206
f 927//927 925//925 1204//1204
f 1204//1204 1206//1206 927//927
f 925//925 923//923 1202//1202
f 1202//1202 1204//1204 925//925
f 1208//1208 1206//1206 1207//1207
f 1207//1207 1209//1209 1208//1208
f 1210//1210 1208//1208 1209//1209
f 1209//1209 1211//1211 1210//1210
f 931//931 929//929 1208//1208
f 1208//1208 1210//1210 931//931
f 929//929 927//927 1206//1206
f 1206//1206 1208//1208 929//929
f 1212//1212 1210//1210 1211//1211
f 1211//1211 1213//1213 1212//1212
f 1214//1214 1212//1212 1213//1213
f 1213//1213 1215//1215 1214//1214
f 935//935 933//933 1212//1212
f 1212//1212 1214//1214 935//935
f 933//933 931//931 1210//1210
f 1210//1210 1212//1212 933//933
f 1216//1216 1214//1214 1215//1215
f 1215//1215 1217//1217 1216//1216
f 1218//1218 1216//1216 1217//1217
f 1217//1217 1219//1219 1218//1218
f 939//939 937//937 1216//1216
f 1216//1216 1218//1218 939//939
f 937//937 935//935 1214//1214
f 1214//1214 1216//1216 937//937
f 1220//1220 1218//1218 1219//1219
f 1219//1219 1221//1221 1220//1220
f 1222//1222 1220//1220 1221//1221
f 1221//1221 1223//1223 1222//1222
f 943//943 941//941 1220//1220
f 1220//1220 1222//1222 943//943
f 941//941 939//939 1218//1218
f 1218//1218 1220//1220 941//941
f 1224//1224 1222//1222 1223//1223
f 1223//1223 1225//1225 1224//1224
f 1226//1226 1224//1224 1225//1225
f 1225//1225 1227//1227 1226//1226
f 947//947 945//945 1224//1224
f 1224//1224 1226//1226 947//947
f 945//945 943//943 1222//1222
f 1222//1222 1224//1224 945//945
f 1228//1228 1226//1226 1227//1227
f 1227//1227 1229//1229 1228//1228
f 1230//1230 1228//1228 1229//1229
f 1229//1229 1231//1231 1230//1230
f 951//951 949//949 1228//1228
f 1228//1228 1230//1230 951//951
f 949//949 947//947 1226//1226
f 1226//1226 1228//1228 949//949
f 1232//1232 1230//1230 1231//1231
f 1231//1231 1233//1233 1232//1232
f 1234//1234 1232//1232 1233//1233
f 1233//1233 1235//1235 1234//1234
f 955//955 953//953 1232//1232
f 1232//1232 1234//1234 955//955
f 953//953 951//951 1230//1230
f 1230//1230 1232//1232 953//953
f 1236//1236 1234//1234 1235//1235
f 1235//1235 1237//1237 1236//1236
f 1238//1238 1236//1236 1237//1237
f 1237//1237 1239//1239 1238//1238
f 959//959 957//957 1236//1236
f 1236//1236 1238//1238 959//959
f 957//957 955//955 1234//1234
f 1234//1234 1236//1236 957//957
f 1240//1240 1164//1164 885//885
f 885//885 961//961 1240//1240
f 1238//1238 1240//1240 961//961
f 961//961 959//959 1238//1238
f 1239//1239 1241//1241 1240//1240
f 1240//1240 1238//1238 1239//1239
f 1241//1241 1165//1165 1164//1164
f 1164//1164 1240//1240 1241//1241
f 1242//1242 1243//1243 1167//1167
f 1167//1167 1166//1166 1242//1242
f 1244//1244 1242//1242 1166//1166
f 1166//1166 1165//1165 1244//1244
f 1245//1245 1246//1246 1242//1242
f 1242//1242 1244//1244 1245//1245
f 1246//1246 1247//1247 1243//1243
f 1243//1243 1242//1242 1246//1246
f 1248//1248 1249//1249 1250//1250
f 1250//1250 1251//1251 1248//1248
f 1169//1169 1248//1248 1251//1251
f 1251//1251 1171//1171 1169//1169
f 1167//1167 1243//1243 1248//1248
f 1248//1248 1169//1169 1167//1167
f 1243//1243 1247//1247 1249//1249
f 1249//1249 1248//1248 1243//1243
f 1252//1252 1253//1253 1254//1254
f 1254//1254 1255//1255 1252//1252
f 1173//1173 1252//1252 1255//1255
f 1255//1255 1175//1175 1173//1173
f 1171//1171 1251//1251 1252//1252
f 1252//1252 1173//1173 1171//1171
f 1251//1251 1250//1250 1253//1253
f 1253//1253 1252//1252 1251//1251
f 1256//1256 1257//1257 1258//1258
f 1258//1258 1259//1259 1256//1256
f 1177//1177 1256//1256 1259//1259
f 1259//1259 1179//1179 1177//1177
f 1175//1175 1255//1255 1256//1256
f 1256//1256 1177//1177 1175//1175
f 1255//1255 1254//1254 1257//1257
f 1257//1257 1256//1256 1255//1255
f 1260//1260 1261//1261 1262//1262
f 1262//1262 1263//1263 1260//1260
f 1181//1181 1260//1260 1263//1263
f 1263//1263 1183//1183 1181//1181
f 1179//1179 1259//1259 1260//1260
f 1260//1260 1181//1181 1179//1179
f 1259//1259 1258//1258 1261//1261
f 1261//1261 1260//1260 1259//1259
f 1264//1264 1265//1265 1266//1266
f 1266//1266 1267//1267 1264//1264
f 1185//1185 1264//1264 1267//1267
f 1267//1267 1187//1187 1185//1185
f 1183//1183 1263//1263 1264//1264
f 1264//1264 1185//1185 1183//1183
f 1263//1263 1262//1262 1265//1265
f 1265//1265 1264//1264 1263//1263
f 1268//1268 1269//1269 1270//1270
f 1270//1270 1271//1271 1268//1268
f 1189//1189 1268//1268 1271//1271
f 1271//1271 1191//1191 1189//1189
f 1187//1187 1267//1267 1268//1268
f 1268//1268 1189//1189 1187//1187
f 1267//1267 1266//1266 1269//1269
f 1269//1269 1268//1268 1267//1267
f 1272//1272 1273//1273 1274//1274
f 1274//1274 1275//1275 1272//1272
f 1193//1193 1272//1272 1275//1275
f 1275//1275 1195//1195 1193//1193
f 1191//1191 1271//1271 1272//1272
f 1272//1272 1193//1193 1191//1191
f 1271//1271 1270//1270 1273//1273
f 1273//1273 1272//1272 1271//1271
f 1276//1276 1277//1277 1278//1278
f 1278//1278 1279//1279 1276//1276
f 1197//1197 1276//1276 1279//1279
f 1279//1279 1199//1199 1197//1197
f 1195//1195 1275//1275 1276//1276
f 1276//1276 1197//1197 1195//1195
f 1275//1275 1274//1274 1277//1277
f 1277//1277 1276//1276 1275//1275
f 1280//1280 1281//1281 1282//1282
f 1282//1282 1283//1283 1280//1280
f 1201//1201 1280//1280 1283//1283
f 1283//1283 1203//1203 1201//1201
f 1199//1199 1279//1279 1280//1280
f 1280//1280 1201//1201 1199//1199
f 1279//1279 1278//1278 1281//1281
f 1281//1281 1280//1280 1279//1279
f 1284//1284 1285//1285 1286//1286
f 1286//1286 1287//1287 1284//1284
f 1205//1205 1284//1284 1287//1287
f 1287//1287 1207//1207 1205//1205
f 1203//1203 1283//1283 1284//1284
f 1284//1284 1205//1205 1203//1203
f 1283//1283 1282//1282 1285//1285
f 1285//1285 1284//1284 1283//1283
f 1288//1288 1289//1289 1290//1290
f 1290//1290 1291//1291 1288//1288
f 1209//1209 1288//1288 1291//1291
f 1291//1291 1211//1211 1209//1209
f 1207//1207 1287//1287 1288//1288
f 1288//1288 1209//1209 1207//1207
f 1287//1287 1286//1286 1289//1289
f 1289//1289 1288//1288 1287//1287
f 1292//1292 1293//1293 1294//1294
f 1294//1294 1295//1295 1292//1292
f 1213//1213 1292//1292 1295//1295
f 1295//1295 1215//1215 1213//1213
f 1211//1211 1291//1291 1292//1292
f 1292//1292 1213//1213 1211//1211
f 1291//1291 1290//1290 1293//1293
f 1293//1293 1292//1292 1291//1291
f 1296//1296 1297//1297 1298//1298
f 1298//1298 1299//1299 1296//1296
f 1217//1217 1296//1296 1299//1299
f 1299//1299 1219//1219 1217//1217
f 1215//1215 1295//1295 1296//1296
f 1296//1296 1217//1217 1215//1215
f 1295//1295 1294//1294 1297//1297
f 1297//1297 1296//1296 1295//1295
f 1300//1300 1301//1301 1302//1302
f 1302//1302 1303//1303 1300//1300
f 1221//1221 1300//1300 1303//1303
f 1303//1303 1223//1223 1221//1221
f 1219//1219 1299//1299 1300//1300
f 1300//1300 1221//1221 1219//1219
f 1299//1299 1298//1298 1301//1301
f 1301//1301 1300//1300 1299//1299
f 1304//1304 1305//1305 1306//1306
f 1306//1306 1307//1307 1304//1304
f 1225//1225 1304//1304 1307//1307
f 1307//1307 1227//1227 1225//1225
f 1223//1223 1303//1303 1304//1304
f 1304//1304 1225//1225 1223//1223
f 1303//1303 1302//1302 1305//1305
f 1305//1305 1304//1304 1303//1303
f 1308//1308 1309//1309 1310//1310
f 1310//1310 1311//1311 1308//1308
f 1229//1229 1308//1308 1311//1311
f 1311//1311 1231//1231 1229//1229
f 1227//1227 1307//1307 1308//1308
f 1308//1308 1229//1229 1227//1227
f 1307//1307 1306//1306 1309//1309
f 1309//1309 1308//1308 1307//1307
f 1312//1312 1313//1313 1314//1314
f 1314//1314 1315//1315 1312//1312
f 1233//1233 1312//1312 1315//1315
f 1315//1315 1235//1235 1233//1233
f 1231//1231 1311//1311 1312//1312
f 1312//1312 1233//1233 1231//1231
f 1311//1311 1310//1310 1313//1313
f 1313//1313 1312//1312 1311//1311
f 1316//1316 1317//1317 1318//1318
f 1318//1318 1319//1319 1316//1316
f 1237//1237 1316//1316 1319//1319
f 1319//1319 1239//1239 1237//1237
f 1235//1235 1315//1315 1316//1316
f 1316//1316 1237//1237 1235//1235
f 1315//1315 1314//1314 1317//1317
f 1317//1317 1316//1316 1315//1315
f 1320//1320 1244//1244 1165//1165
f 1165//1165 1241//1241 1320//1320
f 1319//1319 1320//1320 1241//1241
f 1241//1241 1239//1239 1319//1319
f 1318//1318 1321//1321 1320//1320
f 1320//1320 1319//1319 1318//1318
f 1321//1321 1245//1245 1244//1244
f 1244//1244 1320//1320 1321//1321
f 1322//1322 1323//1323 1318//1318
f 1318//1318 1317//1317 1322//1322
f 1324//1324 1322//1322 1317//1317
f 1317//1317 1314//1314 1324//1324
f 967//967 965//965 1322//1322
f 1322//1322 1324//1324 967//967
f 965//965 964//964 1323//1323
f 1323//1323 1322//1322 965//965
f 1325//1325 1324//1324 1314//1314
f 1314//1314 1313//1313 1325//1325
f 1326//1326 1325//1325 1313//1313
f 1313//1313 1310//1310 1326//1326
f 974//974 972//972 1325//1325
f 1325//1325 1326//1326 974//974
f 972//972 967//967 1324//1324
f 1324//1324 1325//1325 972//972
f 1327//1327 1326//1326 1310//1310
f 1310//1310 1309//1309 1327//1327
f 1328//1328 1327//1327 1309//1309
f 1309//1309 1306//1306 1328//1328
f 980//980 978//978 1327//1327
f 1327//1327 1328//1328 980//980
f 978//978 974//974 1326//1326
f 1326//1326 1327//1327 978//978
f 1329//1329 1328//1328 1306//1306
f 1306//1306 1305//1305 1329//1329
f 1330//1330 1329//1329 1305//1305
f 1305//1305 1302//1302 1330//1330
f 986//986 984//984 1329//1329
f 1329//1329 1330//1330 986//986
f 984//984 980//980 1328//1328
f 1328//1328 1329//1329 984//984
f 1331//1331 1330//1330 1302//1302
f 1302//1302 1301//1301 1331//1331
f 1332//1332 1331//1331 1301//1301
f 1301//1301 1298//1298 1332//1332
f 992//992 990//990 1331//1331
f 1331//1331 1332//1332 992//992
f 990//990 986//986 1330//1330
f 1330//1330 1331//1331 990//990
f 1333//1333 1332//1332 1298//1298
f 1298//1298 1297//1297 1333//1333
f 1334//1334 1333//1333 1297//1297
f 1297//1297 1294//1294 1334//1334
f 998//998 996//996 1333//1333
f 1333//1333 1334//1334 998//998
f 996//996 992//992 1332//1332
f 1332//1332 1333//1333 996//996
f 1335//1335 1334//1334 1294//1294
f 1294//1294 1293//1293 1335//1335
f 1336//1336 1335//1335 1293//1293
f 1293//1293 1290//1290 1336//1336
f 1004//1004 1002//1002 1335//1335
f 1335//1335 1336//1336 1004//1004
f 1002//1002 998//998 1334//1334
f 1334//1334 1335//1335 1002//1002
f 1337//1337 1336//1336 1290//1290
f 1290//1290 1289//1289 1337//1337
f 1338//1338 1337//1337 1289//1289
f 1289//1289 1286//1286 1338//1338
f 1010//1010 1008//1008 1337//1337
f 1337//1337 1338//1338 1010//1010
f 1008//1008 1004//1004 1336//1336
f 1336//1336 1337//1337 1008//1008
f 1339//1339 1338//1338 1286//1286
f 1286//1286 1285//1285 1339//1339
f 1340//1340 1339//1339 1285//1285
f 1285//1285 1282//1282 1340//1340
f 1016//1016 1014//1014 1339//1339
f 1339//1339 1340//1340 1016//1016
f 1014//1014 1010//1010 1338//1338
f 1338//1338 1339//1339 1014//1014
f 1341//1341 1340//1340 1282//1282
f 1282//1282 1281//1281 1341//1341
f 1342//1342 1341//1341 1281//1281
f 1281//1281 1278//1278 1342//1342
f 1022//1022 1020//1020 1341//1341
f 1341//1341 1342//1342 1022//1022
f 1020//1020 1016//1016 1340//1340
f 1340//1340 1341//1341 1020//1020
f 1343//1343 1342//1342 1278//1278
f 1278//1278 1277//1277 1343//1343
f 1344//1344 1343//1343 1277//1277
f 1277//1277 1274//1274 1344//1344
f 1028//1028 1026//1026 1343//1343
f 1343//1343 1344//1344 1028//1028
f 1026//1026 1022//1022 1342//1342
f 1342//1342 1343//1343 1026//1026
f 1345//1345 1344//1344 1274//1274
f 1274//1274 1273//1273 1345//1345
f 1346//1346 1345//1345 1273//1273
f 1273//1273 1270//1270 1346//1346
f 1034//1034 1032//1032 1345//1345
f 1345//1345 1346//1346 1034//1034
f 1032//1032 1028//1028 1344//1344
f 1344//1344 1345//1345 1032//1032
f 1347//1347 1346//1346 1270//1270
f 1270//1270 1269//1269 1347//1347
f 1348//1348 1347//1347 1269//1269
f 1269//1269 1266//1266 1348//1348
f 1040//1040 1038//1038 1347//1347
f 1347//1347 1348//1348 1040//1040
f 1038//1038 1034//1034 1346//1346
f 1346//1346 1347//1347 1038//1038
f 1349//1349 1348//1348 1266//1266
f 1266//1266 1265//1265 1349//1349
f 1350//1350 1349//1349 1265//1265
f 1265//1265 1262//1262 1350//1350
f 1046//1046 1044//1044 1349//1349
f 1349//1349 1350//1350 1046//1046
f 1044//1044 1040//1040 1348//1348
f 1348//1348 1349//1349 1044//1044
f 1351//1351 1350//1350 1262//1262
f 1262//1262 1261//1261 1351//1351
f 1352//1352 1351//1351 1261//1261
f 1261//1261 1258//1258 1352//1352
f 1052//1052 1050//1050 1351//1351
f 1351//1351 1352//1352 1052//1052
f 1050//1050 1046//1046 1350//1350
f 1350//1350 1351//1351 1050//1050
f 1353//1353 1352//1352 1258//1258
f 1258//1258 1257//1257 1353//1353
f 1354//1354 1353//1353 1257//1257
f 1257//1257 1254//1254 1354//1354
f 1058//1058 1056//1056 1353//1353
f 1353//1353 1354//1354 1058//1058
f 1056//1056 1052//1052 1352//1352
f 1352//1352 1353//1353 1056//1056
f 1355//1355 1354//1354 1254//1254
f 1254//1254 1253//1253 1355//1355
f 1356//1356 1355//1355 1253//1253
f 1253//1253 1250//1250 1356//1356
f 1064//1064 1062//1062 1355//1355
f 1355//1355 1356//1356 1064//1064
f 1062//1062 1058//1058 1354//1354
f 1354//1354 1355//1355 1062//1062
f 1357//1357 1356//1356 1250//1250
f 1250//1250 1249//1249 1357//1357
f 1358//1358 1357//1357 1249//1249
f 1249//1249 1247//1247 1358//1358
f 1070//1070 1068//1068 1357//1357
f 1357//1357 1358//1358 1070//1070
f 1068//1068 1064//1064 1356//1356
f 1356//1356 1357//1357 1068//1068
f 1359//1359 1358//1358 1247//1247
f 1247//1247 1246//1246 1359//1359
f 1360//1360 1359//1359 1246//1246
f 1246//1246 1245//1245 1360//1360
f 1076//1076 1074//1074 1359//1359
f 1359//1359 1360//1360 1076//1076
f 1074//1074 1070//1070 1358//1358
f 1358//1358 1359//1359 1074//1074
f 1361//1361 1360//1360 1245//1245
f 1245//1245 1321//1321 1361//1361
f 1323//1323 1361//1361 1321//1321
f 1321//1321 1318//1318 1323//1323
f 964//964 1080//1080 1361//1361
f 1361//1361 1323//1323 964//964
f 1080//1080 1076//1076 1360//1360
f 1360//1360 1361//1361 1080//1080
f 1362//1362 1363//1363 1364//1364
f 1364//1364 1365//1365 1362//1362
f 1366//1366 1362//1362 1365//1365
f 1365//1365 1367//1367 1366//1366
f 1368//1368 1369//1369 1362//1362
f 1362//1362 1366//1366 1368//1368
f 1369//1369 1370//1370 1363//1363
f 1363//1363 1362//1362 1369//1369
f 1371//1371 1366//1366 1367//1367
f 1367//1367 1372//1372 1371//1371
f 1373//1373 1371//1371 1372//1372
f 1372//1372 1374//1374 1373//1373
f 1375//1375 1376//1376 1371//1371
f 1371//1371 1373//1373 1375//1375
f 1376//1376 1368//1368 1366//1366
f 1366//1366 1371//1371 1376//1376
f 1377//1377 1373//1373 1374//1374
f 1374//1374 1378//1378 1377//1377
f 1379//1379 1377//1377 1378//1378
f 1378//1378 1380//1380 1379//1379
f 1381//1381 1382//1382 1377//1377
f 1377//1377 1379//1379 1381//1381
f 1382//1382 1375//1375 1373//1373
f 1373//1373 1377//1377 1382//1382
f 1383//1383 1379//1379 1380//1380
f 1380//1380 1384//1384 1383//1383
f 1385//1385 1383//1383 1384//1384
f 1384//1384 1386//1386 1385//1385
f 1387//1387 1388//1388 1383//1383
f 1383//1383 1385//1385 1387//1387
f 1388//1388 1381//1381 1379//1379
f 1379//1379 1383//1383 1388//1388
f 1389//1389 1385//1385 1386//1386
f 1386//1386 1390//1390 1389//1389
f 1391//1391 1389//1389 1390//1390
f 1390//1390 1392//1392 1391//1391
f 1393//1393 1394//1394 1389//1389
f 1389//1389 1391//1391 1393//1393
f 1394//1394 1387//1387 1385//1385
f 1385//1385 1389//1389 1394//1394
f 1395//1395 1391//1391 1392//1392
f 1392//1392 1396//1396 1395//1395
f 1397//1397 1395//1395 1396//1396
f 1396//1396 1398//1398 1397//1397
f 1399//1399 1400//1400 1395//1395
f 1395//1395 1397//1397 1399//1399
f 1400//1400 1393//1393 1391//1391
f 1391//1391 1395//1395 1400//1400
f 1401//1401 1397//1397 1398//1398
f 1398//1398 1402//1402 1401//1401
f 1403//1403 1401//1401 1402//1402
f 1402//1402 1404//1404 1403//1403
f 1405//1405 1406//1406 1401//1401
f 1401//1401 1403//1403 1405//1405
f 1406//1406 1399//1399 1397//1397
f 1397//1397 1401//1401 1406//1406
f 1407//1407 1403//1403 1404//1404
f 1404//1404 1408//1408 1407//1407
f 1409//1409 1407//1407 1408//1408
f 1408//1408 1410//1410 1409//1409
f 1411//1411 1412//1412 1407//1407
f 1407//1407 1409//1409 1411//1411
f 1412//1412 1405//1405 1403//1403
f 1403//1403 1407//1407 1412//1412
f 1413//1413 1409//1409 1410//1410
f 1410//1410 1414//1414 1413//1413
f 1415//1415 1413//1413 1414//1414
f 1414//1414 1416//1416 1415//1415
f 1417//1417 1418//1418 1413//1413
f 1413//1413 1415//1415 1417//1417
f 1418//1418 1411//1411 1409//1409
f 1409//1409 1413//1413 1418//1418
f 1419//1419 1415//1415 1416//1416
f 1416//1416 1420//1420 1419//1419
f 1421//1421 1419//1419 1420//1420
f 1420//1420 1422//1422 1421//1421
f 1423//1423 1424//1424 1419//1419
f 1419//1419 1421//1421 1423//1423
f 1424//1424 1417//1417 1415//1415
f 1415//1415 1419//1419 1424//1424
f 1425//1425 1421//1421 1422//1422
f 1422//1422 1426//1426 1425//1425
f 1427//1427 1425//1425 1426//1426
f 1426//1426 1428//1428 1427//1427
f 1429//1429 1430//1430 1425//1425
f 1425//1425 1427//1427 1429//1429
f 1430//1430 1423//1423 1421//1421
f 1421//1421 1425//1425 1430//1430
f 1431//1431 1427//1427 1428//1428
f 1428//1428 1432//1432 1431//1431
f 1433//1433 1431//1431 1432//1432
f 1432//1432 1434//1434 1433//1433
f 1435//1435 1436//1436 1431//1431
f 1431//1431 1433//1433 1435//1435
f 1436//1436 1429//1429 1427//1427
f 1427//1427 1431//1431 1436//1436
f 1437//1437 1433//1433 1434//1434
f 1434//1434 1438//1438 1437//1437
f 1439//1439 1437//1437 1438//1438
f 1438//1438 1440//1440 1439//1439
f 1441//1441 1442//1442 1437//1437
f 1437//1437 1439//1439 1441//1441
f 1442//1442 1435//1435 1433//1433
f 1433//1433 1437//1437 1442//1442
f 1443//1443 1439//1439 1440//1440
f 1440//1440 1444//1444 1443//1443
f 1445//1445 1443//1443 1444//1444
f 1444//1444 1446//1446 1445//1445
f 1447//1447 1448//1448 1443//1443
f 1443//1443 1445//1445 1447//1447
f 1448//1448 1441//1441 1439//1439
f 1439//1439 1443//1443 1448//1448
f 1449//1449 1445//1445 1446//1446
f 1446//1446 1450//1450 1449//1449
f 1451//1451 1449//1449 1450//1450
f 1450//1450 1452//1452 1451//1451
f 1453//1453 1454//1454 1449//1449
f 1449//1449 1451//1451 1453//1453
f 1454//1454 1447//1447 1445//1445
f 1445//1445 1449//1449 1454//1454
f 1455//1455 1451//1451 1452//1452
f 1452//1452 1456//1456 1455//1455
f 1457//1457 1455//1455 1456//1456
f 1456//1456 1458//1458 1457//1457
f 1459//1459 1460//1460 1455//1455
f 1455//1455 1457//1457 1459//1459
f 1460//1460 1453//1453 1451//1451
f 1451//1451 1455//1455 1460//1460
f 1461//1461 1457//1457 1458//1458
f 1458//1458 1462//1462 1461//1461
f 1463//1463 1461//1461 1462//1462
f 1462//1462 1464//1464 1463//1463
f 1465//1465 1466//1466 1461//1461
f 1461//1461 1463//1463 1465//1465
f 1466//1466 1459//1459 1457//1457
f 1457//1457 1461//1461 1466//1466
f 1467//1467 1463//1463 1464//1464
f 1464//1464 1468//1468 1467//1467
f 1469//1469 1467//1467 1468//1468
f 1468//1468 1470//1470 1469//1469
f 1471//1471 1472//1472 1467//1467
f 1467//1467 1469//1469 1471//1471
f 1472//1472 1465//1465 1463//1463
f 1463//1463 1467//1467 1472//1472
f 1473//1473 1469//1469 1470//1470
f 1470//1470 1474//1474 1473//1473
f 1475//1475 1473//1473 1474//1474
f 1474//1474 1476//1476 1475//1475
f 1477//1477 1478//1478 1473//1473
f 1473//1473 1475//1475 1477//1477
f 1478//1478 1471//1471 1469//1469
f 1469//1469 1473//1473 1478//1478
f 1479//1479 1475//1475 1476//1476
f 1476//1476 1480//1480 1479//1479
f 1363//1363 1479//1479 1480//1480
f 1480//1480 1364//1364 1363//1363
f 1370//1370 1481//1481 1479//1479
f 1479//1479 1363//1363 1370//1370
f 1481//1481 1477//1477 1475//1475
f 1475//1475 1479//1479 1481//1481
f 1482//1482 1483//1483 1370//1370
f 1370//1370 1369//1369 1482//1482
f 1484//1484 1482//1482 1369//1369
f 1369//1369 1368//1368 1484//1484
f 1485//1485 1486//1486 1482//1482
f 1482//1482 1484//1484 1485//1485
f 1486//1486 1487//1487 1483//1483
f 1483//1483 1482//1482 1486//1486
f 1488//1488 1484//1484 1368//1368
f 1368//1368 1376//1376 1488//1488
f 1489//1489 1488//1488 1376//1376
f 1376//1376 1375//1375 1489//1489
f 1490//1490 1491//1491 1488//1488
f 1488//1488 1489//1489 1490//1490
f 1491//1491 1485//1485 1484//1484
f 1484//1484 1488//1488 1491//1491
f 1492//1492 1489//1489 1375//1375
f 1375//1375 1382//1382 1492//1492
f 1493//1493 1492//1492 1382//1382
f 1382//1382 1381//1381 1493//1493
f 1494//1494 1495//1495 1492//1492
f 1492//1492 1493//1493 1494//1494
f 1495//1495 1490//1490 1489//1489
f 1489//1489 1492//1492 1495//1495
f 1496//1496 1493//1493 1381//1381
f 1381//1381 1388//1388 1496//1496
f 1497//1497 1496//1496 1388//1388
f 1388//1388 1387//1387 1497//1497
f 1498//1498 1499//1499 1496//1496
f 1496//1496 1497//1497 1498//1498
f 1499//1499 1494//1494 1493//1493
f 1493//1493 1496//1496 1499//1499
f 1500//1500 1497//1497 1387//1387
f 1387//1387 1394//1394 1500//1500
f 1501//1501 1500//1500 1394//1394
f 1394//1394 1393//1393 1501//1501
f 1502//1502 1503//1503 1500//1500
f 1500//1500 1501//1501 1502//1502
f 1503//1503 1498//1498 1497//1497
f 1497//1497 1500//1500 1503//1503
f 1504//1504 1501//1501 1393//1393
f 1393//1393 1400//1400 1504//1504
f 1505//1505 1504//1504 1400//1400
f 1400//1400 1399//1399 1505//1505
f 1506//1506 1507//1507 1504//1504
f 1504//1504 1505//1505 1506//1506
f 1507//1507 1502//1502 1501//1501
f 1501//1501 1504//1504 1507//1507
f 1508//1508 1505//1505 1399//1399
f 1399//1399 1406//1406 1508//1508
f 1509//1509 1508//1508 1406//1406
f 1406//1406 1405//1405 1509//1509
f 1510//1510 1511//1511 1508//1508
f 1508//1508 1509//1509 1510//1510
f 1511//1511 1506//1506 1505//1505
f 1505//1505 1508//1508 1511//1511
f 1512//1512 1509//1509 1405//1405
f 1405//1405 1412//1412 1512//1512
f 1513//1513 1512//1512 1412//1412
f 1412//1412 1411//1411 1513//1513
f 1514//1514 1515//1515 1512//1512
f 1512//1512 1513//1513 1514//1514
f 1515//1515 1510//1510 1509//1509
f 1509//1509 1512//1512 1515//1515
f 1516//1516 1513//1513 1411//1411
f 1411//1411 1418//1418 1516//1516
f 1517//1517 1516//1516 1418//1418
f 1418//1418 1417//1417 1517//1517
f 1518//1518 1519//1519 1516//1516
f 1516//1516 1517//1517 1518//1518
f 1519//1519 1514//1514 1513//1513
f 1513//1513 1516//1516 1519//1519
f 1520//1520 1517//1517 1417//1417
f 1417//1417 1424//1424 1520//1520
f 1521//1521 1520//1520 1424//1424
f 1424//1424 1423//1423 1521//1521
f 1522//1522 1523//1523 1520//1520
f 1520//1520 1521//1521 1522//1522
f 1523//1523 1518//1518 1517//1517
f 1517//1517 1520//1520 1523//1523
f 1524//1524 1521//1521 1423//1423
f 1423//1423 1430//1430 1524//1524
f 1525//1525 1524//1524 1430//1430
f 1430//1430 1429//1429 1525//1525
f 1526//1526 1527//1527 1524//1524
f 1524//1524 1525//1525 1526//1526
f 1527//1527 1522//1522 1521//1521
f 1521//1521 1524//1524 1527//1527
f 1528//1528 1525//1525 1429//1429
f 1429//1429 1436//1436 1528//1528
f 1529//1529 1528//1528 1436//1436
f 1436//1436 1435//1435 1529//1529
f 1530//1530 1531//1531 1528//1528
f 1528//1528 1529//1529 1530//1530
f 1531//1531 1526//1526 1525//1525
f 1525//1525 1528//1528 1531//1531
f 1532//1532 1529//1529 1435//1435
f 1435//1435 1442//1442 1532//1532
f 1533//1533 1532//1532 1442//1442
f 1442//1442 1441//1441 1533//1533
f 1534//1534 1535//1535 1532//1532
f 1532//1532 1533//1533 1534//1534
f 1535//1535 1530//1530 1529//1529
f 1529//1529 1532//1532 1535//1535
f 1536//1536 1533//1533 1441//1441
f 1441//1441 1448//1448 1536//1536
f 1537//1537 1536//1536 1448//1448
f 1448//1448 1447//1447 1537//1537
f 1538//1538 1539//1539 1536//1536
f 1536//1536 1537//1537 1538//1538
f 1539//1539 1534//1534 1533//1533
f 1533//1533 1536//1536 1539//1539
f 1540//1540 1537//1537 1447//1447
f 1447//1447 1454//1454 1540//1540
f 1541//1541 1540//1540 1454//1454
f 1454//1454 1453//1453 1541//1541
f 1542//1542 1543//1543 1540//1540
f 1540//1540 1541//1541 1542//1542
f 1543//1543 1538//1538 1537//1537
f 1537//1537 1540//1540 1543//1543
f 1544//1544 1541//1541 1453//1453
f 1453//1453 1460//1460 1544//1544
f 1545//1545 1544//1544 1460//1460
f 1460//1460 1459//1459 1545//1545
f 1546//1546 1547//1547 1544//1544
f 1544//1544 1545//1545 1546//1546
f 1547//1547 1542//1542 1541//1541
f 1541//1541 1544//1544 1547//1547
f 1548//1548 1545//1545 1459//1459
f 1459//1459 1466//1466 1548//1548
f 1549//1549 1548//1548 1466//1466
f 1466//1466 1465//1465 1549//1549
f 1550//1550 1551//1551 1548//1548
f 1548//1548 1549//1549 1550//1550
f 1551//1551 1546//1546 1545//1545
f 1545//1545 1548//1548 1551//1551
f 1552//1552 1549//1549 1465//1465
f 1465//1465 1472//1472 1552//1552
f 1553//1553 1552//1552 1472//1472
f 1472//1472 1471//1471 1553//1553
f 1554//1554 1555//1555 1552//1552
f 1552//1552 1553//1553 1554//1554
f 1555//1555 1550//1550 1549//1549
f 1549//1549 1552//1552 1555//1555
f 1556//1556 1553//1553 1471//1471
f 1471//1471 1478//1478 1556//1556
f 1557//1557 1556//1556 1478//1478
f 1478//1478 1477//1477 1557//1557
f 1558//1558 1559//1559 1556//1556
f 1556//1556 1557//1557 1558//1558
f 1559//1559 1554//1554 1553//1553
f 1553//1553 1556//1556 1559//1559
f 1560//1560 1557//1557 1477//1477
f 1477//1477 1481//1481 1560//1560
f 1483//1483 1560//1560 1481//1481
f 1481//1481 1370//1370 1483//1483
f 1487//1487 1561//1561 1560//1560
f 1560//1560 1483//1483 1487//1487
f 1561//1561 1558//1558 1557//1557
f 1557//1557 1560//1560 1561//1561
f 1562//1562 1563//1563 1487//1487
f 1487//1487 1486//1486 1562//1562
f 1564//1564 1562//1562 1486//1486
f 1486//1486 1485//1485 1564//1564
f 1565//1565 1566//1566 1562//1562
f 1562//1562 1564//1564 1565//1565
f 1566//1566 1567//1567 1563//1563
f 1563//1563 1562//1562 1566//1566
f 1568//1568 1564//1564 1485//1485
f 1485//1485 1491//1491 1568//1568
f 1569//1569 1568//1568 1491//1491
f 1491//1491 1490//1490 1569//1569
f 1570//1570 1571//1571 1568//1568
f 1568//1568 1569//1569 1570//1570
f 1571//1571 1565//1565 1564//1564
f 1564//1564 1568//1568 1571//1571
f 1572//1572 1569//1569 1490//1490
f 1490//1490 1495//1495 1572//1572
f 1573//1573 1572//1572 1495//1495
f 1495//1495 1494//1494 1573//1573
f 1574//1574 1575//1575 1572//1572
f 1572//1572 1573//1573 1574//1574
f 1575//1575 1570//1570 1569//1569
f 1569//1569 1572//1572 1575//1575
f 1576//1576 1573//1573 1494//1494
f 1494//1494 1499//1499 1576//1576
f 1577//1577 1576//1576 1499//1499
f 1499//1499 1498//1498 1577//1577
f 1578//1578 1579//1579 1576//1576
f 1576//1576 1577//1577 1578//1578
f 1579//1579 1574//1574 1573//1573
f 1573//1573 1576//1576 1579//1579
f 1580//1580 1577//1577 1498//1498
f 1498//1498 1503//1503 1580//1580
f 1581//1581 1580//1580 1503//1503
f 1503//1503 1502//1502 1581//1581
f 1582//1582 1583//1583 1580//1580
f 1580//1580 1581//1581 1582//1582
f 1583//1583 1578//1578 1577//1577
f 1577//1577 1580//1580 1583//1583
f 1584//1584 1581//1581 1502//1502
f 1502//1502 1507//1507 1584//1584
f 1585//1585 1584//1584 1507//1507
f 1507//1507 1506//1506 1585//1585
f 1586//1586 1587//1587 1584//1584
f 1584//1584 1585//1585 1586//1586
f 1587//1587 1582//1582 1581//1581
f 1581//1581 1584//1584 1587//1587
f 1588//1588 1585//1585 1506//1506
f 1506//1506 1511//1511 1588//1588
f 1589//1589 1588//1588 1511//1511
f 1511//1511 1510//1510 1589//1589
f 1590//1590 1591//1591 1588//1588
f 1588//1588 1589//1589 1590//1590
f 1591//1591 1586//1586 1585//1585
f 1585//1585 1588//1588 1591//1591
f 1592//1592 1589//1589 1510//1510
f 1510//1510 1515//1515 1592//1592
f 1593//1593 1592//1592 1515//1515
f 1515//1515 1514//1514 1593//1593
f 1594//1594 1595//1595 1592//1592
f 1592//1592 1593//1593 1594//1594
f 1595//1595 1590//1590 1589//1589
f 1589//1589 1592//1592 1595//1595
f 1596//1596 1593//1593 1514//1514
f 1514//1514 1519//1519 1596//1596
f 1597//1597 1596//1596 1519//1519
f 1519//1519 1518//1518 1597//1597
f 1598//1598 1599//1599 1596//1596
f 1596//1596 1597//1597 1598//1598
f 1599//1599 1594//1594 1593//1593
f 1593//1593 1596//1596 1599//1599
f 1600//1600 1597//1597 1518//1518
f 1518//1518 1523//1523 1600//1600
f 1601//1601 1600//1600 1523//1523
f 1523//1523 1522//1522 1601//1601
f 1602//1602 1603//1603 1600//1600
f 1600//1600 1601//1601 1602//1602
f 1603//1603 1598//1598 1597//1597
f 1597//1597 1600//1600 1603//1603
f 1604//1604 1601//1601 1522//1522
f 1522//1522 1527//1527 1604//1604
f 1605//1605 1604//1604 1527//1527
f 1527//1527 1526//1526 1605//1605
f 1606//1606 1607//1607 1604//1604
f 1604//1604 1605//1605 1606//1606
f 1607//1607 1602//1602 1601//1601
f 1601//1601 1604//1604 1607//1607
f 1608//1608 1605//1605 1526//1526
f 1526//1526 1531//1531 1608//1608
f 1609//1609 1608//1608 1531//1531
f 1531//1531 1530//1530 1609//1609
f 1610//1610 1611//1611 1608//1608
f 1608//1608 1609//1609 1610//1610
f 1611//1611 1606//1606 1605//1605
f 1605//1605 1608//1608 1611//1611
f 1612//1612 1609//1609 1530//1530
f 1530//1530 1535//1535 1612//1612
f 1613//1613 1612//1612 1535//1535
f 1535//1535 1534//1534 1613//1613
f 1614//1614 1615//1615 1612//1612
f 1612//1612 1613//1613 1614//1614
f 1615//1615 1610//1610 1609//1609
f 1609//1609 1612//1612 1615//1615
f 1616//1616 1613//1613 1534//1534
f 1534//1534 1539//1539 1616//1616
f 1617//1617 1616//1616 1539//1539
f 1539//1539 1538//1538 1617//1617
f 1618//1618 1619//1619 1616//1616
f 1616//1616 1617//1617 1618//1618
f 1619//1619 1614//1614 1613//1613
f 1613//1613 1616//1616 1619//1619
f 1620//1620 1617//1617 1538//1538
f 1538//1538 1543//1543 1620//1620
f 1621//1621 1620//1620 1543//1543
f 1543//1543 1542//1542 1621//1621
f 1622//1622 1623//1623 1620//1620
f 1620//1620 1621//1621 1622//1622
f 1623//1623 1618//1618 1617//1617
f 1617//1617 1620//1620 1623//1623
f 1624//1624 1621//1621 1542//1542
f 1542//1542 1547//1547 1624//1624
f 1625//1625 1624//1624 1547//1547
f 1547//1547 1546//1546 1625//1625
f 1626//1626 1627//1627 1624//1624
f 1624//1624 1625//1625 1626//1626
f 1627//1627 1622//1622 1621//1621
f 1621//1621 1624//1624 1627//1627
f 1628//1628 1625//1625 1546//1546
f 1546//1546 1551//1551 1628//1628
f 1629//1629 1628//1628 1551//1551
f 1551//1551 1550//1550 1629//1629
f 1630//1630 1631//1631 1628//1628
f 1628//1628 1629//1629 1630//1630
f 1631//1631 1626//1626 1625//1625
f 1625//1625 1628//1628 1631//1631
f 1632//1632 1629//1629 1550//1550
f 1550//1550 1555//1555 1632//1632
f 1633//1633 1632//1632 1555//1555
f 1555//1555 1554//1554 1633//1633
f 1634//1634 1635//1635 1632//1632
f 1632//1632 1633//1633 1634//1634
f 1635//1635 1630//1630 1629//1629
f 1629//1629 1632//1632 1635//1635
f 1636//1636 1633//1633 1554//1554
f 1554//1554 1559//1559 1636//1636
f 1637//1637 1636//1636 1559//1559
f 1559//1559 1558//1558 1637//1637
f 1638//1638 1639//1639 1636//1636
f 1636//1636 1637//1637 1638//1638
f 1639//1639 1634//1634 1633//1633
f 1633//1633 1636//1636 1639//1639
f 1640//1640 1637//1637 1558//1558
f 1558//1558 1561//1561 1640//1640
f 1563//1563 1640//1640 1561//1561
f 1561//1561 1487//1487 1563//1563
f 1567//1567 1641//1641 1640//1640
f 1640//1640 1563//1563 1567//1567
f 1641//1641 1638//1638 1637//1637
f 1637//1637 1640//1640 1641//1641
f 1642//1642 1643//1643 1567//1567
f 1567//1567 1566//1566 1642//1642
f 1644//1644 1642//1642 1566//1566
f 1566//1566 1565//1565 1644//1644
f 1645//1645 1646//1646 1642//1642
f 1642//1642 1644//1644 1645//1645
f 1646//1646 1647//1647 1643//1643
f 1643//1643 1642//1642 1646//1646
f 1648//1648 1644//1644 1565//1565
f 1565//1565 1571//1571 1648//1648
f 1649//1649 1648//1648 1571//1571
f 1571//1571 1570//1570 1649//1649
f 1650//1650 1651//1651 1648//1648
f 1648//1648 1649//1649 1650//1650
f 1651//1651 1645//1645 1644//1644
f 1644//1644 1648//1648 1651//1651
f 1652//1652 1649//1649 1570//1570
f 1570//1570 1575//1575 1652//1652
f 1653//1653 1652//1652 1575//1575
f 1575//1575 1574//1574 1653//1653
f 1654//1654 1655//1655 1652//1652
f 1652//1652 1653//1653 1654//1654
f 1655//1655 1650//1650 1649//1649
f 1649//1649 1652//1652 1655//1655
f 1656//1656 1653//1653 1574//1574
f 1574//1574 1579//1579 1656//1656
f 1657//1657 1656//1656 1579//1579
f 1579//1579 1578//1578 1657//1657
f 1658//1658 1659//1659 1656//1656
f 1656//1656 1657//1657 1658//1658
f 1659//1659 1654//1654 1653//1653
f 1653//1653 1656//1656 1659//1659
f 1660//1660 1657//1657 1578//1578
f 1578//1578 1583//1583 1660//1660
f 1661//1661 1660//1660 1583//1583
f 1583//1583 1582//1582 1661//1661
f 1662//1662 1663//1663 1660//1660
f 1660//1660 1661//1661 1662//1662
f 1663//1663 1658//1658 1657//1657
f 1657//1657 1660//1660 1663//1663
f 1664//1664 1661//1661 1582//1582
f 1582//1582 1587//1587 1664//1664
f 1665//1665 1664//1664 1587//1587
f 1587//1587 1586//1586 1665//1665
f 1666//1666 1667//1667 1664//1664
f 1664//1664 1665//1665 1666//1666
f 1667//1667 1662//1662 1661//1661
f 1661//1661 1664//1664 1667//1667
f 1668//1668 1665//1665 1586//1586
f 1586//1586 1591//1591 1668//1668
f 1669//1669 1668//1668 1591//1591
f 1591//1591 1590//1590 1669//1669
f 1670//1670 1671//1671 1668//1668
f 1668//1668 1669//1669 1670//1670
f 1671//1671 1666//1666 1665//1665
f 1665//1665 1668//1668 1671//1671
f 1672//1672 1669//1669 1590//1590
f 1590//1590 1595//1595 1672//1672
f 1673//1673 1672//1672 1595//1595
f 1595//1595 1594//1594 1673//1673
f 1674//1674 1675//1675 1672//1672
f 1672//1672 1673//1673 1674//1674
f 1675//1675 1670//1670 1669//1669
f 1669//1669 1672//1672 1675//1675
f 1676//1676 1673//1673 1594//1594
f 1594//1594 1599//1599 1676//1676
f 1677//1677 1676//1676 1599//1599
f 1599//1599 1598//1598 1677//1677
f 1678//1678 1679//1679 1676//1676
f 1676//1676 1677//1677 1678//1678
f 1679//1679 1674//1674 1673//1673
f 1673//1673 1676//1676 1679//1679
f 1680//1680 1677//1677 1598//1598
f 1598//1598 1603//1603 1680//1680
f 1681//1681 1680//1680 1603//1603
f 1603//1603 1602//1602 1681//1681
f 1682//1682 1683//1683 1680//1680
f 1680//1680 1681//1681 1682//1682
f 1683//1683 1678//1678 1677//1677
f 1677//1677 1680//1680 1683//1683
f 1684//1684 1681//1681 1602//1602
f 1602//1602 1607//1607 1684//1684
f 1685//1685 1684//1684 1607//1607
f 1607//1607 1606//1606 1685//1685
f 1686//1686 1687//1687 1684//1684
f 1684//1684 1685//1685 1686//1686
f 1687//1687 1682//1682 1681//1681
f 1681//1681 1684//1684 1687//1687
f 1688//1688 1685//1685 1606//1606
f 1606//1606 1611//1611 1688//1688
f 1689//1689 1688//1688 1611//1611
f 1611//1611 1610//1610 1689//1689
f 1690//1690 1691//1691 1688//1688
f 1688//1688 1689//1689 1690//1690
f 1691//1691 1686//1686 1685//1685
f 1685//1685 1688//1688 1691//1691
f 1692//1692 1689//1689 1610//1610
f 1610//1610 1615//1615 1692//1692
f 1693//1693 1692//1692 1615//1615
f 1615//1615 1614//1614 1693//1693
f 1694//1694 1695//1695 1692//1692
f 1692//1692 1693//1693 1694//1694
f 1695//1695 1690//1690 1689//1689
f 1689//1689 1692//1692 1695//1695
f 1696//1696 1693//1693 1614//1614
f 1614//1614 1619//1619 1696//1696
f 1697//1697 1696//1696 1619//1619
f 1619//1619 1618//1618 1697//1697
f 1698//1698 1699//1699 1696//1696
f 1696//1696 1697//1697 1698//1698
f 1699//1699 1694//1694 1693//1693
f 1693//1693 1696//1696 1699//1699
f 1700//1700 1697//1697 1618//1618
f 1618//1618 1623//1623 1700//1700
f 1701//1701 1700//1700 1623//1623
f 1623//1623 1622//1622 1701//1701
f 1702//1702 1703//1703 1700//1700
f 1700//1700 1701//1701 1702//1702
f 1703//1703 1698//1698 1697//1697
f 1697//1697 1700//1700 1703//1703
f 1704//1704 1701//1701 1622//1622
f 1622//1622 1627//1627 1704//1704
f 1705//1705 1704//1704 1627//1627
f 1627//1627 1626//1626 1705//1705
f 1706//1706 1707//1707 1704//1704
f 1704//1704 1705//1705 1706//1706
f 1707//1707 1702//1702 1701//1701
f 1701//1701 1704//1704 1707//1707
f 1708//1708 1705//1705 1626//1626
f 1626//1626 1631//1631 1708//1708
f 1709//1709 1708//1708 1631//1631
f 1631//1631 1630//1630 1709//1709
f 1710//1710 1711//1711 1708//1708
f 1708//1708 1709//1709 1710//1710
f 1711//1711 1706//1706 1705//1705
f 1705//1705 1708//1708 1711//1711
f 1712//1712 1709//1709 1630//1630
f 1630//1630 1635//1635 1712//1712
f 1713//1713 1712//1712 1635//1635
f 1635//1635 1634//1634 1713//1713
f 1714//1714 1715//1715 1712//1712
f 1712//1712 1713//1713 1714//1714
f 1715//1715 1710//1710 1709//1709
f 1709//1709 1712//1712 1715//1715
f 1716//1716 1713//1713 1634//1634
f 1634//1634 1639//1639 1716//1716
f 1717//1717 1716//1716 1639//1639
f 1639//1639 1638//1638 1717//1717
f 1718//1718 1719//1719 1716//1716
f 1716//1716 1717//1717 1718//1718
f 1719//1719 1714//1714 1713//1713
f 1713//1713 1716//1716 1719//1719
f 1720//1720 1717//1717 1638//1638
f 1638//1638 1641//1641 1720//1720
f 1643//1643 1720//1720 1641//1641
f 1641//1641 1567//1567 1643//1643
f 1647//1647 1721//1721 1720//1720
f 1720//1720 1643//1643 1647//1647
f 1721//1721 1718//1718 1717//1717
f 1717//1717 1720//1720 1721//1721
f 1722//1722 1723//1723 1647//1647
f 1647//1647 1646//1646 1722//1722
f 1722//1722 1646//1646 1645//1645
f 1645//1645 1724//1724 1722//1722
f 1722//1722 1724//1724 1725//1725
f 1725//1725 1723//1723 1722//1722
f 1726//1726 1724//1724 1645//1645
f 1645//1645 1651//1651 1726//1726
f 1726//1726 1651//1651 1650//1650
f 1650//1650 1727//1727 1726//1726
f 1726//1726 1727//1727 1725//1725
f 1725//1725 1724//1724 1726//1726
f 1728//1728 1727//1727 1650//1650
f 1650//1650 1655//1655 1728//1728
f 1728//1728 1655//1655 1654//1654
f 1654//1654 1729//1729 1728//1728
f 1728//1728 1729//1729 1725//1725
f 1725//1725 1727//1727 1728//1728
f 1730//1730 1729//1729 1654//1654
f 1654//1654 1659//1659 1730//1730
f 1730//1730 1659//1659 1658//1658
f 1658//1658 1731//1731 1730//1730
f 1730//1730 1731//1731 1725//1725
f 1725//1725 1729//1729 1730//1730
f 1732//1732 1731//1731 1658//1658
f 1658//1658 1663//1663 1732//1732
f 1732//1732 1663//1663 1662//1662
f 1662//1662 1733//1733 1732//1732
f 1732//1732 1733//1733 1725//1725
f 1725//1725 1731//1731 1732//1732
f 1734//1734 1733//1733 1662//1662
f 1662//1662 1667//1667 1734//1734
f 1734//1734 1667//1667 1666//1666
f 1666//1666 1735//1735 1734//1734
f 1734//1734 1735//1735 1725//1725
f 1725//1725 1733//1733 1734//1734
f 1736//1736 1735//1735 1666//1666
f 1666//1666 1671//1671 1736//1736
f 1736//1736 1671//1671 1670//1670
f 1670//1670 1737//1737 1736//1736
f 1736//1736 1737//1737 1725//1725
f 1725//1725 1735//1735 1736//1736
f 1738//1738 1737//1737 1670//1670
f 1670//1670 1675//1675 1738//1738
f 1738//1738 1675//1675 1674//1674
f 1674//1674 1739//1739 1738//1738
f 1738//1738 1739//1739 1725//1725
f 1725//1725 1737//1737 1738//1738
f 1740//1740 1739//1739 1674//1674
f 1674//1674 1679//1679 1740//1740
f 1740//1740 1679//1679 1678//1678
f 1678//1678 1741//1741 1740//1740
f 1740//1740 1741//1741 1725//1725
f 1725//1725 1739//1739 1740//1740
f 1742//1742 1741//1741 1678//1678
f 1678//1678 1683//1683 1742//1742
f 1742//1742 1683//1683 1682//1682
f 1682//1682 1743//1743 1742//1742
f 1742//1742 1743//1743 1725//1725
f 1725//1725 1741//1741 1742//1742
f 1744//1744 1743//1743 1682//1682
f 1682//1682 1687//1687 1744//1744
f 1744//1744 1687//1687 1686//1686
f 1686//1686 1745//1745 1744//1744
f 1744//1744 1745//1745 1725//1725
f 1725//1725 1743//1743 1744//1744
f 1746//1746 1745//1745 1686//1686
f 1686//1686 1691//1691 1746//1746
f 1746//1746 1691//1691 1690//1690
f 1690//1690 1747//1747 1746//1746
f 1746//1746 1747//1747 1725//1725
f 1725//1725 1745//1745 1746//1746
f 1748//1748 1747//1747 1690//1690
f 1690//1690 1695//1695 1748//1748
f 1748//1748 1695//1695 1694//1694
f 1694//1694 1749//1749 1748//1748
f 1748//1748 1749//1749 1725//1725
f 1725//1725 1747//1747 1748//1748
f 1750//1750 1749//1749 1694//1694
f 1694//1694 1699//1699 1750//1750
f 1750//1750 1699//1699 1698//1698
f 1698//1698 1751//1751 1750//1750
f 1750//1750 1751//1751 1725//1725
f 1725//1725 1749//1749 1750//1750
f 1752//1752 1751//1751 1698//1698
f 1698//1698 1703//1703 1752//1752
f 1752//1752 1703//1703 1702//1702
f 1702//1702 1753//1753 1752//1752
f 1752//1752 1753//1753 1725//1725
f 1725//1725 1751//1751 1752//1752
f 1754//1754 1753//1753 1702//1702
f 1702//1702 1707//1707 1754//1754
f 1754//1754 1707//1707 1706//1706
f 1706//1706 1755//1755 1754//1754
f 1754//1754 1755//1755 1725//1725
f 1725//1725 1753//1753 1754//1754
f 1756//1756 1755//1755 1706//1706
f 1706//1706 1711//1711 1756//1756
f 1756//1756 1711//1711 1710//1710
f 1710//1710 1757//1757 1756//1756
f 1756//1756 1757//1757 1725//1725
f 1725//1725 1755//1755 1756//1756
f 1758//1758 1757//1757 1710//1710
f 1710//1710 1715//1715 1758//1758
f 1758//1758 1715//1715 1714//1714
f 1714//1714 1759//1759 1758//1758
f 1758//1758 1759//1759 1725//1725
f 1725//1725 1757//1757 1758//1758
f 1760//1760 1759//1759 1714//1714
f 1714//1714 1719//1719 1760//1760
f 1760//1760 1719//1719 1718//1718
f 1718//1718 1761//1761 1760//1760
f 1760//1760 1761//1761 1725//1725
f 1725//1725 1759//1759 1760//1760
f 1762//1762 1761//1761 1718//1718
f 1718//1718 1721//1721 1762//1762
f 1762//1762 1721//1721 1647//1647
f 1647//1647 1723//1723 1762//1762
f 1762//1762 1723//1723 1725//1725
f 1725//1725 1761//1761 1762//1762
f 1763//1763 1764//1764 1765//1765
f 1765//1765 1766//1766 1763//1763
f 1767//1767 1763//1763 1766//1766
f 1766//1766 1768//1768 1767//1767
f 1769//1769 1770//1770 1763//1763
f 1763//1763 1767//1767 1769//1769
f 1770//1770 1771//1771 1764//1764
f 1764//1764 1763//1763 1770//1770
f 1772//1772 1773//1773 1768//1768
f 1768//1768 1766//1766 1772//1772
f 1774//1774 1772//1772 1766//1766
f 1766//1766 1765//1765 1774//1774
f 1775//1775 1776//1776 1772//1772
f 1772//1772 1774//1774 1775//1775
f 1776//1776 1777//1777 1773//1773
f 1773//1773 1772//1772 1776//1776
f 1778//1778 1779//1779 1771//1771
f 1771//1771 1770//1770 1778//1778
f 1780//1780 1778//1778 1770//1770
f 1770//1770 1769//1769 1780//1780
f 1781//1781 1782//1782 1778//1778
f 1778//1778 1780//1780 1781//1781
f 1782//1782 1783//1783 1779//1779
f 1779//1779 1778//1778 1782//1782
f 1784//1784 1785//1785 1777//1777
f 1777//1777 1776//1776 1784//1784
f 1786//1786 1784//1784 1776//1776
f 1776//1776 1775//1775 1786//1786
f 1787//1787 1788//1788 1784//1784
f 1784//1784 1786//1786 1787//1787
f 1788//1788 1789//1789 1785//1785
f 1785//1785 1784//1784 1788//1788
f 1790//1790 1791//1791 1789//1789
f 1789//1789 1788//1788 1790//1790
f 1792//1792 1790//1790 1788//1788
f 1788//1788 1787//1787 1792//1792
f 1793//1793 1794//1794 1790//1790
f 1790//1790 1792//1792 1793//1793
f 1794//1794 1795//1795 1791//1791
f 1791//1791 1790//1790 1794//1794
f 1796//1796 1797//1797 1795//1795
f 1795//1795 1794//1794 1796//1796
f 1798//1798 1796//1796 1794//1794
f 1794//1794 1793//1793 1798//1798
f 1799//1799 1800//1800 1796//1796
f 1796//1796 1798//1798 1799//1799
f 1800//1800 1801//1801 1797//1797
f 1797//1797 1796//1796 1800//1800
f 1802//1802 1803//1803 1801//1801
f 1801//1801 1800//1800 1802//1802
f 1804//1804 1802//1802 1800//1800
f 1800//1800 1799//1799 1804//1804
f 1805//1805 1806//1806 1802//1802
f 1802//1802 1804//1804 1805//1805
f 1806//1806 1807//1807 1803//1803
f 1803//1803 1802//1802 1806//1806
f 1808//1808 1809//1809 1807//1807
f 1807//1807 1806//1806 1808//1808
f 1810//1810 1808//1808 1806//1806
f 1806//1806 1805//1805 1810//1810
f 1811//1811 1812//1812 1808//1808
f 1808//1808 1810//1810 1811//1811
f 1812//1812 1813//1813 1809//1809
f 1809//1809 1808//1808 1812//1812
f 1814//1814 1815//1815 1813//1813
f 1813//1813 1812//1812 1814//1814
f 1816//1816 1814//1814 1812//1812
f 1812//1812 1811//1811 1816//1816
f 1817//1817 1818//1818 1814//1814
f 1814//1814 1816//1816 1817//1817
f 1818//1818 1819//1819 1815//1815
f 1815//1815 1814//1814 1818//1818
f 1820//1820 1821//1821 1819//1819
f 1819//1819 1818//1818 1820//1820
f 1822//1822 1820//1820 1818//1818
f 1818//1818 1817//1817 1822//1822
f 1823//1823 1824//1824 1820//1820
f 1820//1820 1822//1822 1823//1823
f 1824//1824 1825//1825 1821//1821
f 1821//1821 1820//1820 1824//1824
f 1826//1826 1827//1827 1825//1825
f 1825//1825 1824//1824 1826//1826
f 1828//1828 1826//1826 1824//1824
f 1824//1824 1823//1823 1828//1828
f 1829//1829 1830//1830 1826//1826
f 1826//1826 1828//1828 1829//1829
f 1830//1830 1831//1831 1827//1827
f 1827//1827 1826//1826 1830//1830
f 1832//1832 1833//1833 1831//1831
f 1831//1831 1830//1830 1832//1832
f 1834//1834 1832//1832 1830//1830
f 1830//1830 1829//1829 1834//1834
f 1835//1835 1836//1836 1832//1832
f 1832//1832 1834//1834 1835//1835
f 1836//1836 1837//1837 1833//1833
f 1833//1833 1832//1832 1836//1836
f 1838//1838 1839//1839 1837//1837
f 1837//1837 1836//1836 1838//1838
f 1840//1840 1838//1838 1836//1836
f 1836//1836 1835//1835 1840//1840
f 1841//1841 1842//1842 1838//1838
f 1838//1838 1840//1840 1841//1841
f 1842//1842 1843//1843 1839//1839
f 1839//1839 1838//1838 1842//1842
f 1844//1844 1845//1845 1843//1843
f 1843//1843 1842//1842 1844//1844
f 1846//1846 1844//1844 1842//1842
f 1842//1842 1841//1841 1846//1846
f 1847//1847 1848//1848 1844//1844
f 1844//1844 1846//1846 1847//1847
f 1848//1848 1849//1849 1845//1845
f 1845//1845 1844//1844 1848//1848
f 1850//1850 1851//1851 1849//1849
f 1849//1849 1848//1848 1850//1850
f 1852//1852 1850//1850 1848//1848
f 1848//1848 1847//1847 1852//1852
f 1853//1853 1854//1854 1850//1850
f 1850//1850 1852//1852 1853//1853
f 1854//1854 1855//1855 1851//1851
f 1851//1851 1850//1850 1854//1854
f 1856//1856 1857//1857 1855//1855
f 1855//1855 1854//1854 1856//1856
f 1858//1858 1856//1856 1854//1854
f 1854//1854 1853//1853 1858//1858
f 1859//1859 1860//1860 1856//1856
f 1856//1856 1858//1858 1859//1859
f 1860//1860 1861//1861 1857//1857
f 1857//1857 1856//1856 1860//1860
f 1862//1862 1863//1863 1861//1861
f 1861//1861 1860//1860 1862//1862
f 1864//1864 1862//1862 1860//1860
f 1860//1860 1859//1859 1864//1864
f 1865//1865 1866//1866 1862//1862
f 1862//1862 1864//1864 1865//1865
f 1866//1866 1867//1867 1863//1863
f 1863//1863 1862//1862 1866//1866
f 1868//1868 1869//1869 1867//1867
f 1867//1867 1866//1866 1868//1868
f 1870//1870 1868//1868 1866//1866
f 1866//1866 1865//1865 1870//1870
f 1871//1871 1872//1872 1868//1868
f 1868//1868 1870//1870 1871//1871
f 1872//1872 1873//1873 1869//1869
f 1869//1869 1868//1868 1872//1872
f 1874//1874 1875//1875 1873//1873
f 1873//1873 1872//1872 1874//1874
f 1876//1876 1874//1874 1872//1872
f 1872//1872 1871//1871 1876//1876
f 1877//1877 1878//1878 1874//1874
f 1874//1874 1876//1876 1877//1877
f 1878//1878 1879//1879 1875//1875
f 1875//1875 1874//1874 1878//1878
f 1880//1880 1881//1881 1879//1879
f 1879//1879 1878//1878 1880//1880
f 1882//1882 1880//1880 1878//1878
f 1878//1878 1877//1877 1882//1882
f 1783//1783 1782//1782 1880//1880
f 1880//1880 1882//1882 1783//1783
f 1782//1782 1781//1781 1881//1881
f 1881//1881 1880//1880 1782//1782
f 1883//1883 1884//1884 1769//1769
f 1769//1769 1767//1767 1883//1883
f 1885//1885 1883//1883 1767//1767
f 1767//1767 1768//1768 1885//1885
f 1367//1367 1365//1365 1883//1883
f 1883//1883 1885//1885 1367//1367
f 1365//1365 1364//1364 1884//1884
f 1884//1884 1883//1883 1365//1365
f 1886//1886 1885//1885 1768//1768
f 1768//1768 1773//1773 1886//1886
f 1887//1887 1886//1886 1773//1773
f 1773//1773 1777//1777 1887//1887
f 1374//1374 1372//1372 1886//1886
f 1886//1886 1887//1887 1374//1374
f 1372//1372 1367//1367 1885//1885
f 1885//1885 1886//1886 1372//1372
f 1888//1888 1887//1887 1777//1777
f 1777//1777 1785//1785 1888//1888
f 1889//1889 1888//1888 1785//1785
f 1785//1785 1789//1789 1889//1889
f 1380//1380 1378//1378 1888//1888
f 1888//1888 1889//1889 1380//1380
f 1378//1378 1374//1374 1887//1887
f 1887//1887 1888//1888 1378//1378
f 1890//1890 1889//1889 1789//1789
f 1789//1789 1791//1791 1890//1890
f 1891//1891 1890//1890 1791//1791
f 1791//1791 1795//1795 1891//1891
f 1386//1386 1384//1384 1890//1890
f 1890//1890 1891//1891 1386//1386
f 1384//1384 1380//1380 1889//1889
f 1889//1889 1890//1890 1384//1384
f 1892//1892 1891//1891 1795//1795
f 1795//1795 1797//1797 1892//1892
f 1893//1893 1892//1892 1797//1797
f 1797//1797 1801//1801 1893//1893
f 1392//1392 1390//1390 1892//1892
f 1892//1892 1893//1893 1392//1392
f 1390//1390 1386//1386 1891//1891
f 1891//1891 1892//1892 1390//1390
f 1894//1894 1893//1893 1801//1801
f 1801//1801 1803//1803 1894//1894
f 1895//1895 1894//1894 1803//1803
f 1803//1803 1807//1807 1895//1895
f 1398//1398 1396//1396 1894//1894
f 1894//1894 1895//1895 1398//1398
f 1396//1396 1392//1392 1893//1893
f 1893//1893 1894//1894 1396//1396
f 1896//1896 1895//1895 1807//1807
f 1807//1807 1809//1809 1896//1896
f 1897//1897 1896//1896 1809//1809
f 1809//1809 1813//1813 1897//1897
f 1404//1404 1402//1402 1896//1896
f 1896//1896 1897//1897 1404//1404
f 1402//1402 1398//1398 1895//1895
f 1895//1895 1896//1896 1402//1402
f 1898//1898 1897//1897 1813//1813
f 1813//1813 1815//1815 1898//1898
f 1899//1899 1898//1898 1815//1815
f 1815//1815 1819//1819 1899//1899
f 1410//1410 1408//1408 1898//1898
f 1898//1898 1899//1899 1410//1410
f 1408//1408 1404//1404 1897//1897
f 1897//1897 1898//1898 1408//1408
f 1900//1900 1899//1899 1819//1819
f 1819//1819 1821//1821 1900//1900
f 1901//1901 1900//1900 1821//1821
f 1821//1821 1825//1825 1901//1901
f 1416//1416 1414//1414 1900//1900
f 1900//1900 1901//1901 1416//1416
f 1414//1414 1410//1410 1899//1899
f 1899//1899 1900//1900 1414//1414
f 1902//1902 1901//1901 1825//1825
f 1825//1825 1827//1827 1902//1902
f 1903//1903 1902//1902 1827//1827
f 1827//1827 1831//1831 1903//1903
f 1422//1422 1420//1420 1902//1902
f 1902//1902 1903//1903 1422//1422
f 1420//1420 1416//1416 1901//1901
f 1901//1901 1902//1902 1420//1420
f 1904//1904 1903//1903 1831//1831
f 1831//1831 1833//1833 1904//1904
f 1905//1905 1904//1904 1833//1833
f 1833//1833 1837//1837 1905//1905
f 1428//1428 1426//1426 1904//1904
f 1904//1904 1905//1905 1428//1428
f 1426//1426 1422//1422 1903//1903
f 1903//1903 1904//1904 1426//1426
f 1906//1906 1905//1905 1837//1837
f 1837//1837 1839//1839 1906//1906
f 1907//1907 1906//1906 1839//1839
f 1839//1839 1843//1843 1907//1907
f 1434//1434 1432//1432 1906//1906
f 1906//1906 1907//1907 1434//1434
f 1432//1432 1428//1428 1905//1905
f 1905//1905 1906//1906 1432//1432
f 1908//1908 1907//1907 1843//1843
f 1843//1843 1845//1845 1908//1908
f 1909//1909 1908//1908 1845//1845
f 1845//1845 1849//1849 1909//1909
f 1440//1440 1438//1438 1908//1908
f 1908//1908 1909//1909 1440//1440
f 1438//1438 1434//1434 1907//1907
f 1907//1907 1908//1908 1438//1438
f 1910//1910 1909//1909 1849//1849
f 1849//1849 1851//1851 1910//1910
f 1911//1911 1910//1910 1851//1851
f 1851//1851 1855//1855 1911//1911
f 1446//1446 1444//1444 1910//1910
f 1910//1910 1911//1911 1446//1446
f 1444//1444 1440//1440 1909//1909
f 1909//1909 1910//1910 1444//1444
f 1912//1912 1911//1911 1855//1855
f 1855//1855 1857//1857 1912//1912
f 1913//1913 1912//1912 1857//1857
f 1857//1857 1861//1861 1913//1913
f 1452//1452 1450//1450 1912//1912
f 1912//1912 1913//1913 1452//1452
f 1450//1450 1446//1446 1911//1911
f 1911//1911 1912//1912 1450//1450
f 1914//1914 1913//1913 1861//1861
f 1861//1861 1863//1863 1914//1914
f 1915//1915 1914//1914 1863//1863
f 1863//1863 1867//1867 1915//1915
f 1458//1458 1456//1456 1914//1914
f 1914//1914 1915//1915 1458//1458
f 1456//1456 1452//1452 1913//1913
f 1913//1913 1914//1914 1456//1456
f 1916//1916 1915//1915 1867//1867
f 1867//1867 1869//1869 1916//1916
f 1917//1917 1916//1916 1869//1869
f 1869//1869 1873//1873 1917//1917
f 1464//1464 1462//1462 1916//1916
f 1916//1916 1917//1917 1464//1464
f 1462//1462 1458//1458 1915//1915
f 1915//1915 1916//1916 1462//1462
f 1918//1918 1917//1917 1873//1873
f 1873//1873 1875//1875 1918//1918
f 1919//1919 1918//1918 1875//1875
f 1875//1875 1879//1879 1919//1919
f 1470//1470 1468//1468 1918//1918
f 1918//1918 1919//1919 1470//1470
f 1468//1468 1464//1464 1917//1917
f 1917//1917 1918//1918 1468//1468
f 1920//1920 1919//1919 1879//1879
f 1879//1879 1881//1881 1920//1920
f 1921//1921 1920//1920 1881//1881
f 1881//1881 1781//1781 1921//1921
f 1476//1476 1474//1474 1920//1920
f 1920//1920 1921//1921 1476//1476
f 1474//1474 1470//1470 1919//1919
f 1919//1919 1920//1920 1474//1474
f 1922//1922 1921//1921 1781//1781
f 1781//1781 1780//1780 1922//1922
f 1884//1884 1922//1922 1780//1780
f 1780//1780 1769//1769 1884//1884
f 1364//1364 1480//1480 1922//1922
f 1922//1922 1884//1884 1364//1364
f 1480//1480 1476//1476 1921//1921
f 1921//1921 1922//1922 1480//1480
f 1923//1923 1924//1924 1925//1925
f 1925//1925 1926//1926 1923//1923
f 1927//1927 1923//1923 1926//1926
f 1926//1926 1928//1928 1927//1927
f 1929//1929 1930//1930 1923//1923
f 1923//1923 1927//1927 1929//1929
f 1930//1930 1931//1931 1924//1924
f 1924//1924 1923//1923 1930//1930
f 1932//1932 1933//1933 1928//1928
f 1928//1928 1926//1926 1932//1932
f 1934//1934 1932//1932 1926//1926
f 1926//1926 1925//1925 1934//1934
f 1935//1935 1936//1936 1932//1932
f 1932//1932 1934//1934 1935//1935
f 1936//1936 1937//1937 1933//1933
f 1933//1933 1932//1932 1936//1936
f 1938//1938 1939//1939 1931//1931
f 1931//1931 1930//1930 1938//1938
f 1940//1940 1938//1938 1930//1930
f 1930//1930 1929//1929 1940//1940
f 1941//1941 1942//1942 1938//1938
f 1938//1938 1940//1940 1941//1941
f 1942//1942 1943//1943 1939//1939
f 1939//1939 1938//1938 1942//1942
f 1944//1944 1945//1945 1937//1937
f 1937//1937 1936//1936 1944//1944
f 1946//1946 1944//1944 1936//1936
f 1936//1936 1935//1935 1946//1946
f 1947//1947 1948//1948 1944//1944
f 1944//1944 1946//1946 1947//1947
f 1948//1948 1949//1949 1945//1945
f 1945//1945 1944//1944 1948//1948
f 1950//1950 1951//1951 1949//1949
f 1949//1949 1948//1948 1950//1950
f 1952//1952 1950//1950 1948//1948
f 1948//1948 1947//1947 1952//1952
f 1953//1953 1954//1954 1950//1950
f 1950//1950 1952//1952 1953//1953
f 1954//1954 1955//1955 1951//1951
f 1951//1951 1950//1950 1954//1954
f 1956//1956 1957//1957 1955//1955
f 1955//1955 1954//1954 1956//1956
f 1958//1958 1956//1956 1954//1954
f 1954//1954 1953//1953 1958//1958
f 1959//1959 1960//1960 1956//1956
f 1956//1956 1958//1958 1959//1959
f 1960//1960 1961//1961 1957//1957
f 1957//1957 1956//1956 1960//1960
f 1962//1962 1963//1963 1961//1961
f 1961//1961 1960//1960 1962//1962
f 1964//1964 1962//1962 1960//1960
f 1960//1960 1959//1959 1964//1964
f 1965//1965 1966//1966 1962//1962
f 1962//1962 1964//1964 1965//1965
f 1966//1966 1967//1967 1963//1963
f 1963//1963 1962//1962 1966//1966
f 1968//1968 1969//1969 1967//1967
f 1967//1967 1966//1966 1968//1968
f 1970//1970 1968//1968 1966//1966
f 1966//1966 1965//1965 1970//1970
f 1971//1971 1972//1972 1968//1968
f 1968//1968 1970//1970 1971//1971
f 1972//1972 1973//1973 1969//1969
f 1969//1969 1968//1968 1972//1972
f 1974//1974 1975//1975 1973//1973
f 1973//1973 1972//1972 1974//1974
f 1976//1976 1974//1974 1972//1972
f 1972//1972 1971//1971 1976//1976
f 1977//1977 1978//1978 1974//1974
f 1974//1974 1976//1976 1977//1977
f 1978//1978 1979//1979 1975//1975
f 1975//1975 1974//1974 1978//1978
f 1980//1980 1981//1981 1979//1979
f 1979//1979 1978//1978 1980//1980
f 1982//1982 1980//1980 1978//1978
f 1978//1978 1977//1977 1982//1982
f 1983//1983 1984//1984 1980//1980
f 1980//1980 1982//1982 1983//1983
f 1984//1984 1985//1985 1981//1981
f 1981//1981 1980//1980 1984//1984
f 1986//1986 1987//1987 1985//1985
f 1985//1985 1984//1984 1986//1986
f 1988//1988 1986//1986 1984//1984
f 1984//1984 1983//1983 1988//1988
f 1989//1989 1990//1990 1986//1986
f 1986//1986 1988//1988 1989//1989
f 1990//1990 1991//1991 1987//1987
f 1987//1987 1986//1986 1990//1990
f 1992//1992 1993//1993 1991//1991
f 1991//1991 1990//1990 1992//1992
f 1994//1994 1992//1992 1990//1990
f 1990//1990 1989//1989 1994//1994
f 1995//1995 1996//1996 1992//1992
f 1992//1992 1994//1994 1995//1995
f 1996//1996 1997//1997 1993//1993
f 1993//1993 1992//1992 1996//1996
f 1998//1998 1999//1999 1997//1997
f 1997//1997 1996//1996 1998//1998
f 2000//2000 1998//1998 1996//1996
f 1996//1996 1995//1995 2000//2000
f 2001//2001 2002//2002 1998//1998
f 1998//1998 2000//2000 2001//2001
f 2002//2002 2003//2003 1999//1999
f 1999//1999 1998//1998 2002//2002
f 2004//2004 2005//2005 2003//2003
f 2003//2003 2002//2002 2004//2004
f 2006//2006 2004//2004 2002//2002
f 2002//2002 2001//2001 2006//2006
f 2007//2007 2008//2008 2004//2004
f 2004//2004 2006//2006 2007//2007
f 2008//2008 2009//2009 2005//2005
f 2005//2005 2004//2004 2008//2008
f 2010//2010 2011//2011 2009//2009
f 2009//2009 2008//2008 2010//2010
f 2012//2012 2010//2010 2008//2008
f 2008//2008 2007//2007 2012//2012
f 2013//2013 2014//2014 2010//2010
f 2010//2010 2012//2012 2013//2013
f 2014//2014 2015//2015 2011//2011
f 2011//2011 2010//2010 2014//2014
f 2016//2016 2017//2017 2015//2015
f 2015//2015 2014//2014 2016//2016
f 2018//2018 2016//2016 2014//2014
f 2014//2014 2013//2013 2018//2018
f 2019//2019 2020//2020 2016//2016
f 2016//2016 2018//2018 2019//2019
f 2020//2020 2021//2021 2017//2017
f 2017//2017 2016//2016 2020//2020
f 2022//2022 2023//2023 2021//2021
f 2021//2021 2020//2020 2022//2022
f 2024//2024 2022//2022 2020//2020
f 2020//2020 2019//2019 2024//2024
f 2025//2025 2026//2026 2022//2022
f 2022//2022 2024//2024 2025//2025
f 2026//2026 2027//2027 2023//2023
f 2023//2023 2022//2022 2026//2026
f 2028//2028 2029//2029 2027//2027
f 2027//2027 2026//2026 2028//2028
f 2030//2030 2028//2028 2026//2026
f 2026//2026 2025//2025 2030//2030
f 2031//2031 2032//2032 2028//2028
f 2028//2028 2030//2030 2031//2031
f 2032//2032 2033//2033 2029//2029
f 2029//2029 2028//2028 2032//2032
f 2034//2034 2035//2035 2033//2033
f 2033//2033 2032//2032 2034//2034
f 2036//2036 2034//2034 2032//2032
f 2032//2032 2031//2031 2036//2036
f 2037//2037 2038//2038 2034//2034
f 2034//2034 2036//2036 2037//2037
f 2038//2038 2039//2039 2035//2035
f 2035//2035 2034//2034 2038//2038
f 2040//2040 2041//2041 2039//2039
f 2039//2039 2038//2038 2040//2040
f 2042//2042 2040//2040 2038//2038
f 2038//2038 2037//2037 2042//2042
f 1943//1943 1942//1942 2040//2040
f 2040//2040 2042//2042 1943//1943
f 1942//1942 1941//1941 2041//2041
f 2041//2041 2040//2040 1942//1942
f 2043//2043 2044//2044 1087//1087
f 1087//1087 1086//1086 2043//2043
f 2045//2045 2043//2043 1086//1086
f 1086//1086 1085//1085 2045//2045
f 1925//1925 1924//1924 2043//2043
f 2043//2043 2045//2045 1925//1925
f 1924//1924 1931//1931 2044//2044
f 2044//2044 2043//2043 1924//1924
f 2046//2046 2045//2045 1085//1085
f 1085//1085 1091//1091 2046//2046
f 2047//2047 2046//2046 1091//1091
f 1091//1091 1090//1090 2047//2047
f 1935//1935 1934//1934 2046//2046
f 2046//2046 2047//2047 1935//1935
f 1934//1934 1925//1925 2045//2045
f 2045//2045 2046//2046 1934//1934
f 2048//2048 2047//2047 1090//1090
f 1090//1090 1095//1095 2048//2048
f 2049//2049 2048//2048 1095//1095
f 1095//1095 1094//1094 2049//2049
f 1947//1947 1946//1946 2048//2048
f 2048//2048 2049//2049 1947//1947
f 1946//1946 1935//1935 2047//2047
f 2047//2047 2048//2048 1946//1946
f 2050//2050 2049//2049 1094//1094
f 1094//1094 1099//1099 2050//2050
f 2051//2051 2050//2050 1099//1099
f 1099//1099 1098//1098 2051//2051
f 1953//1953 1952//1952 2050//2050
f 2050//2050 2051//2051 1953//1953
f 1952//1952 1947//1947 2049//2049
f 2049//2049 2050//2050 1952//1952
f 2052//2052 2051//2051 1098//1098
f 1098//1098 1103//1103 2052//2052
f 2053//2053 2052//2052 1103//1103
f 1103//1103 1102//1102 2053//2053
f 1959//1959 1958//1958 2052//2052
f 2052//2052 2053//2053 1959//1959
f 1958//1958 1953//1953 2051//2051
f 2051//2051 2052//2052 1958//1958
f 2054//2054 2053//2053 1102//1102
f 1102//1102 1107//1107 2054//2054
f 2055//2055 2054//2054 1107//1107
f 1107//1107 1106//1106 2055//2055
f 1965//1965 1964//1964 2054//2054
f 2054//2054 2055//2055 1965//1965
f 1964//1964 1959//1959 2053//2053
f 2053//2053 2054//2054 1964//1964
f 2056//2056 2055//2055 1106//1106
f 1106//1106 1111//1111 2056//2056
f 2057//2057 2056//2056 1111//1111
f 1111//1111 1110//1110 2057//2057
f 1971//1971 1970//1970 2056//2056
f 2056//2056 2057//2057 1971//1971
f 1970//1970 1965//1965 2055//2055
f 2055//2055 2056//2056 1970//1970
f 2058//2058 2057//2057 1110//1110
f 1110//1110 1115//1115 2058//2058
f 2059//2059 2058//2058 1115//1115
f 1115//1115 1114//1114 2059//2059
f 1977//1977 1976//1976 2058//2058
f 2058//2058 2059//2059 1977//1977
f 1976//1976 1971//1971 2057//2057
f 2057//2057 2058//2058 1976//1976
f 2060//2060 2059//2059 1114//1114
f 1114//1114 1119//1119 2060//2060
f 2061//2061 2060//2060 1119//1119
f 1119//1119 1118//1118 2061//2061
f 1983//1983 1982//1982 2060//2060
f 2060//2060 2061//2061 1983//1983
f 1982//1982 1977//1977 2059//2059
f 2059//2059 2060//2060 1982//1982
f 2062//2062 2061//2061 1118//1118
f 1118//1118 1123//1123 2062//2062
f 2063//2063 2062//2062 1123//1123
f 1123//1123 1122//1122 2063//2063
f 1989//1989 1988//1988 2062//2062
f 2062//2062 2063//2063 1989//1989
f 1988//1988 1983//1983 2061//2061
f 2061//2061 2062//2062 1988//1988
f 2064//2064 2063//2063 1122//1122
f 1122//1122 1127//1127 2064//2064
f 2065//2065 2064//2064 1127//1127
f 1127//1127 1126//1126 2065//2065
f 1995//1995 1994//1994 2064//2064
f 2064//2064 2065//2065 1995//1995
f 1994//1994 1989//1989 2063//2063
f 2063//2063 2064//2064 1994//1994
f 2066//2066 2065//2065 1126//1126
f 1126//1126 1131//1131 2066//2066
f 2067//2067 2066//2066 1131//1131
f 1131//1131 1130//1130 2067//2067
f 2001//2001 2000//2000 2066//2066
f 2066//2066 2067//2067 2001//2001
f 2000//2000 1995//1995 2065//2065
f 2065//2065 2066//2066 2000//2000
f 2068//2068 2067//2067 1130//1130
f 1130//1130 1135//1135 2068//2068
f 2069//2069 2068//2068 1135//1135
f 1135//1135 1134//1134 2069//2069
f 2007//2007 2006//2006 2068//2068
f 2068//2068 2069//2069 2007//2007
f 2006//2006 2001//2001 2067//2067
f 2067//2067 2068//2068 2006//2006
f 2070//2070 2069//2069 1134//1134
f 1134//1134 1139//1139 2070//2070
f 2071//2071 2070//2070 1139//1139
f 1139//1139 1138//1138 2071//2071
f 2013//2013 2012//2012 2070//2070
f 2070//2070 2071//2071 2013//2013
f 2012//2012 2007//2007 2069//2069
f 2069//2069 2070//2070 2012//2012
f 2072//2072 2071//2071 1138//1138
f 1138//1138 1143//1143 2072//2072
f 2073//2073 2072//2072 1143//1143
f 1143//1143 1142//1142 2073//2073
f 2019//2019 2018//2018 2072//2072
f 2072//2072 2073//2073 2019//2019
f 2018//2018 2013//2013 2071//2071
f 2071//2071 2072//2072 2018//2018
f 2074//2074 2073//2073 1142//1142
f 1142//1142 1147//1147 2074//2074
f 2075//2075 2074//2074 1147//1147
f 1147//1147 1146//1146 2075//2075
f 2025//2025 2024//2024 2074//2074
f 2074//2074 2075//2075 2025//2025
f 2024//2024 2019//2019 2073//2073
f 2073//2073 2074//2074 2024//2024
f 2076//2076 2075//2075 1146//1146
f 1146//1146 1151//1151 2076//2076
f 2077//2077 2076//2076 1151//1151
f 1151//1151 1150//1150 2077//2077
f 2031//2031 2030//2030 2076//2076
f 2076//2076 2077//2077 2031//2031
f 2030//2030 2025//2025 2075//2075
f 2075//2075 2076//2076 2030//2030
f 2078//2078 2077//2077 1150//1150
f 1150//1150 1155//1155 2078//2078
f 2079//2079 2078//2078 1155//1155
f 1155//1155 1154//1154 2079//2079
f 2037//2037 2036//2036 2078//2078
f 2078//2078 2079//2079 2037//2037
f 2036//2036 2031//2031 2077//2077
f 2077//2077 2078//2078 2036//2036
f 2080//2080 2079//2079 1154//1154
f 1154//1154 1159//1159 2080//2080
f 2081//2081 2080//2080 1159//1159
f 1159//1159 1158//1158 2081//2081
f 1943//1943 2042//2042 2080//2080
f 2080//2080 2081//2081 1943//1943
f 2042//2042 2037//2037 2079//2079
f 2079//2079 2080//2080 2042//2042
f 2082//2082 2081//2081 1158//1158
f 1158//1158 1161//1161 2082//2082
f 2044//2044 2082//2082 1161//1161
f 1161//1161 1087//1087 2044//2044
f 1931//1931 1939//1939 2082//2082
f 2082//2082 2044//2044 1931//1931
f 1939//1939 1943//1943 2081//2081
f 2081//2081 2082//2082 1939//1939
f 2083//2083 2084//2084 1765//1765
f 1765//1765 1764//1764 2083//2083
f 2085//2085 2083//2083 1764//1764
f 1764//1764 1771//1771 2085//2085
f 1929//1929 1927//1927 2083//2083
f 2083//2083 2085//2085 1929//1929
f 1927//1927 1928//1928 2084//2084
f 2084//2084 2083//2083 1927//1927
f 2086//2086 2087//2087 1775//1775
f 1775//1775 1774//1774 2086//2086
f 2084//2084 2086//2086 1774//1774
f 1774//1774 1765//1765 2084//2084
f 1928//1928 1933//1933 2086//2086
f 2086//2086 2084//2084 1928//1928
f 1933//1933 1937//1937 2087//2087
f 2087//2087 2086//2086 1933//1933
f 2088//2088 2089//2089 1787//1787
f 1787//1787 1786//1786 2088//2088
f 2087//2087 2088//2088 1786//1786
f 1786//1786 1775//1775 2087//2087
f 1937//1937 1945//1945 2088//2088
f 2088//2088 2087//2087 1937//1937
f 1945//1945 1949//1949 2089//2089
f 2089//2089 2088//2088 1945//1945
f 2090//2090 2091//2091 1793//1793
f 1793//1793 1792//1792 2090//2090
f 2089//2089 2090//2090 1792//1792
f 1792//1792 1787//1787 2089//2089
f 1949//1949 1951//1951 2090//2090
f 2090//2090 2089//2089 1949//1949
f 1951//1951 1955//1955 2091//2091
f 2091//2091 2090//2090 1951//1951
f 2092//2092 2093//2093 1799//1799
f 1799//1799 1798//1798 2092//2092
f 2091//2091 2092//2092 1798//1798
f 1798//1798 1793//1793 2091//2091
f 1955//1955 1957//1957 2092//2092
f 2092//2092 2091//2091 1955//1955
f 1957//1957 1961//1961 2093//2093
f 2093//2093 2092//2092 1957//1957
f 2094//2094 2095//2095 1805//1805
f 1805//1805 1804//1804 2094//2094
f 2093//2093 2094//2094 1804//1804
f 1804//1804 1799//1799 2093//2093
f 1961//1961 1963//1963 2094//2094
f 2094//2094 2093//2093 1961//1961
f 1963//1963 1967//1967 2095//2095
f 2095//2095 2094//2094 1963//1963
f 2096//2096 2097//2097 1811//1811
f 1811//1811 1810//1810 2096//2096
f 2095//2095 2096//2096 1810//1810
f 1810//1810 1805//1805 2095//2095
f 1967//1967 1969//1969 2096//2096
f 2096//2096 2095//2095 1967//1967
f 1969//1969 1973//1973 2097//2097
f 2097//2097 2096//2096 1969//1969
f 2098//2098 2099//2099 1817//1817
f 1817//1817 1816//1816 2098//2098
f 2097//2097 2098//2098 1816//1816
f 1816//1816 1811//1811 2097//2097
f 1973//1973 1975//1975 2098//2098
f 2098//2098 2097//2097 1973//1973
f 1975//1975 1979//1979 2099//2099
f 2099//2099 2098//2098 1975//1975
f 2100//2100 2101//2101 1823//1823
f 1823//1823 1822//1822 2100//2100
f 2099//2099 2100//2100 1822//1822
f 1822//1822 1817//1817 2099//2099
f 1979//1979 1981//1981 2100//2100
f 2100//2100 2099//2099 1979//1979
f 1981//1981 1985//1985 2101//2101
f 2101//2101 2100//2100 1981//1981
f 2102//2102 2103//2103 1829//1829
f 1829//1829 1828//1828 2102//2102
f 2101//2101 2102//2102 1828//1828
f 1828//1828 1823//1823 2101//2101
f 1985//1985 1987//1987 2102//2102
f 2102//2102 2101//2101 1985//1985
f 1987//1987 1991//1991 2103//2103
f 2103//2103 2102//2102 1987//1987
f 2104//2104 2105//2105 1835//1835
f 1835//1835 1834//1834 2104//2104
f 2103//2103 2104//2104 1834//1834
f 1834//1834 1829//1829 2103//2103
f 1991//1991 1993//1993 2104//2104
f 2104//2104 2103//2103 1991//1991
f 1993//1993 1997//1997 2105//2105
f 2105//2105 2104//2104 1993//1993
f 2106//2106 2107//2107 1841//1841
f 1841//1841 1840//1840 2106//2106
f 2105//2105 2106//2106 1840//1840
f 1840//1840 1835//1835 2105//2105
f 1997//1997 1999//1999 2106//2106
f 2106//2106 2105//2105 1997//1997
f 1999//1999 2003//2003 2107//2107
f 2107//2107 2106//2106 1999//1999
f 2108//2108 2109//2109 1847//1847
f 1847//1847 1846//1846 2108//2108
f 2107//2107 2108//2108 1846//1846
f 1846//1846 1841//1841 2107//2107
f 2003//2003 2005//2005 2108//2108
f 2108//2108 2107//2107 2003//2003
f 2005//2005 2009//2009 2109//2109
f 2109//2109 2108//2108 2005//2005
f 2110//2110 2111//2111 1853//1853
f 1853//1853 1852//1852 2110//2110
f 2109//2109 2110//2110 1852//1852
f 1852//1852 1847//1847 2109//2109
f 2009//2009 2011//2011 2110//2110
f 2110//2110 2109//2109 2009//2009
f 2011//2011 2015//2015 2111//2111
f 2111//2111 2110//2110 2011//2011
f 2112//2112 2113//2113 1859//1859
f 1859//1859 1858//1858 2112//2112
f 2111//2111 2112//2112 1858//1858
f 1858//1858 1853//1853 2111//2111
f 2015//2015 2017//2017 2112//2112
f 2112//2112 2111//2111 2015//2015
f 2017//2017 2021//2021 2113//2113
f 2113//2113 2112//2112 2017//2017
f 2114//2114 2115//2115 1865//1865
f 1865//1865 1864//1864 2114//2114
f 2113//2113 2114//2114 1864//1864
f 1864//1864 1859//1859 2113//2113
f 2021//2021 2023//2023 2114//2114
f 2114//2114 2113//2113 2021//2021
f 2023//2023 2027//2027 2115//2115
f 2115//2115 2114//2114 2023//2023
f 2116//2116 2117//2117 1871//1871
f 1871//1871 1870//1870 2116//2116
f 2115//2115 2116//2116 1870//1870
f 1870//1870 1865//1865 2115//2115
f 2027//2027 2029//2029 2116//2116
f 2116//2116 2115//2115 2027//2027
f 2029//2029 2033//2033 2117//2117
f 2117//2117 2116//2116 2029//2029
f 2118//2118 2119//2119 1877//1877
f 1877//1877 1876//1876 2118//2118
f 2117//2117 2118//2118 1876//1876
f 1876//1876 1871//1871 2117//2117
f 2033//2033 2035//2035 2118//2118
f 2118//2118 2117//2117 2033//2033
f 2035//2035 2039//2039 2119//2119
f 2119//2119 2118//2118 2035//2035
f 2120//2120 2121//2121 1783//1783
f 1783//1783 1882//1882 2120//2120
f 2119//2119 2120//2120 1882//1882
f 1882//1882 1877//1877 2119//2119
f 2039//2039 2041//2041 2120//2120
f 2120//2120 2119//2119 2039//2039
f 2041//2041 1941//1941 2121//2121
f 2121//2121 2120//2120 2041//2041
f 2122//2122 2085//2085 1771//1771
f 1771//1771 1779//1779 2122//2122
f 2121//2121 2122//2122 1779//1779
f 1779//1779 1783//1783 2121//2121
f 1941//1941 1940//1940 2122//2122
f 2122//2122 2121//2121 1941//1941
f 1940//1940 1929//1929 2085//2085
f 2085//2085 2122//2122 1940//1940
# Vertices: 2122, normals: 2122, texture coordinates: 0, faces: 4240

