# File generated by ImageToStl.com - Free Image and 3D model conversion tools

mtllib erlenmeyer-flask.mtl

o obj1
v 2.51781643 0 6.07854678
v 3.65530369 0 5.47054746
v 3.65683076 0 5.47283253
v 2.51886838 0 6.08108583
v -5.47054746 0 -3.6553029
v -6.07854678 0 -2.51781663
v -6.08108583 0 -2.51886838
v -5.47283253 0 -3.65682997
v -1.503045 1.84384911 -7.55631751
v 5E-08 1.84384931 -7.70435506
v -2.2E-07 13.50806019 -1.61113334
v -0.3143167 13.50806019 -1.58017568
v 4.65231834 0 4.65231834
v 4.6542616 0 4.654262
v -6.45295047 0 -1.28357184
v -6.45564619 0 -1.284108
v 5.47054746 0 3.65530408
v 5.47283253 0 3.65683116
v -6.57937082 0 3.2E-07
v -6.58211956 0 3.2E-07
v 6.07854717 0 2.51781742
v 6.08108623 0 2.51886917
v -6.45295047 0 1.28357204
v -6.45564619 0 1.2841082
v 6.45295126 0 1.28357224
v 6.45564698 0 1.2841085
v -6.07854678 0 2.51781643
v -6.08108583 0 2.51886818
v 6.57937162 0 -4E-08
v 6.58212035 0 -4E-08
v -5.47054746 0 3.6553025
v -5.47283293 0 3.65682957
v 6.45295126 0 -1.28357204
v 6.45564698 0 -1.2841083
v -4.65231795 0 4.65231834
v -4.6542616 0 4.654262
v 6.07854598 0 -2.51781762
v 6.08108583 0 -2.51886956
v -3.6553025 0 5.47054746
v -3.65682957 0 5.47283293
v 5.47054865 0 -3.65530171
v 5.47283412 0 -3.65682878
v -2.51781663 0 6.07854638
v -2.51886857 0 6.08108583
v 4.65231913 0 -4.65231755
v 4.65426279 0 -4.65426121
v -1.28357155 0 6.45295126
v -1.2841078 0 6.45564698
v 1.28357125 0 -6.45295087
v 7E-08 0 -6.57937162
v 7E-08 0 -6.58212035
v 1.28410751 0 -6.45564698
v 3.65530369 0 -5.47054746
v 3.65683076 0 -5.47283293
v 6.5E-07 0 6.57937162
v 6.5E-07 0 6.58212035
v -2.51781683 0 -6.07854678
v -3.6553029 0 -5.47054746
v -3.65682997 0 -5.47283293
v -2.51886857 0 -6.08108583
v 2.51781643 0 -6.07854678
v 2.51886838 0 -6.08108623
v 1.28357145 0 6.45295087
v 1.28410771 0 6.45564698
v -4.65231795 0 -4.65231834
v -4.6542616 0 -4.654262
v 0.31431611 13.50806019 -1.58017568
v 0.31431611 17.10009238 -1.58017568
v -2.2E-07 17.10009238 -1.61113334
v 0.89509751 13.50806019 1.33960774
v 0.6165537 13.50806019 1.4884927
v 0.6165537 17.10009238 1.4884927
v 0.89509751 17.10009238 1.33960774
v -1.48849309 13.50806019 -0.6165539
v -1.33960814 13.50806019 -0.89509771
v -1.33960814 17.10009238 -0.89509771
v -1.48849309 17.10009238 -0.6165539
v 1.13924299 13.50806019 1.13924299
v 1.13924299 17.10009238 1.13924299
v -1.58017568 13.50806019 -0.3143165
v -1.58017568 17.10009238 -0.3143165
v 1.33960774 13.50806019 0.8950979
v 1.33960774 17.10009238 0.8950979
v -1.61113334 13.50806019 1E-08
v -1.61113334 17.10009238 1E-08
v 1.4884927 13.50806019 0.61655409
v 1.4884927 17.10009238 0.61655409
v -1.58017568 13.50806019 0.31431641
v -1.58017568 17.10009238 0.31431641
v 1.58017528 13.50806019 0.3143165
v 1.58017528 17.10009238 0.3143165
v -1.48849309 13.50806019 0.6165537
v -1.48849309 17.10009238 0.6165537
v 1.61113255 13.50806019 -8E-08
v 1.61113255 17.10009238 -8E-08
v -1.33960853 13.50806019 0.89509751
v -1.33960853 17.10009238 0.89509751
v 1.58017528 13.50806019 -0.3143167
v 1.58017528 17.10009238 -0.3143167
v -1.13924339 13.50806019 1.13924299
v -1.13924339 17.10009238 1.13924299
v 1.4884923 13.50806019 -0.61655429
v 1.4884923 17.10009238 -0.61655429
v -0.89509771 13.50806019 1.33960814
v -0.89509771 17.10009238 1.33960814
v 1.33960814 13.50806019 -0.89509751
v 1.33960814 17.10009238 -0.89509751
v -0.61655429 13.50806019 1.4884927
v -0.61655429 17.10009238 1.4884927
v -0.3143167 17.10009238 -1.58017568
v 1.13924299 13.50806019 -1.13924299
v 1.13924299 17.10009238 -1.13924299
v -0.3143167 13.50806019 1.58017528
v -0.3143167 17.10009238 1.58017528
v -0.61655409 13.50806019 -1.4884927
v -0.61655409 17.10009238 -1.4884927
v 0.89509751 13.50806019 -1.33960814
v 0.89509751 17.10009238 -1.33960814
v -8E-08 13.50806019 1.61113295
v -8E-08 17.10009238 1.61113295
v -0.8950979 13.50806019 -1.33960814
v -0.8950979 17.10009238 -1.33960814
v 0.6165537 13.50806019 -1.48849309
v 0.6165537 17.10009238 -1.48849309
v 0.31431611 13.50806019 1.58017528
v 0.31431611 17.10009238 1.58017528
v -1.13924339 13.50806019 -1.13924339
v -1.13924339 17.10009238 -1.13924339
v -0.76771784 17.1000908 -1.85343407
v -1.11455365 17.1000908 -1.66804671
v 1.11455335 17.1000908 -1.66804671
v 0.76771744 17.1000908 -1.85343467
v -3E-08 17.1000908 2.00614304
v 0.39137869 17.1000908 1.96759531
v -1.41855756 17.1000908 -1.41855766
v 0.39137869 17.1000908 -1.9675955
v 0.76771744 17.1000908 1.85343447
v -1.66804671 17.1000908 -1.11455345
v -2.1E-07 17.1000908 -2.00614324
v 1.11455335 17.1000908 1.66804651
v -1.85343467 17.1000908 -0.76771764
v 1.41855726 17.1000908 1.41855716
v -1.9675955 17.1000908 -0.39137912
v 1.66804651 17.1000908 1.11455375
v -2.00614324 17.1000908 3E-08
v 1.85343447 17.1000908 0.76771794
v -1.9675955 17.1000908 0.39137904
v 1.96759531 17.1000908 0.39137916
v -1.85343467 17.1000908 0.76771744
v 2.00614245 17.1000908 -8E-08
v -1.66804731 17.1000908 1.11455325
v 1.96759531 17.1000908 -0.39137936
v -1.41855756 17.1000908 1.41855716
v 1.85343387 17.1000908 -0.76771814
v -1.11455345 17.1000908 1.66804711
v 1.66804711 17.1000908 -1.11455325
v -0.76771809 17.1000908 1.85343447
v -0.39137931 17.1000908 -1.9675955
v 1.41855726 17.1000908 -1.41855716
v -0.39137931 17.1000908 1.96759531
v -1.66804671 17.44739012 -1.11455345
v -1.85343467 17.44739012 -0.76771764
v 1.11455335 17.44739012 1.66804651
v 1.41855726 17.44739012 1.41855716
v -1.9675955 17.44739012 -0.39137912
v 1.66804651 17.44739012 1.11455375
v -2.00614324 17.44739012 3E-08
v 1.85343447 17.44739012 0.76771794
v -1.9675955 17.44739012 0.39137904
v 1.96759531 17.44739012 0.39137916
v -1.85343467 17.44739012 0.76771744
v 2.00614245 17.44739012 -8E-08
v -1.66804731 17.44739012 1.11455325
v 1.96759531 17.44739012 -0.39137936
v -1.41855756 17.44739012 1.41855716
v 1.85343387 17.44739012 -0.76771814
v -1.11455345 17.44739012 1.66804711
v 1.66804711 17.44739012 -1.11455325
v -0.76771809 17.44739012 1.85343447
v -2.1E-07 17.44739012 -2.00614324
v -0.39137931 17.44739012 -1.9675955
v 1.41855726 17.44739012 -1.41855716
v -0.39137931 17.44739012 1.96759531
v -0.76771784 17.44739012 -1.85343407
v 1.11455335 17.44739012 -1.66804671
v -3E-08 17.44739012 2.00614304
v -1.11455365 17.44739012 -1.66804671
v 0.76771744 17.44739012 -1.85343467
v 0.39137869 17.44739012 1.96759531
v -1.41855756 17.44739012 -1.41855766
v 0.39137869 17.44739012 -1.9675955
v 0.76771744 17.44739012 1.85343447
v -6.40593638 1.84384931 -4.28031049
v -5.44780158 1.84384931 -5.44780197
v -1.28357165 0 -6.45295047
v -1.2841078 0 -6.45564619
v 4.28031128 1.84384931 6.40593638
v 2.94832902 1.84384931 7.1178954
v -7.1178954 1.84384931 -2.94832902
v 5.44780158 1.84384931 5.44780197
v -7.55631751 1.84384931 -1.50304529
v 6.40593638 1.84384931 4.28031168
v -7.70435506 1.84384911 3.5E-07
v 7.11789619 1.84384931 2.94833021
v -7.55631751 1.84384911 1.50304529
v 7.5563183 1.84384931 1.50304569
v -7.1178954 1.84384911 2.94832882
v 7.70435506 1.84384931 -8E-08
v -6.40593717 1.84384931 4.28031009
v 7.5563183 1.84384931 -1.50304569
v -5.44780158 1.84384931 5.44780197
v 7.1178954 1.84384931 -2.9483304
v -4.28031009 1.84384911 6.40593717
v 6.40593875 1.84384931 -4.28030891
v -2.94832941 1.84384911 7.1178954
v 1.5030446 1.84384931 -7.5563183
v 5.44780276 1.84384931 -5.44780118
v -1.503045 1.84384931 7.5563183
v -2.94832922 1.84384911 -7.1178954
v 4.28031128 1.84384931 -6.40593717
v 7.2E-07 1.84384931 7.70435506
v -4.28031049 1.84384931 -6.40593717
v 2.94832902 1.84384931 -7.11789619
v 1.5030447 1.84384931 7.5563183
v -2.66123498 0 2.66123537
v -3.12928153 0 2.09091898
v 3.47707162 0 -1.44025091
v 3.69123977 0 -0.73423343
v -2.09091878 0 3.12928173
v 3.12928252 0 -2.09091839
v -1.44025022 0 3.47707122
v -0.73423294 0 -3.69123898
v 1.7E-07 0 -3.76355502
v 2.66123597 0 -2.66123498
v -0.73423294 0 3.69123977
v -1.44025022 0 -3.47707122
v 2.09091977 0 -3.12928173
v 5E-07 0 3.76355502
v -2.09091898 0 -3.12928173
v 1.44025022 0 -3.47707162
v 0.73423313 0 3.69123977
v -2.66123498 0 -2.66123537
v 0.73423304 0 -3.69123977
v 1.44025022 0 3.47707122
v -3.12928134 0 -2.09091918
v 2.09091977 0 3.12928153
v -3.47707122 0 -1.44025022
v 2.66123537 0 2.66123537
v -3.69123898 0 -0.73423323
v 3.12928153 0 2.09091977
v -3.76355463 0 1.6E-07
v 3.47707162 0 1.44025061
v -3.69123898 0 0.73423328
v 3.69123977 0 0.73423343
v -3.47707122 0 1.44025012
v 3.76355542 0 -5E-08
v 7E-08 0.06282762 -7.08701369
v -1.38260763 0.06282762 -6.95083827
v 7E-08 0.24702902 -7.49441959
v -1.46208856 0.24702892 -7.35041574
v 7E-08 0.54005096 -7.77382663
v -1.51659817 0.54005096 -7.62445428
v 6E-08 0.92192465 -7.90619229
v -1.54242135 0.92192456 -7.75427692
v 6E-08 1.36662607 -7.88249732
v -1.53779878 1.36662587 -7.73103613
v -2.71208278 0.06282762 -6.54754637
v -2.8679903 0.24702892 -6.9239404
v -2.97491474 0.54005096 -7.18207839
v -3.02556889 0.92192456 -7.30436773
v -3.0165012 1.36662587 -7.28247677
v -3.93733366 0.06282762 -5.89263621
v -4.16367646 0.24702902 -6.23138195
v -4.31890629 0.54005096 -6.46370012
v -4.39244518 0.92192465 -6.57375863
v -4.3792807 1.36662607 -6.55405621
v -5.01127485 0.06282762 -5.01127525
v -5.29935457 0.24702902 -5.29935496
v -5.49692469 0.54005096 -5.49692509
v -5.59052166 0.92192465 -5.59052206
v -5.57376658 1.36662607 -5.57376737
v -5.89263582 0.06282762 -3.93733366
v -6.23138155 0.24702902 -4.16367646
v -6.46370012 0.54005096 -4.31890669
v -6.57375784 0.92192465 -4.39244518
v -6.55405542 1.36662607 -4.3792807
v -6.54754676 0.06282762 -2.71208278
v -6.9239404 0.24702902 -2.8679903
v -7.18207839 0.54005096 -2.97491454
v -7.30436773 0.92192465 -3.02556849
v -7.28247756 1.36662607 -3.016501
v -6.95083748 0.06282762 -1.38260783
v -7.35041574 0.24702902 -1.46208876
v -7.62445349 0.54005096 -1.51659847
v -7.75427692 0.92192465 -1.54242174
v -7.73103613 1.36662607 -1.53779908
v -7.0870129 0.06282762 3.4E-07
v -7.49442038 0.24702892 3.6E-07
v -7.77382584 0.54005096 3.6E-07
v -7.90619229 0.92192456 3.6E-07
v -7.88249732 1.36662587 3.6E-07
v -6.95083827 0.06282762 1.38260793
v -7.35041574 0.24702892 1.46208896
v -7.62445428 0.54005096 1.51659847
v -7.75427692 0.92192456 1.54242174
v -7.73103692 1.36662587 1.53779908
v -6.54754637 0.06282762 2.71208238
v -6.9239404 0.24702892 2.8679899
v -7.18207839 0.54005096 2.97491435
v -7.30436773 0.92192456 3.02556849
v -7.28247677 1.36662587 3.0165008
v -5.89263621 0.06282762 3.93733326
v -6.23138234 0.24702902 4.16367607
v -6.46370012 0.54005096 4.3189059
v -6.57375863 0.92192465 4.39244479
v -6.55405661 1.36662607 4.3792803
v -5.01127485 0.06282762 5.01127525
v -5.29935457 0.24702902 5.29935496
v -5.49692469 0.54005096 5.49692549
v -5.59052166 0.92192465 5.59052245
v -5.57376658 1.36662607 5.57376737
v -3.93733326 0.06282762 5.89263621
v -4.16367607 0.24702892 6.23138234
v -4.3189059 0.54005096 6.46370012
v -4.39244439 0.92192456 6.57375863
v -4.3792803 1.36662587 6.55405661
v -2.71208278 0.06282762 6.54754637
v -2.86799049 0.24702892 6.9239404
v -2.97491474 0.54005096 7.18207839
v -3.02556909 0.92192456 7.30436852
v -3.01650139 1.36662587 7.28247677
v -1.38260753 0.06282762 6.95083906
v -1.46208856 0.24702902 7.35041653
v -1.51659798 0.54005096 7.62445507
v -1.54242135 0.92192465 7.75427692
v -1.53779878 1.36662607 7.73103771
v 7E-07 0.06282762 7.0870129
v 7.3E-07 0.24702902 7.49441959
v 7.5E-07 0.54005096 7.77382584
v 7.6E-07 0.92192465 7.90619229
v 7.4E-07 1.36662607 7.88249653
v 1.38260743 0.06282762 6.95083906
v 1.46208846 0.24702902 7.35041732
v 1.51659798 0.54005096 7.62445507
v 1.54242115 0.92192465 7.75427692
v 1.53779849 1.36662607 7.73103771
v 2.71208258 0.06282762 6.54754637
v 2.8679901 0.24702902 6.9239404
v 2.97491454 0.54005096 7.18207839
v 3.02556849 0.92192465 7.30436773
v 3.016501 1.36662607 7.28247677
v 3.93733445 0.06282762 5.89263582
v 4.16367686 0.24702902 6.23138155
v 4.31890748 0.54005096 6.46369973
v 4.39244558 0.92192465 6.57375784
v 4.37928149 1.36662607 6.55405542
v 5.01127525 0.06282762 5.01127565
v 5.29935496 0.24702902 5.29935536
v 5.49692509 0.54005096 5.49692549
v 5.59052166 0.92192465 5.59052245
v 5.57376658 1.36662607 5.57376737
v 5.89263621 0.06282762 3.93733484
v 6.23138155 0.24702902 4.16367765
v 6.46369973 0.54005096 4.31890787
v 6.57375784 0.92192465 4.39244637
v 6.55405582 1.36662607 4.37928189
v 6.54754716 0.06282762 2.71208357
v 6.92394119 0.24702902 2.86799128
v 7.18207918 0.54005096 2.97491573
v 7.30436932 0.92192465 3.02557008
v 7.28247756 1.36662607 3.01650218
v 6.95083827 0.06282762 1.38260822
v 7.35041732 0.24702902 1.46208935
v 7.62445428 0.54005096 1.51659877
v 7.75427692 0.92192465 1.54242214
v 7.73103692 1.36662607 1.53779948
v 7.0870129 0.06282762 -5E-08
v 7.49441959 0.24702902 -6E-08
v 7.77382584 0.54005096 -7E-08
v 7.90619229 0.92192465 -8E-08
v 7.88249653 1.36662607 -8E-08
v 6.95083906 0.06282762 -1.38260812
v 7.35041732 0.24702902 -1.46208915
v 7.62445507 0.54005096 -1.51659877
v 7.75427692 0.92192465 -1.54242214
v 7.73103771 1.36662607 -1.53779948
v 6.54754558 0.06282762 -2.71208377
v 6.92393961 0.24702902 -2.86799148
v 7.18207839 0.54005096 -2.97491593
v 7.30436773 0.92192465 -3.02557008
v 7.28247756 1.36662607 -3.01650238
v 5.8926374 0.06282762 -3.93733207
v 6.23138313 0.24702902 -4.16367488
v 6.4637017 0.54005096 -4.31890511
v 6.57375982 0.92192465 -4.3924436
v 6.55405779 1.36662607 -4.37927912
v 5.01127604 0.06282762 -5.01127446
v 5.29935576 0.24702902 -5.29935417
v 5.49692628 0.54005096 -5.49692469
v 5.59052325 0.92192465 -5.59052127
v 5.57376816 1.36662607 -5.57376618
v 3.93733445 0.06282762 -5.89263621
v 4.16367726 0.24702902 -6.23138234
v 4.31890708 0.54005096 -6.46370012
v 4.39244598 0.92192465 -6.57375863
v 4.37928149 1.36662607 -6.55405661
v 2.71208238 0.06282762 -6.54754637
v 2.8679901 0.24702902 -6.92394119
v 2.97491435 0.54005096 -7.18207839
v 3.02556869 0.92192465 -7.30436932
v 3.0165006 1.36662607 -7.28247756
v 1.38260723 0.06282762 -6.95083827
v 1.46208836 0.24702902 -7.35041732
v 1.51659778 0.54005096 -7.62445507
v 1.54242115 0.92192465 -7.75427692
v 1.53779839 1.36662607 -7.73103692
v 2.64454121 0.02181684 6.38448772
v 2.39186884 0 5.77448184
v 3.47245598 0 5.19689622
v 3.83927969 0.02181684 5.74588719
v -5.74588679 0.02181674 -3.8392789
v -5.47283253 -0.33186589 -3.65682997
v -5.77448184 0 -2.39186884
v -6.38448772 0.02181674 -2.64454141
v -1.56222079 1.97849331 -7.85381366
v -0.37713789 13.58833838 -1.89599829
v -2.5E-07 13.58833838 -1.93314337
v -2E-08 1.97849351 -8.00768019
v 4.41959703 0 4.41959743
v 4.88647534 0.02181666 4.88647534
v -6.45564619 -0.33186589 -1.284108
v -6.77773535 0.02181664 -1.34817548
v 5.47283253 -0.33186589 3.65683116
v 5.74588679 0.02181676 3.83928009
v -6.58211956 -0.33186589 3.2E-07
v -6.91051877 0.02181676 1.5E-07
v 6.08108623 -0.33186589 2.51886917
v 6.38448811 0.02181674 2.6445422
v -6.13015712 0 1.21936432
v -6.77773535 0.02181675 1.34817577
v 6.45564698 -0.33186589 1.2841085
v 6.77773614 0.02181673 1.34817587
v -6.08108583 0.33186589 2.51886818
v -6.38448772 0.02181675 2.64454121
v 6.25025436 0 -4E-08
v 6.91051956 0.02181655 -3E-08
v -5.19689662 0 3.47245479
v -5.74588679 0.02181666 3.8392785
v 6.13015792 0 -1.21936442
v 6.77773614 0.02181684 -1.34817587
v -4.41959703 0 4.41959743
v -4.88647494 0.02181675 4.88647534
v 5.77448184 0 -2.39187003
v 6.38448692 0.02181685 -2.6445426
v -3.65682957 -0.33186589 5.47283293
v -3.8392785 0.02181666 5.74588679
v 5.47283412 -0.33186589 -3.65682878
v 5.74588837 0.02181675 -3.83927771
v -2.51886857 -0.33186589 6.08108583
v -2.64454161 0.02181657 6.38448732
v 4.65426279 -0.33186589 -4.65426121
v 4.88647613 0.02181655 -4.88647455
v -1.2841078 -0.33186589 6.45564698
v -1.34817528 0.02181664 6.77773614
v 1.34817508 0.02181656 -6.77773614
v 1.21936373 0 -6.13015792
v 7E-08 -0.33186589 -6.58212035
v 5E-08 0.02181647 -6.91051956
v 3.65683076 -0.33186589 -5.47283293
v 3.83927969 0.02181665 -5.74588679
v 6.1E-07 0 6.25025436
v 6.6E-07 0.02181658 6.91051956
v -2.64454161 0.02181664 -6.38448772
v -2.51886857 -0.33186589 -6.08108583
v -3.65682997 -0.33186589 -5.47283293
v -3.8392789 0.02181675 -5.74588679
v 2.51886838 -0.33186589 -6.08108623
v 2.64454121 0.02181657 -6.38448772
v 1.28410771 -0.33186589 6.45564698
v 1.34817528 0.02181668 6.77773614
v -4.41959703 0 -4.41959743
v -4.88647494 0.02181665 -4.88647534
v -2.2E-07 16.85787948 -1.83799915
v 0.35857499 16.85787948 -1.80268241
v 0.37713712 13.58833838 -1.89599849
v 1.07399668 13.58833838 1.60734938
v 1.02113748 16.85787948 1.52823994
v 0.703372 16.85787948 1.69808932
v 0.73978163 13.58833838 1.78599121
v -1.78599161 13.58833838 -0.73978183
v -1.69808971 16.85787948 -0.7033717
v -1.52824013 16.85787948 -1.02113767
v -1.60734978 13.58833838 -1.07399688
v 1.36693841 13.58833838 1.3669386
v 1.29966121 16.85787948 1.29966151
v -1.89599849 13.58833838 -0.37713754
v -1.8026826 16.85787948 -0.35857583
v 1.60734928 13.58833838 1.07399718
v 1.52823984 16.85787948 1.02113787
v -1.93314337 13.58833838 1E-08
v -1.83799935 16.85787948 1E-08
v 1.78599121 13.58833838 0.73978208
v 1.69808932 16.85787948 0.70337195
v -1.89599849 13.58833838 0.37713747
v -1.8026826 16.85787948 0.35857573
v 1.89599809 13.58833838 0.37713742
v 1.80268201 16.85787948 0.35857573
v -1.78599161 13.58833838 0.73978149
v -1.69809011 16.85787948 0.70337136
v 1.93314258 13.58833838 -8E-08
v 1.83799876 16.85787948 -8E-08
v -1.60735017 13.58833838 1.07399668
v -1.52824023 16.85787948 1.02113748
v 1.89599809 13.58833838 -0.37713779
v 1.80268221 16.85787948 -0.35857601
v -1.3669389 13.58833838 1.36693851
v -1.29966121 16.85787948 1.29966161
v 1.78599082 13.58833838 -0.73978223
v 1.69808932 16.85787948 -0.70337205
v -1.07399688 13.58833838 1.60734968
v -1.02113738 16.85787948 1.52824033
v 1.60734978 13.58833838 -1.07399668
v 1.52824023 16.85787948 -1.02113738
v -0.73978223 13.58833838 1.78599121
v -0.70337225 16.85787948 1.69808952
v -0.35857598 16.85787948 -1.80268241
v 1.36693851 13.58833838 -1.36693851
v 1.29966131 16.85787948 -1.29966151
v -0.37713777 13.58833838 1.89599809
v -0.35857613 16.85787948 1.80268201
v -0.73978203 13.58833838 -1.78599121
v -0.7033719 16.85787948 -1.69808952
v 1.07399678 13.58833838 -1.60734968
v 1.02113797 16.85787948 -1.52824003
v -6E-08 13.58833838 1.93314298
v -6E-08 16.85787948 1.83799876
v -1.07399698 13.58833838 -1.60734978
v -1.02113797 16.85787948 -1.52824033
v 0.73978159 13.58833838 -1.78599161
v 0.70337146 16.85787948 -1.69808991
v 0.3771372 13.58833838 1.89599809
v 0.35857554 16.85787948 1.80268201
v -1.366939 13.58833838 -1.3669389
v -1.2996619 16.85787948 -1.2996617
v -1.24875743 16.87253147 -1.86889708
v -0.86015897 16.87253147 -2.07660702
v 0.86015847 16.87253147 -2.07660781
v 1.24875753 16.87253147 -1.86889688
v 0.4385049 16.87253147 2.20451429
v -2E-08 16.87253147 2.24770377
v -1.5893669 16.87253147 -1.5893668
v 0.43850435 16.87253147 -2.20451468
v 0.86015897 16.87253147 2.07660741
v -1.86889688 16.87253147 -1.24875723
v -2.1E-07 16.87253147 -2.24770397
v 1.24875713 16.87253147 1.86889688
v -2.07660741 16.87253147 -0.86015907
v 1.58936621 16.87253147 1.58936641
v -2.20451468 16.87253147 -0.43850524
v 1.86889668 16.87253147 1.24875792
v -2.24770397 16.87253147 3E-08
v 2.07660721 16.87253147 0.86015926
v -2.20451468 16.87253147 0.43850529
v 2.20451429 16.87253147 0.43850514
v -2.07660781 16.87253147 0.86015867
v 2.24770318 16.87253147 -8E-08
v -1.86889728 16.87253147 1.24875733
v 2.20451468 16.87253147 -0.43850544
v -1.58936631 16.87253147 1.58936641
v 2.07660702 16.87253147 -0.86015926
v -1.24875723 16.87253147 1.86889748
v 1.86889748 16.87253147 -1.24875713
v -0.86015936 16.87253147 2.07660741
v -0.43850539 16.87253147 -2.20451468
v 1.58936621 16.87253147 -1.58936641
v -0.43850549 16.87253147 2.20451429
v -2.16003866 17.44739012 -0.89471732
v -1.94398322 17.44739012 -1.29892814
v 1.65322183 17.44739012 1.65322193
v 1.29892804 17.44739012 1.94398302
v -2.29308457 17.44739012 -0.45612297
v 1.94398283 17.44739012 1.29892883
v -2.33800903 17.44739012 3E-08
v 2.16003846 17.44739012 0.89471762
v -2.29308457 17.44739012 0.45612312
v 2.29308457 17.44739012 0.45612272
v -2.16003885 17.44739012 0.89471712
v 2.33800824 17.44739012 -8E-08
v -1.94398362 17.44739012 1.29892804
v 2.29308457 17.44739012 -0.45612312
v -1.65322233 17.44739012 1.65322163
v 2.16003806 17.44739012 -0.89471762
v -1.29892843 17.44739012 1.94398342
v 1.94398362 17.44739012 -1.29892794
v -0.89471742 17.44739012 2.16003866
v -0.45612331 17.44739012 -2.29308457
v -2E-07 17.44739012 -2.33800903
v 1.65322183 17.44739012 -1.65322183
v -0.45612307 17.44739012 2.29308457
v -0.89471732 17.44739012 -2.16003826
v 1.29892804 17.44739012 -1.94398322
v -1E-08 17.44739012 2.33800883
v -1.29892804 17.44739012 -1.94398342
v 0.89471673 17.44739012 -2.16003885
v 0.45612247 17.44739012 2.29308457
v -1.65322223 17.44739012 -1.65322223
v 0.45612247 17.44739012 -2.29308477
v 0.89471673 17.44739012 2.16003866
v -6.65814172 1.97849331 -4.44882863
v -5.66228464 1.97849331 -5.66228504
v -1.34817548 0.02181676 -6.77773535
v -1.2841078 0.33186589 -6.45564619
v 4.44882942 1.97849331 6.65814172
v 3.06440641 1.97849331 7.39813086
v -7.39813086 1.97849331 -3.06440641
v 5.66228464 1.97849311 5.66228504
v -7.85381366 1.97849331 -1.56222109
v 6.65814172 1.97849331 4.44882982
v -8.00768019 1.97849311 3.7E-07
v 7.39813165 1.97849331 3.0644076
v -7.85381366 1.97849311 1.56222109
v 7.85381524 1.97849311 1.56222138
v -7.39813086 1.97849311 3.06440621
v 8.00768019 1.97849331 -4E-08
v -6.65814252 1.97849331 4.44882823
v 7.85381445 1.97849331 -1.56222138
v -5.66228464 1.97849331 5.66228504
v 7.39813086 1.97849331 -3.0644078
v -4.44882823 1.97849311 6.65814252
v 6.6581441 1.97849331 -4.44882705
v -3.06440681 1.97849311 7.39813086
v 1.5622203 1.97849331 -7.85381524
v 5.66228583 1.97849311 -5.66228424
v -1.56222079 1.97849351 7.85381445
v -3.06440661 1.97849311 -7.39813086
v 4.44882942 1.97849331 -6.65814252
v 7.5E-07 1.97849331 8.00768019
v -4.44882863 1.97849331 -6.65814252
v 3.06440641 1.97849331 -7.39813165
v 1.56222049 1.97849311 7.85381524
v -3.12928153 -0.33186589 2.09091898
v -2.66123498 -0.33186586 2.66123537
v 3.69123977 -0.33186589 -0.73423343
v 3.47707162 -0.33186589 -1.44025091
v -2.09091878 -0.33186586 3.12928173
v 3.12928252 -0.33186586 -2.09091839
v -1.44025022 -0.33186589 3.47707122
v 1.7E-07 -0.33186589 -3.76355502
v -0.73423294 -0.33186589 -3.69123898
v 2.66123597 -0.33186586 -2.66123498
v -0.73423294 -0.33186589 3.69123977
v -1.44025022 -0.33186589 -3.47707122
v 2.09091977 -0.33186589 -3.12928173
v 5E-07 -0.33186589 3.76355502
v -2.09091898 -0.33186589 -3.12928173
v 1.44025022 -0.33186589 -3.47707162
v 0.73423313 -0.33186586 3.69123977
v -2.66123498 -0.33186586 -2.66123537
v 0.73423304 -0.33186586 -3.69123977
v 1.44025022 -0.33186586 3.47707122
v -3.12928134 -0.33186586 -2.09091918
v 2.09091977 -0.33186589 3.12928153
v -3.47707122 -0.33186589 -1.44025022
v 2.66123537 -0.33186589 2.66123537
v -3.69123898 -0.33186589 -0.73423323
v 3.12928153 -0.33186586 2.09091977
v -3.76355463 -0.33186589 1.6E-07
v 3.47707162 -0.33186586 1.44025061
v -3.69123898 -0.33186589 0.73423328
v 3.69123977 -0.33186589 0.73423343
v -3.47707122 -0.33186589 1.44025012
v 3.76355542 -0.33186589 -5E-08
v -1.40067922 -0.25584822 -7.04169046
v 5E-08 -0.25584822 -7.17964536
v -1.50005088 -0.02180269 -7.54126515
v 3E-08 -0.02180256 -7.68900757
v -1.57210127 0.3691846 -7.90348628
v 3E-08 0.36918464 -8.05832524
v -1.6065447 0.87608603 -8.07664617
v 3E-08 0.87608603 -8.23487713
v -1.60120875 1.43364711 -8.04981873
v 1E-08 1.4336473 -8.20752511
v -2.74753147 -0.25584822 -6.63312738
v -2.94245592 -0.02180264 -7.10371656
v -3.08378779 0.36918469 -7.44492104
v -3.15135111 0.87608613 -7.6080331
v -3.14088393 1.43364701 -7.58276358
v -3.98879723 -0.25584822 -5.96965691
v -4.2717838 -0.02180247 -6.39317621
v -4.47696556 0.3691846 -6.70025257
v -4.57505276 0.87608603 -6.84705026
v -4.55985639 1.4336472 -6.82430714
v -5.07677564 -0.25584822 -5.07677604
v -5.43694907 -0.02180249 -5.43694946
v -5.69809571 0.36918455 -5.6980961
v -5.82293716 0.87608593 -5.82293716
v -5.80359594 1.4336472 -5.80359673
v -5.96965652 -0.25584822 -3.98879723
v -6.39317582 -0.02180256 -4.2717838
v -6.70025257 0.36918472 -4.47696595
v -6.84704946 0.87608613 -4.57505276
v -6.82430635 1.43364711 -4.55985639
v -6.63312738 -0.25584822 -2.74753147
v -7.10371656 -0.02180254 -2.94245592
v -7.44492104 0.36918474 -3.08378759
v -7.6080331 0.87608603 -3.15135092
v -7.58276438 1.43364711 -3.14088393
v -7.04168967 -0.25584824 -1.40067942
v -7.54126515 -0.02180252 -1.50005108
v -7.90348549 0.3691846 -1.57210157
v -8.07664617 0.87608593 -1.6065451
v -8.04981873 1.4336472 -1.60120894
v -7.17964457 -0.25584824 3.2E-07
v -7.68900836 -0.02180259 3.3E-07
v -8.05832445 0.3691846 3.3E-07
v -8.23487713 0.87608583 3.3E-07
v -8.20752511 1.43364711 3.6E-07
v -7.04169046 -0.25584827 1.40067952
v -7.54126515 -0.02180266 1.50005128
v -7.90348707 0.36918467 1.57210157
v -8.07664617 0.87608593 1.6065452
v -8.04981952 1.43364701 1.60120904
v -6.63312699 -0.25584822 2.74753107
v -7.10371656 -0.02180266 2.94245552
v -7.44492104 0.36918472 3.08378739
v -7.6080331 0.87608593 3.15135072
v -7.58276358 1.43364691 3.14088354
v -5.96965691 -0.25584822 3.98879684
v -6.39317661 -0.02180252 4.2717834
v -6.70025257 0.36918464 4.47696516
v -6.84705026 0.87608593 4.57505236
v -6.82430714 1.43364701 4.559856
v -5.07677564 -0.25584822 5.07677604
v -5.43694907 -0.02180252 5.43694946
v -5.69809571 0.36918464 5.6980965
v -5.82293677 0.87608593 5.82293795
v -5.80359594 1.4336472 5.80359673
v -3.98879684 -0.25584822 5.96965691
v -4.2717834 -0.02180256 6.39317661
v -4.47696516 0.36918474 6.70025257
v -4.57505196 0.87608593 6.84705026
v -4.559856 1.43364691 6.82430714
v -2.74753147 -0.25584822 6.63312699
v -2.94245631 -0.02180259 7.10371656
v -3.08378799 0.36918492 7.44492104
v -3.15135151 0.87608603 7.60803389
v -3.14088433 1.43364671 7.58276358
v -1.40067912 -0.25584822 7.04169125
v -1.50005078 -0.02180266 7.54126595
v -1.57210098 0.36918467 7.90348786
v -1.6065446 0.87608603 8.07664617
v -1.60120865 1.43364711 8.04982031
v 6.9E-07 -0.25584822 7.17964457
v 7.3E-07 -0.02180271 7.68900757
v 7.6E-07 0.36918442 8.05832445
v 7.7E-07 0.87608623 8.23487713
v 7.7E-07 1.4336472 8.20752431
v 1.40067902 -0.25584827 7.04169125
v 1.50005078 -0.02180252 7.54126674
v 1.57210108 0.36918479 7.90348786
v 1.6065445 0.87608623 8.07664617
v 1.60120835 1.43364701 8.04982031
v 2.74753127 -0.25584827 6.63312699
v 2.94245572 -0.02180256 7.10371656
v 3.08378759 0.36918487 7.44492104
v 3.15135072 0.87608613 7.6080331
v 3.14088393 1.43364691 7.58276358
v 3.98879802 -0.25584822 5.96965652
v 4.27178419 -0.02180254 6.39317582
v 4.47696674 0.36918479 6.70025178
v 4.57505315 0.87608623 6.84704946
v 4.55985718 1.43364711 6.82430635
v 5.07677604 -0.25584822 5.07677643
v 5.43694946 -0.02180252 5.43695025
v 5.6980961 0.36918469 5.6980969
v 5.82293677 0.87608623 5.82293795
v 5.80359594 1.43364711 5.80359673
v 5.96965691 -0.25584822 3.98879842
v 6.39317582 -0.02180256 4.27178499
v 6.70025178 0.36918457 4.47696714
v 6.84704946 0.87608613 4.57505394
v 6.82430635 1.4336472 4.55985758
v 6.63312778 -0.25584822 2.74753226
v 7.10371735 -0.02180252 2.9424571
v 7.44492183 0.36918464 3.08378878
v 7.60803468 0.87608613 3.1513525
v 7.58276438 1.4336472 3.14088492
v 7.04169046 -0.25584824 1.40067982
v 7.54126674 -0.02180249 1.50005158
v 7.90348707 0.36918469 1.57210167
v 8.07664617 0.87608603 1.60654539
v 8.04981952 1.43364711 1.60120924
v 7.17964457 -0.25584822 -3E-08
v 7.68900757 -0.02180254 -4E-08
v 8.05832524 0.36918472 -7E-08
v 8.23487713 0.87608603 -8E-08
v 8.20752431 1.43364711 -4E-08
v 7.04169125 -0.25584822 -1.40067972
v 7.54126674 -0.02180256 -1.50005138
v 7.90348786 0.36918477 -1.57210177
v 8.07664617 0.87608603 -1.60654549
v 8.04982031 1.43364701 -1.60120924
v 6.6331262 -0.25584822 -2.74753245
v 7.10371577 -0.02180261 -2.9424571
v 7.44492104 0.36918472 -3.08378898
v 7.6080331 0.87608593 -3.1513523
v 7.58276438 1.43364691 -3.14088512
v 5.9696581 -0.25584822 -3.98879565
v 6.3931774 -0.02180261 -4.27178222
v 6.70025415 0.3691846 -4.47696437
v 6.84705105 0.87608603 -4.57505117
v 6.82430872 1.43364701 -4.55985481
v 5.07677683 -0.25584822 -5.07677525
v 5.43695025 -0.02180259 -5.43694867
v 5.69809729 0.36918469 -5.69809571
v 5.82293874 0.87608623 -5.82293637
v 5.80359752 1.43364711 -5.80359554
v 3.98879802 -0.25584822 -5.96965691
v 4.27178459 -0.02180252 -6.39317661
v 4.47696635 0.36918464 -6.70025257
v 4.57505355 0.87608603 -6.84705026
v 4.55985718 1.4336472 -6.82430714
v 2.74753107 -0.25584824 -6.63312699
v 2.94245572 -0.02180252 -7.10371735
v 3.08378739 0.36918467 -7.44492104
v 3.15135092 0.87608593 -7.60803468
v 3.14088334 1.43364711 -7.58276438
v 1.40067883 -0.25584824 -7.04169046
v 1.50005069 -0.02180247 -7.54126674
v 1.57210078 0.36918484 -7.90348786
v 1.60654441 0.87608603 -8.07664617
v 1.60120825 1.43364701 -8.04981952
vn -0.38186 -0.06574 -0.92188
vn -0.55437 -0.06574 -0.82967
vn 0.55557 0 0.83147
vn 0.38268 0 0.92388
vn 0.82967 -0.06574 0.55437
vn 0.92188 -0.06574 0.38186
vn -0.92388 0 -0.38268
vn 0 1 -0
vn 0.17831 -0.40572 0.89644
vn 0 -0.40572 0.914
vn 0 -0.2419 0.9703
vn 0.1893 -0.2419 0.95166
vn -0.70558 -0.06574 -0.70558
vn 0.70711 0 0.70711
vn 0.97866 -0.06574 0.19467
vn -0.82967 -0.06574 -0.55437
vn 0.99784 -0.06574 0
vn -0.92188 -0.06574 -0.38186
vn 0.97866 -0.06574 -0.19467
vn -0.98079 0 0.19509
vn -0.97866 -0.06574 -0.19467
vn 0.92188 -0.06574 -0.38186
vn 0 -1 -0
vn -0.99784 -0.06574 -0
vn 1 0 -0
vn 0.82967 -0.06574 -0.55437
vn -0.83147 0 0.55557
vn -0.97866 -0.06574 0.19467
vn 0.98079 0 -0.19509
vn 0.70558 -0.06574 -0.70558
vn -0.70711 0 0.70711
vn -0.92188 -0.06574 0.38186
vn 0.92388 0 -0.38268
vn 0.55437 -0.06574 -0.82967
vn -0.82967 -0.06574 0.55437
vn 0.38186 -0.06574 -0.92188
vn -0.70558 -0.06574 0.70558
vn 0.19467 -0.06574 -0.97866
vn -0.19467 -0.06574 0.97866
vn 0 -0.06574 0.99784
vn 0.19509 0 -0.98079
vn -0.55437 -0.06574 0.82967
vn -0 -0.06574 -0.99784
vn 0 0 1
vn 0.38186 -0.06574 0.92188
vn 0.55437 -0.06574 0.82967
vn -0.38186 -0.06574 0.92188
vn -0.19467 -0.06574 -0.97866
vn 0.70558 -0.06574 0.70558
vn -0.70711 0 -0.70711
vn -0.1893 -0.2419 0.95166
vn -0.13336 0.72985 0.67047
vn -0 0.72985 0.68361
vn -0.53907 -0.2419 -0.80678
vn -0.37132 -0.2419 -0.89644
vn -0.26161 0.72985 -0.63157
vn -0.37979 0.72985 -0.5684
vn 0.89644 -0.2419 0.37132
vn 0.80678 -0.2419 0.53907
vn 0.5684 0.72985 0.37979
vn 0.63157 0.72985 0.26161
vn -0.68611 -0.2419 -0.68611
vn -0.48338 0.72985 -0.48338
vn 0.95166 -0.2419 0.1893
vn 0.67047 0.72985 0.13337
vn -0.80678 -0.2419 -0.53907
vn -0.5684 0.72985 -0.37979
vn 0.9703 -0.2419 -0
vn 0.68361 0.72985 -0
vn -0.89644 -0.2419 -0.37132
vn -0.63157 0.72985 -0.26161
vn 0.95166 -0.2419 -0.1893
vn 0.67047 0.72985 -0.13337
vn -0.95166 -0.2419 -0.1893
vn -0.67047 0.72985 -0.13336
vn 0.89644 -0.2419 -0.37132
vn 0.63157 0.72985 -0.2616
vn -0.9703 -0.2419 -0
vn -0.68361 0.72985 -0
vn 0.80678 -0.2419 -0.53907
vn 0.5684 0.72985 -0.37979
vn -0.95166 -0.2419 0.1893
vn -0.67047 0.72985 0.13337
vn 0.68611 -0.2419 -0.68611
vn 0.48338 0.72985 -0.48338
vn -0.89644 -0.2419 0.37132
vn -0.63157 0.72985 0.2616
vn 0.53907 -0.2419 -0.80678
vn 0.37979 0.72985 -0.5684
vn -0.80678 -0.2419 0.53907
vn -0.5684 0.72985 0.37979
vn 0.37132 -0.2419 -0.89644
vn 0.26161 0.72985 -0.63157
vn 0.13336 0.72985 0.67047
vn -0.68611 -0.2419 0.68611
vn -0.48338 0.72985 0.48338
vn 0.1893 -0.2419 -0.95166
vn 0.13337 0.72985 -0.67047
vn 0.37132 -0.2419 0.89644
vn 0.26161 0.72985 0.63157
vn -0.53907 -0.2419 0.80678
vn -0.37979 0.72985 0.5684
vn -0 -0.2419 -0.9703
vn -0 0.72985 -0.68361
vn 0.53907 -0.2419 0.80678
vn 0.37979 0.72985 0.5684
vn -0.37132 -0.2419 0.89644
vn -0.2616 0.72985 0.63157
vn -0.1893 -0.2419 -0.95166
vn -0.13337 0.72985 -0.67047
vn 0.68611 -0.2419 0.68611
vn 0.48338 0.72985 0.48338
vn 0.27855 0.6857 0.67248
vn 0.40439 0.6857 0.60522
vn -0.40439 0.6857 0.60522
vn -0.27855 0.6857 0.67248
vn -0 0.6857 -0.72789
vn -0.142 0.6857 -0.7139
vn 0.51469 0.6857 0.51469
vn -0.142 0.6857 0.7139
vn -0.27855 0.6857 -0.67248
vn 0.60521 0.6857 0.40439
vn -0 0.6857 0.72789
vn -0.40439 0.6857 -0.60522
vn 0.67248 0.6857 0.27855
vn -0.51469 0.6857 -0.51469
vn 0.7139 0.6857 0.142
vn -0.60521 0.6857 -0.40439
vn 0.72789 0.6857 -0
vn -0.67248 0.6857 -0.27855
vn 0.7139 0.6857 -0.142
vn -0.7139 0.6857 -0.142
vn 0.67248 0.6857 -0.27855
vn -0.72789 0.6857 -0
vn 0.60521 0.6857 -0.40439
vn -0.7139 0.6857 0.142
vn 0.51469 0.6857 -0.51469
vn -0.67248 0.6857 0.27855
vn 0.40439 0.6857 -0.60522
vn -0.60522 0.6857 0.40439
vn 0.27855 0.6857 -0.67248
vn 0.142 0.6857 0.7139
vn -0.51469 0.6857 0.51469
vn 0.142 0.6857 -0.7139
vn 0.5684 0.72985 0.37979
vn 0.63157 0.72985 0.26161
vn -0.37979 0.72985 -0.5684
vn -0.48339 0.72985 -0.48338
vn 0.67047 0.72985 0.13337
vn -0.5684 0.72985 -0.37979
vn 0.68361 0.72985 -0
vn -0.63157 0.72985 -0.26161
vn 0.67047 0.72985 -0.13337
vn -0.67047 0.72985 -0.13336
vn 0.63157 0.72985 -0.26161
vn -0.68361 0.72985 -0
vn 0.5684 0.72985 -0.37979
vn -0.67047 0.72985 0.13337
vn 0.48338 0.72985 -0.48338
vn -0.63157 0.72985 0.26161
vn 0.37979 0.72985 -0.5684
vn -0.5684 0.72985 0.37979
vn 0.26161 0.72985 -0.63157
vn -0 0.72985 0.68361
vn 0.13336 0.72985 0.67047
vn -0.48338 0.72985 0.48338
vn 0.13337 0.72985 -0.67047
vn 0.26161 0.72985 0.63157
vn -0.37979 0.72985 0.5684
vn 0 0.72985 -0.68361
vn 0.37979 0.72985 0.5684
vn -0.26161 0.72985 0.63157
vn -0.13336 0.72985 -0.67047
vn 0.48338 0.72985 0.48338
vn -0.13337 0.72985 0.67047
vn -0.26161 0.72985 -0.63157
vn 0.75996 -0.40572 0.50779
vn 0.64629 -0.40572 0.64629
vn 0.19467 -0.06574 0.97866
vn -0.50779 -0.40572 -0.75996
vn -0.34977 -0.40572 -0.84442
vn 0.84442 -0.40572 0.34977
vn -0.64629 -0.40572 -0.64629
vn 0.89644 -0.40572 0.17831
vn -0.75996 -0.40572 -0.50779
vn 0.914 -0.40572 -0
vn -0.84442 -0.40572 -0.34977
vn 0.89644 -0.40572 -0.17831
vn -0.89644 -0.40572 -0.17831
vn 0.84442 -0.40572 -0.34977
vn -0.914 -0.40572 -0
vn 0.75996 -0.40572 -0.50779
vn -0.89644 -0.40572 0.17831
vn 0.64629 -0.40572 -0.64629
vn -0.84442 -0.40572 0.34977
vn 0.50779 -0.40572 -0.75996
vn -0.75996 -0.40572 0.50779
vn 0.34977 -0.40572 -0.84442
vn -0.17831 -0.40572 0.89644
vn -0.64629 -0.40572 0.64629
vn 0.17831 -0.40572 -0.89644
vn 0.34977 -0.40572 0.84442
vn -0.50779 -0.40572 0.75996
vn -0 -0.40572 -0.914
vn 0.50779 -0.40572 0.75996
vn -0.34977 -0.40572 0.84442
vn -0.17831 -0.40572 -0.89644
vn 0 1 -0
vn 0 0.96025 0.27912
vn 0.05445 0.96025 0.27376
vn 0 0.81006 0.58635
vn 0.11439 0.81006 0.57508
vn 0 0.51487 0.85727
vn 0.16725 0.51487 0.8408
vn 0 0.13812 0.99041
vn 0.19322 0.13812 0.97138
vn 0 -0.20195 0.9794
vn 0.19107 -0.20195 0.96058
vn 0.10682 0.96025 0.25788
vn 0.22438 0.81006 0.54171
vn 0.32806 0.51487 0.79202
vn 0.37902 0.13812 0.91502
vn 0.3748 -0.20195 0.90484
vn 0.15507 0.96025 0.23208
vn 0.32576 0.81006 0.48753
vn 0.47627 0.51487 0.71279
vn 0.55024 0.13812 0.8235
vn 0.54412 -0.20195 0.81434
vn 0.19737 0.96025 0.19737
vn 0.41461 0.81006 0.41461
vn 0.60618 0.51487 0.60618
vn 0.70033 0.13812 0.70033
vn 0.69254 -0.20195 0.69254
vn 0.23208 0.96025 0.15507
vn 0.48753 0.81006 0.32576
vn 0.71279 0.51487 0.47627
vn 0.8235 0.13812 0.55024
vn 0.81434 -0.20195 0.54412
vn 0.25788 0.96025 0.10682
vn 0.54171 0.81006 0.22438
vn 0.79202 0.51487 0.32806
vn 0.91502 0.13812 0.37902
vn 0.90484 -0.20195 0.3748
vn 0.27376 0.96025 0.05445
vn 0.57508 0.81006 0.11439
vn 0.8408 0.51487 0.16725
vn 0.97138 0.13812 0.19322
vn 0.96058 -0.20195 0.19107
vn 0.27912 0.96025 0
vn 0.58635 0.81006 0
vn 0.85727 0.51487 0
vn 0.99041 0.13812 0
vn 0.9794 -0.20195 0
vn 0.27376 0.96026 -0.05445
vn 0.57508 0.81006 -0.11439
vn 0.8408 0.51487 -0.16725
vn 0.97138 0.13812 -0.19322
vn 0.96058 -0.20195 -0.19107
vn 0.25788 0.96025 -0.10682
vn 0.54171 0.81006 -0.22438
vn 0.79202 0.51487 -0.32806
vn 0.91502 0.13812 -0.37902
vn 0.90484 -0.20195 -0.3748
vn 0.23208 0.96025 -0.15507
vn 0.48753 0.81006 -0.32576
vn 0.71279 0.51487 -0.47627
vn 0.8235 0.13812 -0.55024
vn 0.81434 -0.20195 -0.54412
vn 0.19737 0.96025 -0.19737
vn 0.41461 0.81006 -0.41461
vn 0.60618 0.51487 -0.60618
vn 0.70033 0.13812 -0.70033
vn 0.69254 -0.20195 -0.69254
vn 0.15507 0.96025 -0.23208
vn 0.32576 0.81006 -0.48753
vn 0.47627 0.51487 -0.71279
vn 0.55024 0.13812 -0.8235
vn 0.54412 -0.20195 -0.81434
vn 0.10682 0.96025 -0.25788
vn 0.22439 0.81006 -0.54171
vn 0.32806 0.51486 -0.79202
vn 0.37902 0.13812 -0.91502
vn 0.3748 -0.20195 -0.90484
vn 0.05445 0.96025 -0.27376
vn 0.11439 0.81006 -0.57508
vn 0.16725 0.51487 -0.8408
vn 0.19322 0.13812 -0.97138
vn 0.19107 -0.20195 -0.96058
vn 0 0.96025 -0.27912
vn 0 0.81006 -0.58635
vn -0 0.51487 -0.85727
vn -0 0.13812 -0.99042
vn -0 -0.20195 -0.9794
vn -0.05445 0.96026 -0.27376
vn -0.11439 0.81006 -0.57508
vn -0.16725 0.51487 -0.8408
vn -0.19322 0.13812 -0.97138
vn -0.19107 -0.20195 -0.96058
vn -0.10682 0.96026 -0.25788
vn -0.22438 0.81006 -0.54171
vn -0.32806 0.51486 -0.79202
vn -0.37902 0.13812 -0.91502
vn -0.3748 -0.20195 -0.90484
vn -0.15507 0.96025 -0.23208
vn -0.32576 0.81006 -0.48753
vn -0.47627 0.51487 -0.7128
vn -0.55024 0.13812 -0.8235
vn -0.54412 -0.20195 -0.81434
vn -0.19737 0.96025 -0.19737
vn -0.41461 0.81006 -0.41461
vn -0.60618 0.51487 -0.60618
vn -0.70033 0.13812 -0.70033
vn -0.69254 -0.20195 -0.69254
vn -0.23208 0.96025 -0.15507
vn -0.48753 0.81006 -0.32576
vn -0.71279 0.51487 -0.47627
vn -0.8235 0.13812 -0.55025
vn -0.81434 -0.20195 -0.54412
vn -0.25788 0.96025 -0.10682
vn -0.54171 0.81006 -0.22439
vn -0.79201 0.51487 -0.32806
vn -0.91502 0.13812 -0.37902
vn -0.90484 -0.20195 -0.3748
vn -0.27376 0.96025 -0.05445
vn -0.57508 0.81006 -0.11439
vn -0.8408 0.51487 -0.16725
vn -0.97138 0.13812 -0.19322
vn -0.96058 -0.20195 -0.19107
vn -0.27912 0.96025 -0
vn -0.58635 0.81006 -0
vn -0.85727 0.51487 0
vn -0.99041 0.13812 0
vn -0.9794 -0.20195 -0
vn -0.27376 0.96025 0.05445
vn -0.57508 0.81006 0.11439
vn -0.8408 0.51487 0.16725
vn -0.97138 0.13812 0.19322
vn -0.96058 -0.20195 0.19107
vn -0.25788 0.96025 0.10682
vn -0.54171 0.81006 0.22438
vn -0.79202 0.51487 0.32806
vn -0.91502 0.13812 0.37902
vn -0.90484 -0.20195 0.3748
vn -0.23208 0.96025 0.15507
vn -0.48753 0.81006 0.32576
vn -0.71279 0.51487 0.47627
vn -0.8235 0.13812 0.55024
vn -0.81434 -0.20195 0.54412
vn -0.19737 0.96025 0.19737
vn -0.41461 0.81006 0.41461
vn -0.60618 0.51487 0.60618
vn -0.70033 0.13812 0.70033
vn -0.69254 -0.20195 0.69254
vn -0.15507 0.96025 0.23208
vn -0.32576 0.81006 0.48753
vn -0.47627 0.51487 0.71279
vn -0.55025 0.13812 0.8235
vn -0.54412 -0.20195 0.81434
vn -0.10682 0.96025 0.25788
vn -0.22438 0.81006 0.54171
vn -0.32806 0.51487 0.79202
vn -0.37902 0.13812 0.91502
vn -0.3748 -0.20195 0.90484
vn -0.05445 0.96025 0.27376
vn -0.11439 0.81006 0.57508
vn -0.16725 0.51486 0.8408
vn -0.19322 0.13812 0.97138
vn -0.19107 -0.20195 0.96058
vn -0.09242 -0.94445 -0.31539
vn 0.12825 -0.98626 0.10416
vn 0.04426 -0.99682 0.06624
vn -0.21999 -0.91826 -0.32924
vn 0.21545 -0.96585 0.14396
vn -0.1773 -0.977 -0.11847
vn -0.19692 -0.97702 -0.08157
vn 0.22988 -0.96855 0.09522
vn -0.17852 0.40334 -0.89747
vn -0.18857 0.25629 -0.94803
vn -0 0.25629 -0.9666
vn -0 0.40334 -0.91505
vn 0.04715 -0.98626 0.15835
vn -0.25601 -0.94445 -0.20607
vn -0.29865 -0.94471 -0.13537
vn 0.163 -0.9866 -0.00713
vn 0.22411 -0.94471 0.23935
vn -0.15333 -0.9866 -0.05579
vn -0.31932 -0.94471 0.07451
vn 0.15848 -0.9866 0.0388
vn 0.38831 -0.90738 0.16084
vn -0.03195 -0.9994 -0.01323
vn -0.05813 -0.98505 0.16218
vn 0.41076 -0.91166 -0.01263
vn 0.32772 -0.94471 -0.01078
vn -0.14787 -0.9866 -0.06897
vn 0.06563 -0.99747 -0.02718
vn 0.48024 -0.85429 -0.19892
vn 0.14531 -0.98626 -0.07863
vn -0.32674 -0.94445 -0.03531
vn -0.05658 -0.99746 -0.04317
vn 0.37111 -0.88352 -0.28578
vn 0.07813 -0.99682 -0.01554
vn -0.38836 -0.91826 0.07725
vn -0.15835 -0.98626 0.04715
vn 0.20607 -0.94445 -0.25601
vn 0.16434 -0.98626 0.01704
vn -0.28836 -0.94445 0.15766
vn -0.23935 -0.94471 0.22411
vn 0.05579 -0.9866 -0.15333
vn 0.3069 -0.94471 -0.11545
vn -0.11022 -0.9866 0.12031
vn -0.16084 -0.90738 0.38831
vn 0.01323 -0.9994 -0.03195
vn 0.2972 -0.90738 -0.2972
vn -0.02445 -0.9994 0.02445
vn 0.01078 -0.94471 0.32772
vn 0.06897 -0.9866 -0.14787
vn -0.04854 -0.96855 0.24404
vn 0.04158 -0.97702 -0.20905
vn -0.04769 -0.98889 -0.14077
vn -0.01484 -0.94382 0.33011
vn 0.23351 -0.90738 -0.34947
vn -0.01921 -0.9994 0.02875
vn -0 -0.97702 0.21314
vn -0 -0.96855 -0.24882
vn 0.14253 -0.96874 0.20304
vn 0.01827 -0.96001 -0.27935
vn -0.23935 -0.94471 -0.22411
vn 0.05579 -0.9866 0.15333
vn 0.05336 -0.94471 -0.32352
vn -0.09649 -0.9866 0.13157
vn 0.0416 -0.977 0.20914
vn -0.05055 -0.96585 -0.25414
vn -0.15071 -0.97702 -0.15071
vn 0.17594 -0.96855 0.17594
vn -0 -0.7065 -0.70771
vn 0.13807 -0.7065 -0.69411
vn 0.18857 0.25629 -0.94803
vn 0.53701 0.25629 0.8037
vn 0.39318 -0.7065 0.58844
vn 0.27083 -0.7065 0.65384
vn 0.3699 0.25629 0.89302
vn -0.89302 0.25629 -0.3699
vn -0.65384 -0.7065 -0.27083
vn -0.58844 -0.7065 -0.39318
vn -0.8037 0.25629 -0.53701
vn 0.68349 0.25629 0.68349
vn 0.50043 -0.7065 0.50043
vn -0.94803 0.25629 -0.18857
vn -0.69411 -0.7065 -0.13807
vn 0.8037 0.25629 0.53701
vn 0.58844 -0.7065 0.39318
vn -0.9666 0.25629 -0
vn -0.70771 -0.7065 -0
vn 0.89302 0.25629 0.3699
vn 0.65384 -0.7065 0.27083
vn -0.94803 0.25629 0.18857
vn -0.69411 -0.7065 0.13807
vn 0.94803 0.25629 0.18857
vn 0.69411 -0.7065 0.13807
vn -0.89302 0.25629 0.3699
vn -0.65384 -0.7065 0.27083
vn 0.9666 0.25629 -0
vn 0.70771 -0.7065 0
vn -0.8037 0.25629 0.53701
vn -0.58844 -0.7065 0.39318
vn 0.94803 0.25629 -0.18857
vn 0.69411 -0.7065 -0.13807
vn -0.68349 0.25629 0.68349
vn -0.50043 -0.7065 0.50043
vn 0.89302 0.25629 -0.3699
vn 0.65384 -0.7065 -0.27083
vn -0.53701 0.25629 0.8037
vn -0.39318 -0.7065 0.58844
vn 0.8037 0.25629 -0.53701
vn 0.58844 -0.7065 -0.39318
vn -0.3699 0.25629 0.89302
vn -0.27083 -0.7065 0.65384
vn -0.13807 -0.7065 -0.69411
vn 0.68349 0.25629 -0.68349
vn 0.50043 -0.7065 -0.50043
vn -0.18857 0.25629 0.94803
vn -0.13807 -0.7065 0.69411
vn -0.3699 0.25629 -0.89302
vn -0.27083 -0.7065 -0.65384
vn 0.53701 0.25629 -0.8037
vn 0.39318 -0.7065 -0.58844
vn 0 0.25629 0.9666
vn 0 -0.7065 0.70771
vn -0.53701 0.25629 -0.8037
vn -0.39318 -0.7065 -0.58844
vn 0.3699 0.25629 -0.89302
vn 0.27083 -0.7065 -0.65384
vn 0.18857 0.25629 0.94803
vn 0.13807 -0.7065 0.69411
vn -0.68349 0.25629 -0.68349
vn -0.50043 -0.7065 -0.50043
vn -0.38031 -0.72898 -0.56917
vn -0.26196 -0.72898 -0.63243
vn 0.26196 -0.72898 -0.63243
vn 0.38031 -0.72898 -0.56917
vn 0.13355 -0.72898 0.67139
vn 0 -0.72898 0.68454
vn -0.48404 -0.72898 -0.48404
vn 0.13355 -0.72898 -0.67139
vn 0.26196 -0.72898 0.63243
vn -0.56917 -0.72898 -0.38031
vn -0 -0.72898 -0.68454
vn 0.38031 -0.72898 0.56917
vn -0.63243 -0.72898 -0.26196
vn 0.48404 -0.72898 0.48404
vn -0.67139 -0.72898 -0.13355
vn 0.56917 -0.72898 0.38031
vn -0.68454 -0.72898 0
vn 0.63243 -0.72898 0.26196
vn -0.67139 -0.72898 0.13355
vn 0.67139 -0.72898 0.13355
vn -0.63243 -0.72898 0.26196
vn 0.68454 -0.72898 0
vn -0.56917 -0.72898 0.38031
vn 0.67139 -0.72898 -0.13355
vn -0.48404 -0.72898 0.48404
vn 0.63243 -0.72898 -0.26196
vn -0.38031 -0.72898 0.56917
vn 0.56917 -0.72898 -0.38031
vn -0.26196 -0.72898 0.63243
vn -0.13355 -0.72898 -0.67139
vn 0.48404 -0.72898 -0.48404
vn -0.13355 -0.72898 0.67139
vn -0.71942 0.6274 -0.29799
vn -0.64746 0.6274 -0.43262
vn 0.55062 0.6274 0.55062
vn 0.43262 0.6274 0.64746
vn -0.76373 0.6274 -0.15192
vn 0.64746 0.6274 0.43262
vn -0.77869 0.6274 0
vn 0.71942 0.6274 0.29799
vn -0.76373 0.6274 0.15192
vn 0.76373 0.6274 0.15192
vn -0.71942 0.6274 0.29799
vn 0.77869 0.6274 0
vn -0.64746 0.6274 0.43262
vn 0.76373 0.6274 -0.15192
vn -0.55062 0.6274 0.55062
vn 0.71942 0.6274 -0.29799
vn -0.43262 0.6274 0.64746
vn 0.64746 0.6274 -0.43262
vn -0.29799 0.6274 0.71942
vn -0.15192 0.6274 -0.76373
vn -0 0.6274 -0.77869
vn 0.55062 0.6274 -0.55062
vn -0.15192 0.6274 0.76373
vn -0.29799 0.6274 -0.71942
vn 0.43262 0.6274 -0.64746
vn 0 0.6274 0.77869
vn -0.43262 0.6274 -0.64746
vn 0.29799 0.6274 -0.71942
vn 0.15192 0.6274 0.76373
vn -0.55062 0.6274 -0.55062
vn 0.15192 0.6274 -0.76373
vn 0.29799 0.6274 0.71942
vn -0.76084 0.40334 -0.50837
vn -0.64704 0.40334 -0.64704
vn 0.07283 -0.92771 0.36613
vn -0.02339 -0.99279 -0.11757
vn 0.50837 0.40334 0.76084
vn 0.35017 0.40334 0.8454
vn -0.8454 0.40334 -0.35017
vn 0.64704 0.40334 0.64704
vn -0.89747 0.40334 -0.17852
vn 0.76084 0.40334 0.50837
vn -0.91505 0.40334 -0
vn 0.8454 0.40334 0.35017
vn -0.89747 0.40334 0.17852
vn 0.89747 0.40334 0.17852
vn -0.8454 0.40334 0.35017
vn 0.91505 0.40334 -0
vn -0.76084 0.40334 0.50837
vn 0.89747 0.40334 -0.17852
vn -0.64704 0.40334 0.64704
vn 0.8454 0.40334 -0.35017
vn -0.50837 0.40334 0.76084
vn 0.76084 0.40334 -0.50837
vn -0.35017 0.40334 0.8454
vn 0.17852 0.40334 -0.89747
vn 0.64704 0.40334 -0.64704
vn -0.17852 0.40334 0.89747
vn -0.35017 0.40334 -0.8454
vn 0.50837 0.40334 -0.76084
vn 0 0.40334 0.91505
vn -0.50837 0.40334 -0.76084
vn 0.35017 0.40334 -0.8454
vn 0.17852 0.40334 0.89747
vn -0.08708 -0.9961 0.01451
vn -0.07387 -0.99725 0.00603
vn 0.06906 -0.99752 -0.01374
vn 0.07055 -0.99725 0.0227
vn -0.04644 -0.99879 -0.01644
vn 0.03661 -0.99879 0.03296
vn 0 -1 -0
vn -0.03771 -0.9987 -0.0342
vn -0.01505 -0.99702 -0.07568
vn 0 -1 0
vn 0.04447 -0.99879 0.02121
vn 0.07072 -0.9961 -0.05281
vn 0 -1 0
vn -0 -0.99909 0.04262
vn -0.04644 -0.99879 0.01644
vn -0.03947 -0.99879 -0.02948
vn 0.00476 -0.9997 0.02392
vn -0.03014 -0.99909 -0.03014
vn 0.00831 -0.99909 -0.0418
vn 0.06594 -0.99725 0.03384
vn -0.02028 -0.9997 -0.01355
vn 0.03912 -0.99752 0.05854
vn -0.03937 -0.99909 -0.01631
vn 0.00603 -0.99725 0.07387
vn -0.00258 -0.99879 -0.0492
vn -0.01644 -0.99879 0.04644
vn -0.01213 -0.99879 0.04775
vn 0 -1 0
vn -0.04868 -0.99422 0.0957
vn 0.02121 -0.99879 -0.04447
vn -0.0964 -0.99454 0.03993
vn 0.0565 -0.99725 -0.04797
vn 0.02903 -0.98887 0.14593
vn -0 -0.98887 0.14879
vn -0.11523 -0.80692 -0.57931
vn -0 -0.80692 -0.59066
vn -0.1674 -0.51358 -0.84155
vn -0 -0.51358 -0.85804
vn -0.19314 -0.14093 -0.971
vn -0 -0.14093 -0.99002
vn -0.19126 0.19714 -0.96154
vn -0 0.19714 -0.98038
vn 0.05694 -0.98887 0.13747
vn -0.22603 -0.80692 -0.54569
vn -0.32836 -0.51358 -0.79273
vn -0.37886 -0.14093 -0.91466
vn -0.37517 0.19714 -0.90575
vn 0.08267 -0.98887 0.12372
vn -0.32815 -0.80692 -0.49111
vn -0.4767 -0.51358 -0.71343
vn -0.55003 -0.14093 -0.82317
vn -0.54467 0.19714 -0.81515
vn 0.10521 -0.98887 0.10521
vn -0.41766 -0.80692 -0.41766
vn -0.60673 -0.51358 -0.60673
vn -0.70005 -0.14093 -0.70005
vn -0.69323 0.19714 -0.69323
vn 0.12372 -0.98887 0.08267
vn -0.49111 -0.80692 -0.32815
vn -0.71343 -0.51358 -0.4767
vn -0.82317 -0.14093 -0.55003
vn -0.81515 0.19714 -0.54467
vn 0.13747 -0.98887 0.05694
vn -0.54569 -0.80692 -0.22603
vn -0.79273 -0.51358 -0.32836
vn -0.91466 -0.14093 -0.37886
vn -0.90575 0.19714 -0.37517
vn 0.14593 -0.98887 0.02903
vn -0.57931 -0.80692 -0.11523
vn -0.84155 -0.51358 -0.1674
vn -0.971 -0.14093 -0.19314
vn -0.96154 0.19714 -0.19126
vn 0.14879 -0.98887 0
vn -0.59066 -0.80692 -0
vn -0.85804 -0.51358 -0
vn -0.99002 -0.14093 -0
vn -0.98038 0.19714 -0
vn 0.14593 -0.98887 -0.02903
vn -0.57931 -0.80692 0.11523
vn -0.84155 -0.51358 0.1674
vn -0.971 -0.14093 0.19314
vn -0.96154 0.19714 0.19126
vn 0.13747 -0.98887 -0.05694
vn -0.54569 -0.80692 0.22603
vn -0.79273 -0.51358 0.32836
vn -0.91466 -0.14093 0.37886
vn -0.90575 0.19714 0.37517
vn 0.12372 -0.98887 -0.08267
vn -0.49111 -0.80692 0.32815
vn -0.71343 -0.51358 0.4767
vn -0.82317 -0.14093 0.55003
vn -0.81515 0.19714 0.54467
vn 0.10521 -0.98887 -0.10521
vn -0.41766 -0.80692 0.41766
vn -0.60673 -0.51358 0.60673
vn -0.70005 -0.14093 0.70005
vn -0.69323 0.19714 0.69323
vn 0.08267 -0.98887 -0.12372
vn -0.32815 -0.80692 0.49111
vn -0.4767 -0.51358 0.71343
vn -0.55003 -0.14093 0.82317
vn -0.54467 0.19714 0.81515
vn 0.05694 -0.98887 -0.13747
vn -0.22603 -0.80692 0.54569
vn -0.32836 -0.51358 0.79273
vn -0.37886 -0.14093 0.91466
vn -0.37517 0.19714 0.90575
vn 0.02903 -0.98887 -0.14593
vn -0.11523 -0.80692 0.57931
vn -0.1674 -0.51358 0.84155
vn -0.19314 -0.14093 0.971
vn -0.19126 0.19714 0.96154
vn -0 -0.98887 -0.14879
vn -0 -0.80692 0.59066
vn 0 -0.51358 0.85804
vn 0 -0.14093 0.99002
vn 0 0.19714 0.98038
vn -0.02903 -0.98887 -0.14593
vn 0.11523 -0.80692 0.57931
vn 0.1674 -0.51358 0.84155
vn 0.19314 -0.14093 0.971
vn 0.19126 0.19714 0.96154
vn -0.05694 -0.98887 -0.13747
vn 0.22603 -0.80692 0.54569
vn 0.32836 -0.51358 0.79273
vn 0.37886 -0.14093 0.91466
vn 0.37517 0.19714 0.90575
vn -0.08267 -0.98887 -0.12372
vn 0.32815 -0.80692 0.49111
vn 0.4767 -0.51358 0.71343
vn 0.55003 -0.14093 0.82317
vn 0.54467 0.19714 0.81515
vn -0.10521 -0.98887 -0.10521
vn 0.41766 -0.80692 0.41766
vn 0.60673 -0.51358 0.60673
vn 0.70005 -0.14093 0.70005
vn 0.69323 0.19714 0.69323
vn -0.12372 -0.98887 -0.08267
vn 0.49111 -0.80692 0.32815
vn 0.71343 -0.51358 0.4767
vn 0.82317 -0.14093 0.55003
vn 0.81515 0.19714 0.54467
vn -0.13747 -0.98887 -0.05694
vn 0.54569 -0.80692 0.22603
vn 0.79273 -0.51358 0.32836
vn 0.91466 -0.14093 0.37886
vn 0.90575 0.19714 0.37517
vn -0.14593 -0.98887 -0.02903
vn 0.57931 -0.80692 0.11523
vn 0.84155 -0.51358 0.1674
vn 0.971 -0.14093 0.19314
vn 0.96154 0.19714 0.19126
vn -0.14879 -0.98887 -0
vn 0.59066 -0.80692 0
vn 0.85804 -0.51358 0
vn 0.99002 -0.14093 0
vn 0.98038 0.19714 0
vn -0.14593 -0.98887 0.02903
vn 0.57931 -0.80692 -0.11523
vn 0.84155 -0.51358 -0.1674
vn 0.971 -0.14093 -0.19314
vn 0.96154 0.19714 -0.19126
vn -0.13747 -0.98887 0.05694
vn 0.54569 -0.80692 -0.22603
vn 0.79273 -0.51358 -0.32836
vn 0.91466 -0.14093 -0.37886
vn 0.90575 0.19714 -0.37517
vn -0.12372 -0.98887 0.08267
vn 0.49111 -0.80692 -0.32815
vn 0.71343 -0.51358 -0.4767
vn 0.82317 -0.14093 -0.55003
vn 0.81515 0.19714 -0.54467
vn -0.10521 -0.98887 0.10521
vn 0.41766 -0.80692 -0.41766
vn 0.60673 -0.51358 -0.60673
vn 0.70005 -0.14093 -0.70005
vn 0.69323 0.19714 -0.69323
vn -0.08267 -0.98887 0.12372
vn 0.32815 -0.80692 -0.49111
vn 0.4767 -0.51358 -0.71343
vn 0.55003 -0.14093 -0.82317
vn 0.54467 0.19714 -0.81515
vn -0.05694 -0.98887 0.13747
vn 0.22603 -0.80692 -0.54569
vn 0.32836 -0.51358 -0.79273
vn 0.37886 -0.14093 -0.91466
vn 0.37517 0.19714 -0.90575
vn -0.02903 -0.98887 0.14593
vn 0.11523 -0.80692 -0.57931
vn 0.1674 -0.51358 -0.84155
vn 0.19314 -0.14093 -0.971
vn 0.19126 0.19714 -0.96154
vt 0 0
usemtl mat0
f 1/1/1 2/1/2 3/1/3
f 1/1/1 3/1/3 4/1/4
f 5/1/5 6/1/6 7/1/7
f 5/1/5 7/1/7 8/1/8
f 9/1/9 10/1/10 11/1/11
f 9/1/9 11/1/11 12/1/12
f 2/1/2 13/1/13 14/1/14
f 2/1/2 14/1/14 3/1/3
f 6/1/6 15/1/15 16/1/8
f 6/1/6 16/1/8 7/1/7
f 13/1/13 17/1/16 18/1/8
f 13/1/13 18/1/8 14/1/14
f 15/1/15 19/1/17 20/1/8
f 15/1/15 20/1/8 16/1/8
f 17/1/16 21/1/18 22/1/8
f 17/1/16 22/1/8 18/1/8
f 19/1/17 23/1/19 24/1/20
f 19/1/17 24/1/20 20/1/8
f 21/1/18 25/1/21 26/1/8
f 21/1/18 26/1/8 22/1/8
f 23/1/19 27/1/22 28/1/23
f 23/1/19 28/1/23 24/1/20
f 25/1/21 29/1/24 30/1/25
f 25/1/21 30/1/25 26/1/8
f 27/1/22 31/1/26 32/1/27
f 27/1/22 32/1/27 28/1/23
f 29/1/24 33/1/28 34/1/29
f 29/1/24 34/1/29 30/1/25
f 31/1/26 35/1/30 36/1/31
f 31/1/26 36/1/31 32/1/27
f 33/1/28 37/1/32 38/1/33
f 33/1/28 38/1/33 34/1/29
f 35/1/30 39/1/34 40/1/8
f 35/1/30 40/1/8 36/1/31
f 37/1/32 41/1/35 42/1/8
f 37/1/32 42/1/8 38/1/33
f 39/1/34 43/1/36 44/1/8
f 39/1/34 44/1/8 40/1/8
f 41/1/35 45/1/37 46/1/8
f 41/1/35 46/1/8 42/1/8
f 43/1/36 47/1/38 48/1/8
f 43/1/36 48/1/8 44/1/8
f 49/1/39 50/1/40 51/1/8
f 49/1/39 51/1/8 52/1/41
f 45/1/37 53/1/42 54/1/8
f 45/1/37 54/1/8 46/1/8
f 47/1/38 55/1/43 56/1/44
f 47/1/38 56/1/44 48/1/8
f 57/1/45 58/1/46 59/1/8
f 57/1/45 59/1/8 60/1/8
f 53/1/42 61/1/47 62/1/8
f 53/1/42 62/1/8 54/1/8
f 55/1/43 63/1/48 64/1/8
f 55/1/43 64/1/8 56/1/44
f 58/1/46 65/1/49 66/1/50
f 58/1/46 66/1/50 59/1/8
f 61/1/47 49/1/39 52/1/41
f 61/1/47 52/1/41 62/1/8
f 63/1/48 1/1/1 4/1/4
f 63/1/48 4/1/4 64/1/8
f 65/1/49 5/1/5 8/1/8
f 65/1/49 8/1/8 66/1/50
f 11/1/11 67/1/51 68/1/52
f 11/1/11 68/1/52 69/1/53
f 70/1/54 71/1/55 72/1/56
f 70/1/54 72/1/56 73/1/57
f 74/1/58 75/1/59 76/1/60
f 74/1/58 76/1/60 77/1/61
f 78/1/62 70/1/54 73/1/57
f 78/1/62 73/1/57 79/1/63
f 80/1/64 74/1/58 77/1/61
f 80/1/64 77/1/61 81/1/65
f 82/1/66 78/1/62 79/1/63
f 82/1/66 79/1/63 83/1/67
f 84/1/68 80/1/64 81/1/65
f 84/1/68 81/1/65 85/1/69
f 86/1/70 82/1/66 83/1/67
f 86/1/70 83/1/67 87/1/71
f 88/1/72 84/1/68 85/1/69
f 88/1/72 85/1/69 89/1/73
f 90/1/74 86/1/70 87/1/71
f 90/1/74 87/1/71 91/1/75
f 92/1/76 88/1/72 89/1/73
f 92/1/76 89/1/73 93/1/77
f 94/1/78 90/1/74 91/1/75
f 94/1/78 91/1/75 95/1/79
f 96/1/80 92/1/76 93/1/77
f 96/1/80 93/1/77 97/1/81
f 98/1/82 94/1/78 95/1/79
f 98/1/82 95/1/79 99/1/83
f 100/1/84 96/1/80 97/1/81
f 100/1/84 97/1/81 101/1/85
f 102/1/86 98/1/82 99/1/83
f 102/1/86 99/1/83 103/1/87
f 104/1/88 100/1/84 101/1/85
f 104/1/88 101/1/85 105/1/89
f 106/1/90 102/1/86 103/1/87
f 106/1/90 103/1/87 107/1/91
f 108/1/92 104/1/88 105/1/89
f 108/1/92 105/1/89 109/1/93
f 12/1/12 11/1/11 69/1/53
f 12/1/12 69/1/53 110/1/94
f 111/1/95 106/1/90 107/1/91
f 111/1/95 107/1/91 112/1/96
f 113/1/97 108/1/92 109/1/93
f 113/1/97 109/1/93 114/1/98
f 115/1/99 12/1/12 110/1/94
f 115/1/99 110/1/94 116/1/100
f 117/1/101 111/1/95 112/1/96
f 117/1/101 112/1/96 118/1/102
f 119/1/103 113/1/97 114/1/98
f 119/1/103 114/1/98 120/1/104
f 121/1/105 115/1/99 116/1/100
f 121/1/105 116/1/100 122/1/106
f 123/1/107 117/1/101 118/1/102
f 123/1/107 118/1/102 124/1/108
f 125/1/109 119/1/103 120/1/104
f 125/1/109 120/1/104 126/1/110
f 127/1/111 121/1/105 122/1/106
f 127/1/111 122/1/106 128/1/112
f 67/1/51 123/1/107 124/1/108
f 67/1/51 124/1/108 68/1/52
f 71/1/55 125/1/109 126/1/110
f 71/1/55 126/1/110 72/1/56
f 75/1/59 127/1/111 128/1/112
f 75/1/59 128/1/112 76/1/60
f 122/1/106 116/1/100 129/1/113
f 122/1/106 129/1/113 130/1/114
f 124/1/108 118/1/102 131/1/115
f 124/1/108 131/1/115 132/1/116
f 126/1/110 120/1/104 133/1/117
f 126/1/110 133/1/117 134/1/118
f 128/1/112 122/1/106 130/1/114
f 128/1/112 130/1/114 135/1/119
f 68/1/52 124/1/108 132/1/116
f 68/1/52 132/1/116 136/1/120
f 72/1/56 126/1/110 134/1/118
f 72/1/56 134/1/118 137/1/121
f 76/1/60 128/1/112 135/1/119
f 76/1/60 135/1/119 138/1/122
f 69/1/53 68/1/52 136/1/120
f 69/1/53 136/1/120 139/1/123
f 73/1/57 72/1/56 137/1/121
f 73/1/57 137/1/121 140/1/124
f 77/1/61 76/1/60 138/1/122
f 77/1/61 138/1/122 141/1/125
f 79/1/63 73/1/57 140/1/124
f 79/1/63 140/1/124 142/1/126
f 81/1/65 77/1/61 141/1/125
f 81/1/65 141/1/125 143/1/127
f 83/1/67 79/1/63 142/1/126
f 83/1/67 142/1/126 144/1/128
f 85/1/69 81/1/65 143/1/127
f 85/1/69 143/1/127 145/1/129
f 87/1/71 83/1/67 144/1/128
f 87/1/71 144/1/128 146/1/130
f 89/1/73 85/1/69 145/1/129
f 89/1/73 145/1/129 147/1/131
f 91/1/75 87/1/71 146/1/130
f 91/1/75 146/1/130 148/1/132
f 93/1/77 89/1/73 147/1/131
f 93/1/77 147/1/131 149/1/133
f 95/1/79 91/1/75 148/1/132
f 95/1/79 148/1/132 150/1/134
f 97/1/81 93/1/77 149/1/133
f 97/1/81 149/1/133 151/1/135
f 99/1/83 95/1/79 150/1/134
f 99/1/83 150/1/134 152/1/136
f 101/1/85 97/1/81 151/1/135
f 101/1/85 151/1/135 153/1/137
f 103/1/87 99/1/83 152/1/136
f 103/1/87 152/1/136 154/1/138
f 105/1/89 101/1/85 153/1/137
f 105/1/89 153/1/137 155/1/139
f 107/1/91 103/1/87 154/1/138
f 107/1/91 154/1/138 156/1/140
f 109/1/93 105/1/89 155/1/139
f 109/1/93 155/1/139 157/1/141
f 110/1/94 69/1/53 139/1/123
f 110/1/94 139/1/123 158/1/142
f 112/1/96 107/1/91 156/1/140
f 112/1/96 156/1/140 159/1/143
f 114/1/98 109/1/93 157/1/141
f 114/1/98 157/1/141 160/1/144
f 116/1/100 110/1/94 158/1/142
f 116/1/100 158/1/142 129/1/113
f 118/1/102 112/1/96 159/1/143
f 118/1/102 159/1/143 131/1/115
f 120/1/104 114/1/98 160/1/144
f 120/1/104 160/1/144 133/1/117
f 141/1/125 138/1/122 161/1/145
f 141/1/125 161/1/145 162/1/146
f 142/1/126 140/1/124 163/1/147
f 142/1/126 163/1/147 164/1/148
f 143/1/127 141/1/125 162/1/146
f 143/1/127 162/1/146 165/1/149
f 144/1/128 142/1/126 164/1/148
f 144/1/128 164/1/148 166/1/150
f 145/1/129 143/1/127 165/1/149
f 145/1/129 165/1/149 167/1/151
f 146/1/130 144/1/128 166/1/150
f 146/1/130 166/1/150 168/1/152
f 147/1/131 145/1/129 167/1/151
f 147/1/131 167/1/151 169/1/153
f 148/1/132 146/1/130 168/1/152
f 148/1/132 168/1/152 170/1/154
f 149/1/133 147/1/131 169/1/153
f 149/1/133 169/1/153 171/1/155
f 150/1/134 148/1/132 170/1/154
f 150/1/134 170/1/154 172/1/156
f 151/1/135 149/1/133 171/1/155
f 151/1/135 171/1/155 173/1/157
f 152/1/136 150/1/134 172/1/156
f 152/1/136 172/1/156 174/1/158
f 153/1/137 151/1/135 173/1/157
f 153/1/137 173/1/157 175/1/159
f 154/1/138 152/1/136 174/1/158
f 154/1/138 174/1/158 176/1/160
f 155/1/139 153/1/137 175/1/159
f 155/1/139 175/1/159 177/1/161
f 156/1/140 154/1/138 176/1/160
f 156/1/140 176/1/160 178/1/162
f 157/1/141 155/1/139 177/1/161
f 157/1/141 177/1/161 179/1/163
f 158/1/142 139/1/123 180/1/164
f 158/1/142 180/1/164 181/1/165
f 159/1/143 156/1/140 178/1/162
f 159/1/143 178/1/162 182/1/166
f 160/1/144 157/1/141 179/1/163
f 160/1/144 179/1/163 183/1/167
f 129/1/113 158/1/142 181/1/165
f 129/1/113 181/1/165 184/1/168
f 131/1/115 159/1/143 182/1/166
f 131/1/115 182/1/166 185/1/169
f 133/1/117 160/1/144 183/1/167
f 133/1/117 183/1/167 186/1/170
f 130/1/114 129/1/113 184/1/168
f 130/1/114 184/1/168 187/1/171
f 132/1/116 131/1/115 185/1/169
f 132/1/116 185/1/169 188/1/172
f 134/1/118 133/1/117 186/1/170
f 134/1/118 186/1/170 189/1/173
f 135/1/119 130/1/114 187/1/171
f 135/1/119 187/1/171 190/1/174
f 136/1/120 132/1/116 188/1/172
f 136/1/120 188/1/172 191/1/175
f 137/1/121 134/1/118 189/1/173
f 137/1/121 189/1/173 192/1/176
f 138/1/122 135/1/119 190/1/174
f 138/1/122 190/1/174 161/1/145
f 139/1/123 136/1/120 191/1/175
f 139/1/123 191/1/175 180/1/164
f 140/1/124 137/1/121 192/1/176
f 140/1/124 192/1/176 163/1/147
f 193/1/177 194/1/178 127/1/111
f 193/1/177 127/1/111 75/1/59
f 195/1/179 57/1/45 60/1/8
f 195/1/179 60/1/8 196/1/23
f 197/1/180 198/1/181 71/1/55
f 197/1/180 71/1/55 70/1/54
f 199/1/182 193/1/177 75/1/59
f 199/1/182 75/1/59 74/1/58
f 200/1/183 197/1/180 70/1/54
f 200/1/183 70/1/54 78/1/62
f 201/1/184 199/1/182 74/1/58
f 201/1/184 74/1/58 80/1/64
f 202/1/185 200/1/183 78/1/62
f 202/1/185 78/1/62 82/1/66
f 203/1/186 201/1/184 80/1/64
f 203/1/186 80/1/64 84/1/68
f 204/1/187 202/1/185 82/1/66
f 204/1/187 82/1/66 86/1/70
f 205/1/188 203/1/186 84/1/68
f 205/1/188 84/1/68 88/1/72
f 206/1/189 204/1/187 86/1/70
f 206/1/189 86/1/70 90/1/74
f 207/1/190 205/1/188 88/1/72
f 207/1/190 88/1/72 92/1/76
f 208/1/191 206/1/189 90/1/74
f 208/1/191 90/1/74 94/1/78
f 209/1/192 207/1/190 92/1/76
f 209/1/192 92/1/76 96/1/80
f 210/1/193 208/1/191 94/1/78
f 210/1/193 94/1/78 98/1/82
f 211/1/194 209/1/192 96/1/80
f 211/1/194 96/1/80 100/1/84
f 212/1/195 210/1/193 98/1/82
f 212/1/195 98/1/82 102/1/86
f 213/1/196 211/1/194 100/1/84
f 213/1/196 100/1/84 104/1/88
f 214/1/197 212/1/195 102/1/86
f 214/1/197 102/1/86 106/1/90
f 215/1/198 213/1/196 104/1/88
f 215/1/198 104/1/88 108/1/92
f 10/1/10 216/1/199 67/1/51
f 10/1/10 67/1/51 11/1/11
f 217/1/200 214/1/197 106/1/90
f 217/1/200 106/1/90 111/1/95
f 218/1/201 215/1/198 108/1/92
f 218/1/201 108/1/92 113/1/97
f 219/1/202 9/1/9 12/1/12
f 219/1/202 12/1/12 115/1/99
f 220/1/203 217/1/200 111/1/95
f 220/1/203 111/1/95 117/1/101
f 221/1/204 218/1/201 113/1/97
f 221/1/204 113/1/97 119/1/103
f 222/1/205 219/1/202 115/1/99
f 222/1/205 115/1/99 121/1/105
f 223/1/206 220/1/203 117/1/101
f 223/1/206 117/1/101 123/1/107
f 224/1/207 221/1/204 119/1/103
f 224/1/207 119/1/103 125/1/109
f 194/1/178 222/1/205 121/1/105
f 194/1/178 121/1/105 127/1/111
f 216/1/199 223/1/206 123/1/107
f 216/1/199 123/1/107 67/1/51
f 198/1/181 224/1/207 125/1/109
f 198/1/181 125/1/109 71/1/55
f 32/1/27 36/1/31 225/1/208
f 32/1/27 225/1/208 226/1/8
f 34/1/29 38/1/33 227/1/8
f 34/1/29 227/1/8 228/1/8
f 36/1/31 40/1/8 229/1/208
f 36/1/31 229/1/208 225/1/208
f 38/1/33 42/1/8 230/1/208
f 38/1/33 230/1/208 227/1/8
f 40/1/8 44/1/8 231/1/8
f 40/1/8 231/1/8 229/1/208
f 51/1/8 196/1/23 232/1/8
f 51/1/8 232/1/8 233/1/8
f 42/1/8 46/1/8 234/1/208
f 42/1/8 234/1/208 230/1/208
f 44/1/8 48/1/8 235/1/8
f 44/1/8 235/1/8 231/1/8
f 196/1/23 60/1/8 236/1/8
f 196/1/23 236/1/8 232/1/8
f 46/1/8 54/1/8 237/1/8
f 46/1/8 237/1/8 234/1/208
f 48/1/8 56/1/44 238/1/8
f 48/1/8 238/1/8 235/1/8
f 60/1/8 59/1/8 239/1/8
f 60/1/8 239/1/8 236/1/8
f 54/1/8 62/1/8 240/1/8
f 54/1/8 240/1/8 237/1/8
f 56/1/44 64/1/8 241/1/208
f 56/1/44 241/1/208 238/1/8
f 59/1/8 66/1/50 242/1/208
f 59/1/8 242/1/208 239/1/8
f 62/1/8 52/1/41 243/1/208
f 62/1/8 243/1/208 240/1/8
f 64/1/8 4/1/4 244/1/208
f 64/1/8 244/1/208 241/1/208
f 66/1/50 8/1/8 245/1/208
f 66/1/50 245/1/208 242/1/208
f 52/1/41 51/1/8 233/1/8
f 52/1/41 233/1/8 243/1/208
f 4/1/4 3/1/3 246/1/8
f 4/1/4 246/1/8 244/1/208
f 8/1/8 7/1/7 247/1/8
f 8/1/8 247/1/8 245/1/208
f 3/1/3 14/1/14 248/1/8
f 3/1/3 248/1/8 246/1/8
f 7/1/7 16/1/8 249/1/8
f 7/1/7 249/1/8 247/1/8
f 14/1/14 18/1/8 250/1/208
f 14/1/14 250/1/208 248/1/8
f 16/1/8 20/1/8 251/1/8
f 16/1/8 251/1/8 249/1/8
f 18/1/8 22/1/8 252/1/208
f 18/1/8 252/1/208 250/1/208
f 20/1/8 24/1/20 253/1/8
f 20/1/8 253/1/8 251/1/8
f 22/1/8 26/1/8 254/1/8
f 22/1/8 254/1/8 252/1/208
f 24/1/20 28/1/23 255/1/8
f 24/1/20 255/1/8 253/1/8
f 26/1/8 30/1/25 256/1/8
f 26/1/8 256/1/8 254/1/8
f 28/1/23 32/1/27 226/1/8
f 28/1/23 226/1/8 255/1/8
f 30/1/25 34/1/29 228/1/8
f 30/1/25 228/1/8 256/1/8
f 233/1/8 232/1/8 236/1/8
f 236/1/8 239/1/8 242/1/208
f 242/1/208 245/1/208 247/1/8
f 247/1/8 249/1/8 251/1/8
f 251/1/8 253/1/8 255/1/8
f 255/1/8 226/1/8 225/1/208
f 225/1/208 229/1/208 231/1/8
f 231/1/8 235/1/8 238/1/8
f 238/1/8 241/1/208 244/1/208
f 244/1/208 246/1/8 248/1/8
f 248/1/8 250/1/208 252/1/208
f 252/1/208 254/1/8 256/1/8
f 256/1/8 228/1/8 227/1/8
f 227/1/8 230/1/208 234/1/208
f 234/1/208 237/1/8 240/1/8
f 240/1/8 243/1/208 233/1/8
f 233/1/8 236/1/8 242/1/208
f 242/1/208 247/1/8 251/1/8
f 251/1/8 255/1/8 225/1/208
f 225/1/208 231/1/8 238/1/8
f 238/1/8 244/1/208 248/1/8
f 248/1/8 252/1/208 256/1/8
f 256/1/8 227/1/8 234/1/208
f 234/1/208 240/1/8 233/1/8
f 233/1/8 242/1/208 251/1/8
f 251/1/8 225/1/208 238/1/8
f 238/1/8 248/1/8 256/1/8
f 256/1/8 234/1/208 233/1/8
f 233/1/8 251/1/8 238/1/8
f 238/1/8 256/1/8 233/1/8
f 195/1/179 50/1/40 257/1/209
f 195/1/179 257/1/209 258/1/210
f 258/1/210 257/1/209 259/1/211
f 258/1/210 259/1/211 260/1/212
f 260/1/212 259/1/211 261/1/213
f 260/1/212 261/1/213 262/1/214
f 262/1/214 261/1/213 263/1/215
f 262/1/214 263/1/215 264/1/216
f 264/1/216 263/1/215 265/1/217
f 264/1/216 265/1/217 266/1/218
f 266/1/218 265/1/217 10/1/10
f 266/1/218 10/1/10 9/1/9
f 57/1/45 195/1/179 258/1/210
f 57/1/45 258/1/210 267/1/219
f 267/1/219 258/1/210 260/1/212
f 267/1/219 260/1/212 268/1/220
f 268/1/220 260/1/212 262/1/214
f 268/1/220 262/1/214 269/1/221
f 269/1/221 262/1/214 264/1/216
f 269/1/221 264/1/216 270/1/222
f 270/1/222 264/1/216 266/1/218
f 270/1/222 266/1/218 271/1/223
f 271/1/223 266/1/218 9/1/9
f 271/1/223 9/1/9 219/1/202
f 58/1/46 57/1/45 267/1/219
f 58/1/46 267/1/219 272/1/224
f 272/1/224 267/1/219 268/1/220
f 272/1/224 268/1/220 273/1/225
f 273/1/225 268/1/220 269/1/221
f 273/1/225 269/1/221 274/1/226
f 274/1/226 269/1/221 270/1/222
f 274/1/226 270/1/222 275/1/227
f 275/1/227 270/1/222 271/1/223
f 275/1/227 271/1/223 276/1/228
f 276/1/228 271/1/223 219/1/202
f 276/1/228 219/1/202 222/1/205
f 65/1/49 58/1/46 272/1/224
f 65/1/49 272/1/224 277/1/229
f 277/1/229 272/1/224 273/1/225
f 277/1/229 273/1/225 278/1/230
f 278/1/230 273/1/225 274/1/226
f 278/1/230 274/1/226 279/1/231
f 279/1/231 274/1/226 275/1/227
f 279/1/231 275/1/227 280/1/232
f 280/1/232 275/1/227 276/1/228
f 280/1/232 276/1/228 281/1/233
f 281/1/233 276/1/228 222/1/205
f 281/1/233 222/1/205 194/1/178
f 5/1/5 65/1/49 277/1/229
f 5/1/5 277/1/229 282/1/234
f 282/1/234 277/1/229 278/1/230
f 282/1/234 278/1/230 283/1/235
f 283/1/235 278/1/230 279/1/231
f 283/1/235 279/1/231 284/1/236
f 284/1/236 279/1/231 280/1/232
f 284/1/236 280/1/232 285/1/237
f 285/1/237 280/1/232 281/1/233
f 285/1/237 281/1/233 286/1/238
f 286/1/238 281/1/233 194/1/178
f 286/1/238 194/1/178 193/1/177
f 6/1/6 5/1/5 282/1/234
f 6/1/6 282/1/234 287/1/239
f 287/1/239 282/1/234 283/1/235
f 287/1/239 283/1/235 288/1/240
f 288/1/240 283/1/235 284/1/236
f 288/1/240 284/1/236 289/1/241
f 289/1/241 284/1/236 285/1/237
f 289/1/241 285/1/237 290/1/242
f 290/1/242 285/1/237 286/1/238
f 290/1/242 286/1/238 291/1/243
f 291/1/243 286/1/238 193/1/177
f 291/1/243 193/1/177 199/1/182
f 15/1/15 6/1/6 287/1/239
f 15/1/15 287/1/239 292/1/244
f 292/1/244 287/1/239 288/1/240
f 292/1/244 288/1/240 293/1/245
f 293/1/245 288/1/240 289/1/241
f 293/1/245 289/1/241 294/1/246
f 294/1/246 289/1/241 290/1/242
f 294/1/246 290/1/242 295/1/247
f 295/1/247 290/1/242 291/1/243
f 295/1/247 291/1/243 296/1/248
f 296/1/248 291/1/243 199/1/182
f 296/1/248 199/1/182 201/1/184
f 19/1/17 15/1/15 292/1/244
f 19/1/17 292/1/244 297/1/249
f 297/1/249 292/1/244 293/1/245
f 297/1/249 293/1/245 298/1/250
f 298/1/250 293/1/245 294/1/246
f 298/1/250 294/1/246 299/1/251
f 299/1/251 294/1/246 295/1/247
f 299/1/251 295/1/247 300/1/252
f 300/1/252 295/1/247 296/1/248
f 300/1/252 296/1/248 301/1/253
f 301/1/253 296/1/248 201/1/184
f 301/1/253 201/1/184 203/1/186
f 23/1/19 19/1/17 297/1/249
f 23/1/19 297/1/249 302/1/254
f 302/1/254 297/1/249 298/1/250
f 302/1/254 298/1/250 303/1/255
f 303/1/255 298/1/250 299/1/251
f 303/1/255 299/1/251 304/1/256
f 304/1/256 299/1/251 300/1/252
f 304/1/256 300/1/252 305/1/257
f 305/1/257 300/1/252 301/1/253
f 305/1/257 301/1/253 306/1/258
f 306/1/258 301/1/253 203/1/186
f 306/1/258 203/1/186 205/1/188
f 27/1/22 23/1/19 302/1/254
f 27/1/22 302/1/254 307/1/259
f 307/1/259 302/1/254 303/1/255
f 307/1/259 303/1/255 308/1/260
f 308/1/260 303/1/255 304/1/256
f 308/1/260 304/1/256 309/1/261
f 309/1/261 304/1/256 305/1/257
f 309/1/261 305/1/257 310/1/262
f 310/1/262 305/1/257 306/1/258
f 310/1/262 306/1/258 311/1/263
f 311/1/263 306/1/258 205/1/188
f 311/1/263 205/1/188 207/1/190
f 31/1/26 27/1/22 307/1/259
f 31/1/26 307/1/259 312/1/264
f 312/1/264 307/1/259 308/1/260
f 312/1/264 308/1/260 313/1/265
f 313/1/265 308/1/260 309/1/261
f 313/1/265 309/1/261 314/1/266
f 314/1/266 309/1/261 310/1/262
f 314/1/266 310/1/262 315/1/267
f 315/1/267 310/1/262 311/1/263
f 315/1/267 311/1/263 316/1/268
f 316/1/268 311/1/263 207/1/190
f 316/1/268 207/1/190 209/1/192
f 35/1/30 31/1/26 312/1/264
f 35/1/30 312/1/264 317/1/269
f 317/1/269 312/1/264 313/1/265
f 317/1/269 313/1/265 318/1/270
f 318/1/270 313/1/265 314/1/266
f 318/1/270 314/1/266 319/1/271
f 319/1/271 314/1/266 315/1/267
f 319/1/271 315/1/267 320/1/272
f 320/1/272 315/1/267 316/1/268
f 320/1/272 316/1/268 321/1/273
f 321/1/273 316/1/268 209/1/192
f 321/1/273 209/1/192 211/1/194
f 39/1/34 35/1/30 317/1/269
f 39/1/34 317/1/269 322/1/274
f 322/1/274 317/1/269 318/1/270
f 322/1/274 318/1/270 323/1/275
f 323/1/275 318/1/270 319/1/271
f 323/1/275 319/1/271 324/1/276
f 324/1/276 319/1/271 320/1/272
f 324/1/276 320/1/272 325/1/277
f 325/1/277 320/1/272 321/1/273
f 325/1/277 321/1/273 326/1/278
f 326/1/278 321/1/273 211/1/194
f 326/1/278 211/1/194 213/1/196
f 43/1/36 39/1/34 322/1/274
f 43/1/36 322/1/274 327/1/279
f 327/1/279 322/1/274 323/1/275
f 327/1/279 323/1/275 328/1/280
f 328/1/280 323/1/275 324/1/276
f 328/1/280 324/1/276 329/1/281
f 329/1/281 324/1/276 325/1/277
f 329/1/281 325/1/277 330/1/282
f 330/1/282 325/1/277 326/1/278
f 330/1/282 326/1/278 331/1/283
f 331/1/283 326/1/278 213/1/196
f 331/1/283 213/1/196 215/1/198
f 47/1/38 43/1/36 327/1/279
f 47/1/38 327/1/279 332/1/284
f 332/1/284 327/1/279 328/1/280
f 332/1/284 328/1/280 333/1/285
f 333/1/285 328/1/280 329/1/281
f 333/1/285 329/1/281 334/1/286
f 334/1/286 329/1/281 330/1/282
f 334/1/286 330/1/282 335/1/287
f 335/1/287 330/1/282 331/1/283
f 335/1/287 331/1/283 336/1/288
f 336/1/288 331/1/283 215/1/198
f 336/1/288 215/1/198 218/1/201
f 55/1/43 47/1/38 332/1/284
f 55/1/43 332/1/284 337/1/289
f 337/1/289 332/1/284 333/1/285
f 337/1/289 333/1/285 338/1/290
f 338/1/290 333/1/285 334/1/286
f 338/1/290 334/1/286 339/1/291
f 339/1/291 334/1/286 335/1/287
f 339/1/291 335/1/287 340/1/292
f 340/1/292 335/1/287 336/1/288
f 340/1/292 336/1/288 341/1/293
f 341/1/293 336/1/288 218/1/201
f 341/1/293 218/1/201 221/1/204
f 63/1/48 55/1/43 337/1/289
f 63/1/48 337/1/289 342/1/294
f 342/1/294 337/1/289 338/1/290
f 342/1/294 338/1/290 343/1/295
f 343/1/295 338/1/290 339/1/291
f 343/1/295 339/1/291 344/1/296
f 344/1/296 339/1/291 340/1/292
f 344/1/296 340/1/292 345/1/297
f 345/1/297 340/1/292 341/1/293
f 345/1/297 341/1/293 346/1/298
f 346/1/298 341/1/293 221/1/204
f 346/1/298 221/1/204 224/1/207
f 1/1/1 63/1/48 342/1/294
f 1/1/1 342/1/294 347/1/299
f 347/1/299 342/1/294 343/1/295
f 347/1/299 343/1/295 348/1/300
f 348/1/300 343/1/295 344/1/296
f 348/1/300 344/1/296 349/1/301
f 349/1/301 344/1/296 345/1/297
f 349/1/301 345/1/297 350/1/302
f 350/1/302 345/1/297 346/1/298
f 350/1/302 346/1/298 351/1/303
f 351/1/303 346/1/298 224/1/207
f 351/1/303 224/1/207 198/1/181
f 2/1/2 1/1/1 347/1/299
f 2/1/2 347/1/299 352/1/304
f 352/1/304 347/1/299 348/1/300
f 352/1/304 348/1/300 353/1/305
f 353/1/305 348/1/300 349/1/301
f 353/1/305 349/1/301 354/1/306
f 354/1/306 349/1/301 350/1/302
f 354/1/306 350/1/302 355/1/307
f 355/1/307 350/1/302 351/1/303
f 355/1/307 351/1/303 356/1/308
f 356/1/308 351/1/303 198/1/181
f 356/1/308 198/1/181 197/1/180
f 13/1/13 2/1/2 352/1/304
f 13/1/13 352/1/304 357/1/309
f 357/1/309 352/1/304 353/1/305
f 357/1/309 353/1/305 358/1/310
f 358/1/310 353/1/305 354/1/306
f 358/1/310 354/1/306 359/1/311
f 359/1/311 354/1/306 355/1/307
f 359/1/311 355/1/307 360/1/312
f 360/1/312 355/1/307 356/1/308
f 360/1/312 356/1/308 361/1/313
f 361/1/313 356/1/308 197/1/180
f 361/1/313 197/1/180 200/1/183
f 17/1/16 13/1/13 357/1/309
f 17/1/16 357/1/309 362/1/314
f 362/1/314 357/1/309 358/1/310
f 362/1/314 358/1/310 363/1/315
f 363/1/315 358/1/310 359/1/311
f 363/1/315 359/1/311 364/1/316
f 364/1/316 359/1/311 360/1/312
f 364/1/316 360/1/312 365/1/317
f 365/1/317 360/1/312 361/1/313
f 365/1/317 361/1/313 366/1/318
f 366/1/318 361/1/313 200/1/183
f 366/1/318 200/1/183 202/1/185
f 21/1/18 17/1/16 362/1/314
f 21/1/18 362/1/314 367/1/319
f 367/1/319 362/1/314 363/1/315
f 367/1/319 363/1/315 368/1/320
f 368/1/320 363/1/315 364/1/316
f 368/1/320 364/1/316 369/1/321
f 369/1/321 364/1/316 365/1/317
f 369/1/321 365/1/317 370/1/322
f 370/1/322 365/1/317 366/1/318
f 370/1/322 366/1/318 371/1/323
f 371/1/323 366/1/318 202/1/185
f 371/1/323 202/1/185 204/1/187
f 25/1/21 21/1/18 367/1/319
f 25/1/21 367/1/319 372/1/324
f 372/1/324 367/1/319 368/1/320
f 372/1/324 368/1/320 373/1/325
f 373/1/325 368/1/320 369/1/321
f 373/1/325 369/1/321 374/1/326
f 374/1/326 369/1/321 370/1/322
f 374/1/326 370/1/322 375/1/327
f 375/1/327 370/1/322 371/1/323
f 375/1/327 371/1/323 376/1/328
f 376/1/328 371/1/323 204/1/187
f 376/1/328 204/1/187 206/1/189
f 29/1/24 25/1/21 372/1/324
f 29/1/24 372/1/324 377/1/329
f 377/1/329 372/1/324 373/1/325
f 377/1/329 373/1/325 378/1/330
f 378/1/330 373/1/325 374/1/326
f 378/1/330 374/1/326 379/1/331
f 379/1/331 374/1/326 375/1/327
f 379/1/331 375/1/327 380/1/332
f 380/1/332 375/1/327 376/1/328
f 380/1/332 376/1/328 381/1/333
f 381/1/333 376/1/328 206/1/189
f 381/1/333 206/1/189 208/1/191
f 33/1/28 29/1/24 377/1/329
f 33/1/28 377/1/329 382/1/334
f 382/1/334 377/1/329 378/1/330
f 382/1/334 378/1/330 383/1/335
f 383/1/335 378/1/330 379/1/331
f 383/1/335 379/1/331 384/1/336
f 384/1/336 379/1/331 380/1/332
f 384/1/336 380/1/332 385/1/337
f 385/1/337 380/1/332 381/1/333
f 385/1/337 381/1/333 386/1/338
f 386/1/338 381/1/333 208/1/191
f 386/1/338 208/1/191 210/1/193
f 37/1/32 33/1/28 382/1/334
f 37/1/32 382/1/334 387/1/339
f 387/1/339 382/1/334 383/1/335
f 387/1/339 383/1/335 388/1/340
f 388/1/340 383/1/335 384/1/336
f 388/1/340 384/1/336 389/1/341
f 389/1/341 384/1/336 385/1/337
f 389/1/341 385/1/337 390/1/342
f 390/1/342 385/1/337 386/1/338
f 390/1/342 386/1/338 391/1/343
f 391/1/343 386/1/338 210/1/193
f 391/1/343 210/1/193 212/1/195
f 41/1/35 37/1/32 387/1/339
f 41/1/35 387/1/339 392/1/344
f 392/1/344 387/1/339 388/1/340
f 392/1/344 388/1/340 393/1/345
f 393/1/345 388/1/340 389/1/341
f 393/1/345 389/1/341 394/1/346
f 394/1/346 389/1/341 390/1/342
f 394/1/346 390/1/342 395/1/347
f 395/1/347 390/1/342 391/1/343
f 395/1/347 391/1/343 396/1/348
f 396/1/348 391/1/343 212/1/195
f 396/1/348 212/1/195 214/1/197
f 45/1/37 41/1/35 392/1/344
f 45/1/37 392/1/344 397/1/349
f 397/1/349 392/1/344 393/1/345
f 397/1/349 393/1/345 398/1/350
f 398/1/350 393/1/345 394/1/346
f 398/1/350 394/1/346 399/1/351
f 399/1/351 394/1/346 395/1/347
f 399/1/351 395/1/347 400/1/352
f 400/1/352 395/1/347 396/1/348
f 400/1/352 396/1/348 401/1/353
f 401/1/353 396/1/348 214/1/197
f 401/1/353 214/1/197 217/1/200
f 53/1/42 45/1/37 397/1/349
f 53/1/42 397/1/349 402/1/354
f 402/1/354 397/1/349 398/1/350
f 402/1/354 398/1/350 403/1/355
f 403/1/355 398/1/350 399/1/351
f 403/1/355 399/1/351 404/1/356
f 404/1/356 399/1/351 400/1/352
f 404/1/356 400/1/352 405/1/357
f 405/1/357 400/1/352 401/1/353
f 405/1/357 401/1/353 406/1/358
f 406/1/358 401/1/353 217/1/200
f 406/1/358 217/1/200 220/1/203
f 61/1/47 53/1/42 402/1/354
f 61/1/47 402/1/354 407/1/359
f 407/1/359 402/1/354 403/1/355
f 407/1/359 403/1/355 408/1/360
f 408/1/360 403/1/355 404/1/356
f 408/1/360 404/1/356 409/1/361
f 409/1/361 404/1/356 405/1/357
f 409/1/361 405/1/357 410/1/362
f 410/1/362 405/1/357 406/1/358
f 410/1/362 406/1/358 411/1/363
f 411/1/363 406/1/358 220/1/203
f 411/1/363 220/1/203 223/1/206
f 49/1/39 61/1/47 407/1/359
f 49/1/39 407/1/359 412/1/364
f 412/1/364 407/1/359 408/1/360
f 412/1/364 408/1/360 413/1/365
f 413/1/365 408/1/360 409/1/361
f 413/1/365 409/1/361 414/1/366
f 414/1/366 409/1/361 410/1/362
f 414/1/366 410/1/362 415/1/367
f 415/1/367 410/1/362 411/1/363
f 415/1/367 411/1/363 416/1/368
f 416/1/368 411/1/363 223/1/206
f 416/1/368 223/1/206 216/1/199
f 50/1/40 49/1/39 412/1/364
f 50/1/40 412/1/364 257/1/209
f 257/1/209 412/1/364 413/1/365
f 257/1/209 413/1/365 259/1/211
f 259/1/211 413/1/365 414/1/366
f 259/1/211 414/1/366 261/1/213
f 261/1/213 414/1/366 415/1/367
f 261/1/213 415/1/367 263/1/215
f 263/1/215 415/1/367 416/1/368
f 263/1/215 416/1/368 265/1/217
f 265/1/217 416/1/368 216/1/199
f 265/1/217 216/1/199 10/1/10
f 50/1/40 195/1/179 196/1/23
f 50/1/40 196/1/23 51/1/8
f 417/1/369 418/1/370 419/1/371
f 417/1/369 419/1/371 420/1/372
f 421/1/373 422/1/374 423/1/375
f 421/1/373 423/1/375 424/1/376
f 425/1/377 426/1/378 427/1/379
f 425/1/377 427/1/379 428/1/380
f 420/1/372 419/1/371 429/1/381
f 420/1/372 429/1/381 430/1/382
f 424/1/376 423/1/375 431/1/383
f 424/1/376 431/1/383 432/1/384
f 430/1/382 429/1/381 433/1/385
f 430/1/382 433/1/385 434/1/386
f 432/1/384 431/1/383 435/1/387
f 432/1/384 435/1/387 436/1/388
f 434/1/386 433/1/385 437/1/389
f 434/1/386 437/1/389 438/1/390
f 436/1/388 435/1/387 439/1/391
f 436/1/388 439/1/391 440/1/392
f 438/1/390 437/1/389 441/1/393
f 438/1/390 441/1/393 442/1/394
f 440/1/392 439/1/391 443/1/395
f 440/1/392 443/1/395 444/1/396
f 442/1/394 441/1/393 445/1/397
f 442/1/394 445/1/397 446/1/398
f 444/1/396 443/1/395 447/1/399
f 444/1/396 447/1/399 448/1/400
f 446/1/398 445/1/397 449/1/401
f 446/1/398 449/1/401 450/1/402
f 448/1/400 447/1/399 451/1/403
f 448/1/400 451/1/403 452/1/404
f 450/1/402 449/1/401 453/1/405
f 450/1/402 453/1/405 454/1/406
f 452/1/404 451/1/403 455/1/407
f 452/1/404 455/1/407 456/1/408
f 454/1/406 453/1/405 457/1/409
f 454/1/406 457/1/409 458/1/410
f 456/1/408 455/1/407 459/1/411
f 456/1/408 459/1/411 460/1/412
f 458/1/410 457/1/409 461/1/413
f 458/1/410 461/1/413 462/1/414
f 460/1/412 459/1/411 463/1/415
f 460/1/412 463/1/415 464/1/416
f 465/1/417 466/1/418 467/1/419
f 465/1/417 467/1/419 468/1/420
f 462/1/414 461/1/413 469/1/421
f 462/1/414 469/1/421 470/1/422
f 464/1/416 463/1/415 471/1/423
f 464/1/416 471/1/423 472/1/424
f 473/1/425 474/1/426 475/1/427
f 473/1/425 475/1/427 476/1/428
f 470/1/422 469/1/421 477/1/429
f 470/1/422 477/1/429 478/1/430
f 472/1/424 471/1/423 479/1/431
f 472/1/424 479/1/431 480/1/432
f 476/1/428 475/1/427 481/1/433
f 476/1/428 481/1/433 482/1/434
f 478/1/430 477/1/429 466/1/418
f 478/1/430 466/1/418 465/1/417
f 480/1/432 479/1/431 418/1/370
f 480/1/432 418/1/370 417/1/369
f 482/1/434 481/1/433 422/1/374
f 482/1/434 422/1/374 421/1/373
f 427/1/379 483/1/435 484/1/436
f 427/1/379 484/1/436 485/1/437
f 486/1/438 487/1/439 488/1/440
f 486/1/438 488/1/440 489/1/441
f 490/1/442 491/1/443 492/1/444
f 490/1/442 492/1/444 493/1/445
f 494/1/446 495/1/447 487/1/439
f 494/1/446 487/1/439 486/1/438
f 496/1/448 497/1/449 491/1/443
f 496/1/448 491/1/443 490/1/442
f 498/1/450 499/1/451 495/1/447
f 498/1/450 495/1/447 494/1/446
f 500/1/452 501/1/453 497/1/449
f 500/1/452 497/1/449 496/1/448
f 502/1/454 503/1/455 499/1/451
f 502/1/454 499/1/451 498/1/450
f 504/1/456 505/1/457 501/1/453
f 504/1/456 501/1/453 500/1/452
f 506/1/458 507/1/459 503/1/455
f 506/1/458 503/1/455 502/1/454
f 508/1/460 509/1/461 505/1/457
f 508/1/460 505/1/457 504/1/456
f 510/1/462 511/1/463 507/1/459
f 510/1/462 507/1/459 506/1/458
f 512/1/464 513/1/465 509/1/461
f 512/1/464 509/1/461 508/1/460
f 514/1/466 515/1/467 511/1/463
f 514/1/466 511/1/463 510/1/462
f 516/1/468 517/1/469 513/1/465
f 516/1/468 513/1/465 512/1/464
f 518/1/470 519/1/471 515/1/467
f 518/1/470 515/1/467 514/1/466
f 520/1/472 521/1/473 517/1/469
f 520/1/472 517/1/469 516/1/468
f 522/1/474 523/1/475 519/1/471
f 522/1/474 519/1/471 518/1/470
f 524/1/476 525/1/477 521/1/473
f 524/1/476 521/1/473 520/1/472
f 426/1/378 526/1/478 483/1/435
f 426/1/378 483/1/435 427/1/379
f 527/1/479 528/1/480 523/1/475
f 527/1/479 523/1/475 522/1/474
f 529/1/481 530/1/482 525/1/477
f 529/1/481 525/1/477 524/1/476
f 531/1/483 532/1/484 526/1/478
f 531/1/483 526/1/478 426/1/378
f 533/1/485 534/1/486 528/1/480
f 533/1/485 528/1/480 527/1/479
f 535/1/487 536/1/488 530/1/482
f 535/1/487 530/1/482 529/1/481
f 537/1/489 538/1/490 532/1/484
f 537/1/489 532/1/484 531/1/483
f 539/1/491 540/1/492 534/1/486
f 539/1/491 534/1/486 533/1/485
f 541/1/493 542/1/494 536/1/488
f 541/1/493 536/1/488 535/1/487
f 543/1/495 544/1/496 538/1/490
f 543/1/495 538/1/490 537/1/489
f 485/1/437 484/1/436 540/1/492
f 485/1/437 540/1/492 539/1/491
f 489/1/441 488/1/440 542/1/494
f 489/1/441 542/1/494 541/1/493
f 493/1/445 492/1/444 544/1/496
f 493/1/445 544/1/496 543/1/495
f 538/1/490 545/1/497 546/1/498
f 538/1/490 546/1/498 532/1/484
f 540/1/492 547/1/499 548/1/500
f 540/1/492 548/1/500 534/1/486
f 542/1/494 549/1/501 550/1/502
f 542/1/494 550/1/502 536/1/488
f 544/1/496 551/1/503 545/1/497
f 544/1/496 545/1/497 538/1/490
f 484/1/436 552/1/504 547/1/499
f 484/1/436 547/1/499 540/1/492
f 488/1/440 553/1/505 549/1/501
f 488/1/440 549/1/501 542/1/494
f 492/1/444 554/1/506 551/1/503
f 492/1/444 551/1/503 544/1/496
f 483/1/435 555/1/507 552/1/504
f 483/1/435 552/1/504 484/1/436
f 487/1/439 556/1/508 553/1/505
f 487/1/439 553/1/505 488/1/440
f 491/1/443 557/1/509 554/1/506
f 491/1/443 554/1/506 492/1/444
f 495/1/447 558/1/510 556/1/508
f 495/1/447 556/1/508 487/1/439
f 497/1/449 559/1/511 557/1/509
f 497/1/449 557/1/509 491/1/443
f 499/1/451 560/1/512 558/1/510
f 499/1/451 558/1/510 495/1/447
f 501/1/453 561/1/513 559/1/511
f 501/1/453 559/1/511 497/1/449
f 503/1/455 562/1/514 560/1/512
f 503/1/455 560/1/512 499/1/451
f 505/1/457 563/1/515 561/1/513
f 505/1/457 561/1/513 501/1/453
f 507/1/459 564/1/516 562/1/514
f 507/1/459 562/1/514 503/1/455
f 509/1/461 565/1/517 563/1/515
f 509/1/461 563/1/515 505/1/457
f 511/1/463 566/1/518 564/1/516
f 511/1/463 564/1/516 507/1/459
f 513/1/465 567/1/519 565/1/517
f 513/1/465 565/1/517 509/1/461
f 515/1/467 568/1/520 566/1/518
f 515/1/467 566/1/518 511/1/463
f 517/1/469 569/1/521 567/1/519
f 517/1/469 567/1/519 513/1/465
f 519/1/471 570/1/522 568/1/520
f 519/1/471 568/1/520 515/1/467
f 521/1/473 571/1/523 569/1/521
f 521/1/473 569/1/521 517/1/469
f 523/1/475 572/1/524 570/1/522
f 523/1/475 570/1/522 519/1/471
f 525/1/477 573/1/525 571/1/523
f 525/1/477 571/1/523 521/1/473
f 526/1/478 574/1/526 555/1/507
f 526/1/478 555/1/507 483/1/435
f 528/1/480 575/1/527 572/1/524
f 528/1/480 572/1/524 523/1/475
f 530/1/482 576/1/528 573/1/525
f 530/1/482 573/1/525 525/1/477
f 532/1/484 546/1/498 574/1/526
f 532/1/484 574/1/526 526/1/478
f 534/1/486 548/1/500 575/1/527
f 534/1/486 575/1/527 528/1/480
f 536/1/488 550/1/502 576/1/528
f 536/1/488 576/1/528 530/1/482
f 557/1/509 577/1/529 578/1/530
f 557/1/509 578/1/530 554/1/506
f 558/1/510 579/1/531 580/1/532
f 558/1/510 580/1/532 556/1/508
f 559/1/511 581/1/533 577/1/529
f 559/1/511 577/1/529 557/1/509
f 560/1/512 582/1/534 579/1/531
f 560/1/512 579/1/531 558/1/510
f 561/1/513 583/1/535 581/1/533
f 561/1/513 581/1/533 559/1/511
f 562/1/514 584/1/536 582/1/534
f 562/1/514 582/1/534 560/1/512
f 563/1/515 585/1/537 583/1/535
f 563/1/515 583/1/535 561/1/513
f 564/1/516 586/1/538 584/1/536
f 564/1/516 584/1/536 562/1/514
f 565/1/517 587/1/539 585/1/537
f 565/1/517 585/1/537 563/1/515
f 566/1/518 588/1/540 586/1/538
f 566/1/518 586/1/538 564/1/516
f 567/1/519 589/1/541 587/1/539
f 567/1/519 587/1/539 565/1/517
f 568/1/520 590/1/542 588/1/540
f 568/1/520 588/1/540 566/1/518
f 569/1/521 591/1/543 589/1/541
f 569/1/521 589/1/541 567/1/519
f 570/1/522 592/1/544 590/1/542
f 570/1/522 590/1/542 568/1/520
f 571/1/523 593/1/545 591/1/543
f 571/1/523 591/1/543 569/1/521
f 572/1/524 594/1/546 592/1/544
f 572/1/524 592/1/544 570/1/522
f 573/1/525 595/1/547 593/1/545
f 573/1/525 593/1/545 571/1/523
f 574/1/526 596/1/548 597/1/549
f 574/1/526 597/1/549 555/1/507
f 575/1/527 598/1/550 594/1/546
f 575/1/527 594/1/546 572/1/524
f 576/1/528 599/1/551 595/1/547
f 576/1/528 595/1/547 573/1/525
f 546/1/498 600/1/552 596/1/548
f 546/1/498 596/1/548 574/1/526
f 548/1/500 601/1/553 598/1/550
f 548/1/500 598/1/550 575/1/527
f 550/1/502 602/1/554 599/1/551
f 550/1/502 599/1/551 576/1/528
f 545/1/497 603/1/555 600/1/552
f 545/1/497 600/1/552 546/1/498
f 547/1/499 604/1/556 601/1/553
f 547/1/499 601/1/553 548/1/500
f 549/1/501 605/1/557 602/1/554
f 549/1/501 602/1/554 550/1/502
f 551/1/503 606/1/558 603/1/555
f 551/1/503 603/1/555 545/1/497
f 552/1/504 607/1/559 604/1/556
f 552/1/504 604/1/556 547/1/499
f 553/1/505 608/1/560 605/1/557
f 553/1/505 605/1/557 549/1/501
f 554/1/506 578/1/530 606/1/558
f 554/1/506 606/1/558 551/1/503
f 555/1/507 597/1/549 607/1/559
f 555/1/507 607/1/559 552/1/504
f 556/1/508 580/1/532 608/1/560
f 556/1/508 608/1/560 553/1/505
f 609/1/561 493/1/445 543/1/495
f 609/1/561 543/1/495 610/1/562
f 611/1/563 612/1/564 473/1/425
f 612/1/564 474/1/426 473/1/425
f 613/1/565 486/1/438 489/1/441
f 613/1/565 489/1/441 614/1/566
f 615/1/567 490/1/442 493/1/445
f 615/1/567 493/1/445 609/1/561
f 616/1/568 494/1/446 486/1/438
f 616/1/568 486/1/438 613/1/565
f 617/1/569 496/1/448 490/1/442
f 617/1/569 490/1/442 615/1/567
f 618/1/570 498/1/450 494/1/446
f 618/1/570 494/1/446 616/1/568
f 619/1/571 500/1/452 496/1/448
f 619/1/571 496/1/448 617/1/569
f 620/1/572 502/1/454 498/1/450
f 620/1/572 498/1/450 618/1/570
f 621/1/573 504/1/456 500/1/452
f 621/1/573 500/1/452 619/1/571
f 622/1/574 506/1/458 502/1/454
f 622/1/574 502/1/454 620/1/572
f 623/1/575 508/1/460 504/1/456
f 623/1/575 504/1/456 621/1/573
f 624/1/576 510/1/462 506/1/458
f 624/1/576 506/1/458 622/1/574
f 625/1/577 512/1/464 508/1/460
f 625/1/577 508/1/460 623/1/575
f 626/1/578 514/1/466 510/1/462
f 626/1/578 510/1/462 624/1/576
f 627/1/579 516/1/468 512/1/464
f 627/1/579 512/1/464 625/1/577
f 628/1/580 518/1/470 514/1/466
f 628/1/580 514/1/466 626/1/578
f 629/1/581 520/1/472 516/1/468
f 629/1/581 516/1/468 627/1/579
f 630/1/582 522/1/474 518/1/470
f 630/1/582 518/1/470 628/1/580
f 631/1/583 524/1/476 520/1/472
f 631/1/583 520/1/472 629/1/581
f 428/1/380 427/1/379 485/1/437
f 428/1/380 485/1/437 632/1/584
f 633/1/585 527/1/479 522/1/474
f 633/1/585 522/1/474 630/1/582
f 634/1/586 529/1/481 524/1/476
f 634/1/586 524/1/476 631/1/583
f 635/1/587 531/1/483 426/1/378
f 635/1/587 426/1/378 425/1/377
f 636/1/588 533/1/485 527/1/479
f 636/1/588 527/1/479 633/1/585
f 637/1/589 535/1/487 529/1/481
f 637/1/589 529/1/481 634/1/586
f 638/1/590 537/1/489 531/1/483
f 638/1/590 531/1/483 635/1/587
f 639/1/591 539/1/491 533/1/485
f 639/1/591 533/1/485 636/1/588
f 640/1/592 541/1/493 535/1/487
f 640/1/592 535/1/487 637/1/589
f 610/1/562 543/1/495 537/1/489
f 610/1/562 537/1/489 638/1/590
f 632/1/584 485/1/437 539/1/491
f 632/1/584 539/1/491 639/1/591
f 614/1/566 489/1/441 541/1/493
f 614/1/566 541/1/493 640/1/592
f 447/1/399 641/1/593 642/1/594
f 447/1/399 642/1/594 451/1/403
f 449/1/401 643/1/595 644/1/596
f 449/1/401 644/1/596 453/1/405
f 451/1/403 642/1/594 645/1/597
f 451/1/403 645/1/597 455/1/407
f 453/1/405 644/1/596 646/1/598
f 453/1/405 646/1/598 457/1/409
f 455/1/407 645/1/597 647/1/599
f 455/1/407 647/1/599 459/1/411
f 467/1/419 648/1/600 649/1/601
f 467/1/419 649/1/601 612/1/564
f 457/1/409 646/1/598 650/1/602
f 457/1/409 650/1/602 461/1/413
f 459/1/411 647/1/599 651/1/603
f 459/1/411 651/1/603 463/1/415
f 612/1/564 649/1/601 652/1/604
f 612/1/564 652/1/604 474/1/426
f 461/1/413 650/1/602 653/1/605
f 461/1/413 653/1/605 469/1/421
f 463/1/415 651/1/603 654/1/606
f 463/1/415 654/1/606 471/1/423
f 474/1/426 652/1/604 655/1/607
f 474/1/426 655/1/607 475/1/427
f 469/1/421 653/1/605 656/1/608
f 469/1/421 656/1/608 477/1/429
f 471/1/423 654/1/606 657/1/609
f 471/1/423 657/1/609 479/1/431
f 475/1/427 655/1/607 658/1/610
f 475/1/427 658/1/610 481/1/433
f 477/1/429 656/1/608 659/1/611
f 477/1/429 659/1/611 466/1/418
f 479/1/431 657/1/609 660/1/612
f 479/1/431 660/1/612 418/1/370
f 481/1/433 658/1/610 661/1/613
f 481/1/433 661/1/613 422/1/374
f 466/1/418 659/1/611 648/1/600
f 466/1/418 648/1/600 467/1/419
f 418/1/370 660/1/612 662/1/614
f 418/1/370 662/1/614 419/1/371
f 422/1/374 661/1/613 663/1/615
f 422/1/374 663/1/615 423/1/375
f 419/1/371 662/1/614 664/1/616
f 419/1/371 664/1/616 429/1/381
f 423/1/375 663/1/615 665/1/617
f 423/1/375 665/1/617 431/1/383
f 429/1/381 664/1/616 666/1/618
f 429/1/381 666/1/618 433/1/385
f 431/1/383 665/1/617 667/1/619
f 431/1/383 667/1/619 435/1/387
f 433/1/385 666/1/618 668/1/620
f 433/1/385 668/1/620 437/1/389
f 435/1/387 667/1/619 669/1/621
f 435/1/387 669/1/621 439/1/391
f 437/1/389 668/1/620 670/1/622
f 437/1/389 670/1/622 441/1/393
f 439/1/391 669/1/621 671/1/623
f 439/1/391 671/1/623 443/1/395
f 441/1/393 670/1/622 672/1/624
f 441/1/393 672/1/624 445/1/397
f 443/1/395 671/1/623 641/1/593
f 443/1/395 641/1/593 447/1/399
f 445/1/397 672/1/624 643/1/595
f 445/1/397 643/1/595 449/1/401
f 652/1/604 649/1/601 648/1/600
f 648/1/600 659/1/611 656/1/608
f 656/1/608 653/1/605 650/1/602
f 650/1/602 646/1/598 644/1/596
f 644/1/596 643/1/595 672/1/624
f 672/1/624 670/1/622 668/1/620
f 668/1/620 666/1/618 664/1/616
f 664/1/616 662/1/614 660/1/612
f 660/1/612 657/1/609 654/1/606
f 654/1/606 651/1/603 647/1/599
f 647/1/599 645/1/597 642/1/594
f 642/1/594 641/1/593 671/1/623
f 671/1/623 669/1/621 667/1/619
f 667/1/619 665/1/617 663/1/615
f 663/1/615 661/1/613 658/1/610
f 658/1/610 655/1/607 652/1/604
f 652/1/604 648/1/600 656/1/608
f 656/1/608 650/1/602 644/1/596
f 644/1/596 672/1/624 668/1/620
f 668/1/620 664/1/616 660/1/612
f 660/1/612 654/1/606 647/1/599
f 647/1/599 642/1/594 671/1/623
f 671/1/623 667/1/619 663/1/615
f 663/1/615 658/1/610 652/1/604
f 652/1/604 656/1/608 644/1/596
f 644/1/596 668/1/620 660/1/612
f 660/1/612 647/1/599 671/1/623
f 671/1/623 663/1/615 652/1/604
f 652/1/604 644/1/596 660/1/612
f 660/1/612 671/1/623 652/1/604
f 611/1/563 673/1/625 674/1/626
f 611/1/563 674/1/626 468/1/420
f 673/1/625 675/1/627 676/1/628
f 673/1/625 676/1/628 674/1/626
f 675/1/627 677/1/629 678/1/630
f 675/1/627 678/1/630 676/1/628
f 677/1/629 679/1/631 680/1/632
f 677/1/629 680/1/632 678/1/630
f 679/1/631 681/1/633 682/1/634
f 679/1/631 682/1/634 680/1/632
f 681/1/633 425/1/377 428/1/380
f 681/1/633 428/1/380 682/1/634
f 473/1/425 683/1/635 673/1/625
f 473/1/425 673/1/625 611/1/563
f 683/1/635 684/1/636 675/1/627
f 683/1/635 675/1/627 673/1/625
f 684/1/636 685/1/637 677/1/629
f 684/1/636 677/1/629 675/1/627
f 685/1/637 686/1/638 679/1/631
f 685/1/637 679/1/631 677/1/629
f 686/1/638 687/1/639 681/1/633
f 686/1/638 681/1/633 679/1/631
f 687/1/639 635/1/587 425/1/377
f 687/1/639 425/1/377 681/1/633
f 476/1/428 688/1/640 683/1/635
f 476/1/428 683/1/635 473/1/425
f 688/1/640 689/1/641 684/1/636
f 688/1/640 684/1/636 683/1/635
f 689/1/641 690/1/642 685/1/637
f 689/1/641 685/1/637 684/1/636
f 690/1/642 691/1/643 686/1/638
f 690/1/642 686/1/638 685/1/637
f 691/1/643 692/1/644 687/1/639
f 691/1/643 687/1/639 686/1/638
f 692/1/644 638/1/590 635/1/587
f 692/1/644 635/1/587 687/1/639
f 482/1/434 693/1/645 688/1/640
f 482/1/434 688/1/640 476/1/428
f 693/1/645 694/1/646 689/1/641
f 693/1/645 689/1/641 688/1/640
f 694/1/646 695/1/647 690/1/642
f 694/1/646 690/1/642 689/1/641
f 695/1/647 696/1/648 691/1/643
f 695/1/647 691/1/643 690/1/642
f 696/1/648 697/1/649 692/1/644
f 696/1/648 692/1/644 691/1/643
f 697/1/649 610/1/562 638/1/590
f 697/1/649 638/1/590 692/1/644
f 421/1/373 698/1/650 693/1/645
f 421/1/373 693/1/645 482/1/434
f 698/1/650 699/1/651 694/1/646
f 698/1/650 694/1/646 693/1/645
f 699/1/651 700/1/652 695/1/647
f 699/1/651 695/1/647 694/1/646
f 700/1/652 701/1/653 696/1/648
f 700/1/652 696/1/648 695/1/647
f 701/1/653 702/1/654 697/1/649
f 701/1/653 697/1/649 696/1/648
f 702/1/654 609/1/561 610/1/562
f 702/1/654 610/1/562 697/1/649
f 424/1/376 703/1/655 698/1/650
f 424/1/376 698/1/650 421/1/373
f 703/1/655 704/1/656 699/1/651
f 703/1/655 699/1/651 698/1/650
f 704/1/656 705/1/657 700/1/652
f 704/1/656 700/1/652 699/1/651
f 705/1/657 706/1/658 701/1/653
f 705/1/657 701/1/653 700/1/652
f 706/1/658 707/1/659 702/1/654
f 706/1/658 702/1/654 701/1/653
f 707/1/659 615/1/567 609/1/561
f 707/1/659 609/1/561 702/1/654
f 432/1/384 708/1/660 703/1/655
f 432/1/384 703/1/655 424/1/376
f 708/1/660 709/1/661 704/1/656
f 708/1/660 704/1/656 703/1/655
f 709/1/661 710/1/662 705/1/657
f 709/1/661 705/1/657 704/1/656
f 710/1/662 711/1/663 706/1/658
f 710/1/662 706/1/658 705/1/657
f 711/1/663 712/1/664 707/1/659
f 711/1/663 707/1/659 706/1/658
f 712/1/664 617/1/569 615/1/567
f 712/1/664 615/1/567 707/1/659
f 436/1/388 713/1/665 708/1/660
f 436/1/388 708/1/660 432/1/384
f 713/1/665 714/1/666 709/1/661
f 713/1/665 709/1/661 708/1/660
f 714/1/666 715/1/667 710/1/662
f 714/1/666 710/1/662 709/1/661
f 715/1/667 716/1/668 711/1/663
f 715/1/667 711/1/663 710/1/662
f 716/1/668 717/1/669 712/1/664
f 716/1/668 712/1/664 711/1/663
f 717/1/669 619/1/571 617/1/569
f 717/1/669 617/1/569 712/1/664
f 440/1/392 718/1/670 713/1/665
f 440/1/392 713/1/665 436/1/388
f 718/1/670 719/1/671 714/1/666
f 718/1/670 714/1/666 713/1/665
f 719/1/671 720/1/672 715/1/667
f 719/1/671 715/1/667 714/1/666
f 720/1/672 721/1/673 716/1/668
f 720/1/672 716/1/668 715/1/667
f 721/1/673 722/1/674 717/1/669
f 721/1/673 717/1/669 716/1/668
f 722/1/674 621/1/573 619/1/571
f 722/1/674 619/1/571 717/1/669
f 444/1/396 723/1/675 718/1/670
f 444/1/396 718/1/670 440/1/392
f 723/1/675 724/1/676 719/1/671
f 723/1/675 719/1/671 718/1/670
f 724/1/676 725/1/677 720/1/672
f 724/1/676 720/1/672 719/1/671
f 725/1/677 726/1/678 721/1/673
f 725/1/677 721/1/673 720/1/672
f 726/1/678 727/1/679 722/1/674
f 726/1/678 722/1/674 721/1/673
f 727/1/679 623/1/575 621/1/573
f 727/1/679 621/1/573 722/1/674
f 448/1/400 728/1/680 723/1/675
f 448/1/400 723/1/675 444/1/396
f 728/1/680 729/1/681 724/1/676
f 728/1/680 724/1/676 723/1/675
f 729/1/681 730/1/682 725/1/677
f 729/1/681 725/1/677 724/1/676
f 730/1/682 731/1/683 726/1/678
f 730/1/682 726/1/678 725/1/677
f 731/1/683 732/1/684 727/1/679
f 731/1/683 727/1/679 726/1/678
f 732/1/684 625/1/577 623/1/575
f 732/1/684 623/1/575 727/1/679
f 452/1/404 733/1/685 728/1/680
f 452/1/404 728/1/680 448/1/400
f 733/1/685 734/1/686 729/1/681
f 733/1/685 729/1/681 728/1/680
f 734/1/686 735/1/687 730/1/682
f 734/1/686 730/1/682 729/1/681
f 735/1/687 736/1/688 731/1/683
f 735/1/687 731/1/683 730/1/682
f 736/1/688 737/1/689 732/1/684
f 736/1/688 732/1/684 731/1/683
f 737/1/689 627/1/579 625/1/577
f 737/1/689 625/1/577 732/1/684
f 456/1/408 738/1/690 733/1/685
f 456/1/408 733/1/685 452/1/404
f 738/1/690 739/1/691 734/1/686
f 738/1/690 734/1/686 733/1/685
f 739/1/691 740/1/692 735/1/687
f 739/1/691 735/1/687 734/1/686
f 740/1/692 741/1/693 736/1/688
f 740/1/692 736/1/688 735/1/687
f 741/1/693 742/1/694 737/1/689
f 741/1/693 737/1/689 736/1/688
f 742/1/694 629/1/581 627/1/579
f 742/1/694 627/1/579 737/1/689
f 460/1/412 743/1/695 738/1/690
f 460/1/412 738/1/690 456/1/408
f 743/1/695 744/1/696 739/1/691
f 743/1/695 739/1/691 738/1/690
f 744/1/696 745/1/697 740/1/692
f 744/1/696 740/1/692 739/1/691
f 745/1/697 746/1/698 741/1/693
f 745/1/697 741/1/693 740/1/692
f 746/1/698 747/1/699 742/1/694
f 746/1/698 742/1/694 741/1/693
f 747/1/699 631/1/583 629/1/581
f 747/1/699 629/1/581 742/1/694
f 464/1/416 748/1/700 743/1/695
f 464/1/416 743/1/695 460/1/412
f 748/1/700 749/1/701 744/1/696
f 748/1/700 744/1/696 743/1/695
f 749/1/701 750/1/702 745/1/697
f 749/1/701 745/1/697 744/1/696
f 750/1/702 751/1/703 746/1/698
f 750/1/702 746/1/698 745/1/697
f 751/1/703 752/1/704 747/1/699
f 751/1/703 747/1/699 746/1/698
f 752/1/704 634/1/586 631/1/583
f 752/1/704 631/1/583 747/1/699
f 472/1/424 753/1/705 748/1/700
f 472/1/424 748/1/700 464/1/416
f 753/1/705 754/1/706 749/1/701
f 753/1/705 749/1/701 748/1/700
f 754/1/706 755/1/707 750/1/702
f 754/1/706 750/1/702 749/1/701
f 755/1/707 756/1/708 751/1/703
f 755/1/707 751/1/703 750/1/702
f 756/1/708 757/1/709 752/1/704
f 756/1/708 752/1/704 751/1/703
f 757/1/709 637/1/589 634/1/586
f 757/1/709 634/1/586 752/1/704
f 480/1/432 758/1/710 753/1/705
f 480/1/432 753/1/705 472/1/424
f 758/1/710 759/1/711 754/1/706
f 758/1/710 754/1/706 753/1/705
f 759/1/711 760/1/712 755/1/707
f 759/1/711 755/1/707 754/1/706
f 760/1/712 761/1/713 756/1/708
f 760/1/712 756/1/708 755/1/707
f 761/1/713 762/1/714 757/1/709
f 761/1/713 757/1/709 756/1/708
f 762/1/714 640/1/592 637/1/589
f 762/1/714 637/1/589 757/1/709
f 417/1/369 763/1/715 758/1/710
f 417/1/369 758/1/710 480/1/432
f 763/1/715 764/1/716 759/1/711
f 763/1/715 759/1/711 758/1/710
f 764/1/716 765/1/717 760/1/712
f 764/1/716 760/1/712 759/1/711
f 765/1/717 766/1/718 761/1/713
f 765/1/717 761/1/713 760/1/712
f 766/1/718 767/1/719 762/1/714
f 766/1/718 762/1/714 761/1/713
f 767/1/719 614/1/566 640/1/592
f 767/1/719 640/1/592 762/1/714
f 420/1/372 768/1/720 763/1/715
f 420/1/372 763/1/715 417/1/369
f 768/1/720 769/1/721 764/1/716
f 768/1/720 764/1/716 763/1/715
f 769/1/721 770/1/722 765/1/717
f 769/1/721 765/1/717 764/1/716
f 770/1/722 771/1/723 766/1/718
f 770/1/722 766/1/718 765/1/717
f 771/1/723 772/1/724 767/1/719
f 771/1/723 767/1/719 766/1/718
f 772/1/724 613/1/565 614/1/566
f 772/1/724 614/1/566 767/1/719
f 430/1/382 773/1/725 768/1/720
f 430/1/382 768/1/720 420/1/372
f 773/1/725 774/1/726 769/1/721
f 773/1/725 769/1/721 768/1/720
f 774/1/726 775/1/727 770/1/722
f 774/1/726 770/1/722 769/1/721
f 775/1/727 776/1/728 771/1/723
f 775/1/727 771/1/723 770/1/722
f 776/1/728 777/1/729 772/1/724
f 776/1/728 772/1/724 771/1/723
f 777/1/729 616/1/568 613/1/565
f 777/1/729 613/1/565 772/1/724
f 434/1/386 778/1/730 773/1/725
f 434/1/386 773/1/725 430/1/382
f 778/1/730 779/1/731 774/1/726
f 778/1/730 774/1/726 773/1/725
f 779/1/731 780/1/732 775/1/727
f 779/1/731 775/1/727 774/1/726
f 780/1/732 781/1/733 776/1/728
f 780/1/732 776/1/728 775/1/727
f 781/1/733 782/1/734 777/1/729
f 781/1/733 777/1/729 776/1/728
f 782/1/734 618/1/570 616/1/568
f 782/1/734 616/1/568 777/1/729
f 438/1/390 783/1/735 778/1/730
f 438/1/390 778/1/730 434/1/386
f 783/1/735 784/1/736 779/1/731
f 783/1/735 779/1/731 778/1/730
f 784/1/736 785/1/737 780/1/732
f 784/1/736 780/1/732 779/1/731
f 785/1/737 786/1/738 781/1/733
f 785/1/737 781/1/733 780/1/732
f 786/1/738 787/1/739 782/1/734
f 786/1/738 782/1/734 781/1/733
f 787/1/739 620/1/572 618/1/570
f 787/1/739 618/1/570 782/1/734
f 442/1/394 788/1/740 783/1/735
f 442/1/394 783/1/735 438/1/390
f 788/1/740 789/1/741 784/1/736
f 788/1/740 784/1/736 783/1/735
f 789/1/741 790/1/742 785/1/737
f 789/1/741 785/1/737 784/1/736
f 790/1/742 791/1/743 786/1/738
f 790/1/742 786/1/738 785/1/737
f 791/1/743 792/1/744 787/1/739
f 791/1/743 787/1/739 786/1/738
f 792/1/744 622/1/574 620/1/572
f 792/1/744 620/1/572 787/1/739
f 446/1/398 793/1/745 788/1/740
f 446/1/398 788/1/740 442/1/394
f 793/1/745 794/1/746 789/1/741
f 793/1/745 789/1/741 788/1/740
f 794/1/746 795/1/747 790/1/742
f 794/1/746 790/1/742 789/1/741
f 795/1/747 796/1/748 791/1/743
f 795/1/747 791/1/743 790/1/742
f 796/1/748 797/1/749 792/1/744
f 796/1/748 792/1/744 791/1/743
f 797/1/749 624/1/576 622/1/574
f 797/1/749 622/1/574 792/1/744
f 450/1/402 798/1/750 793/1/745
f 450/1/402 793/1/745 446/1/398
f 798/1/750 799/1/751 794/1/746
f 798/1/750 794/1/746 793/1/745
f 799/1/751 800/1/752 795/1/747
f 799/1/751 795/1/747 794/1/746
f 800/1/752 801/1/753 796/1/748
f 800/1/752 796/1/748 795/1/747
f 801/1/753 802/1/754 797/1/749
f 801/1/753 797/1/749 796/1/748
f 802/1/754 626/1/578 624/1/576
f 802/1/754 624/1/576 797/1/749
f 454/1/406 803/1/755 798/1/750
f 454/1/406 798/1/750 450/1/402
f 803/1/755 804/1/756 799/1/751
f 803/1/755 799/1/751 798/1/750
f 804/1/756 805/1/757 800/1/752
f 804/1/756 800/1/752 799/1/751
f 805/1/757 806/1/758 801/1/753
f 805/1/757 801/1/753 800/1/752
f 806/1/758 807/1/759 802/1/754
f 806/1/758 802/1/754 801/1/753
f 807/1/759 628/1/580 626/1/578
f 807/1/759 626/1/578 802/1/754
f 458/1/410 808/1/760 803/1/755
f 458/1/410 803/1/755 454/1/406
f 808/1/760 809/1/761 804/1/756
f 808/1/760 804/1/756 803/1/755
f 809/1/761 810/1/762 805/1/757
f 809/1/761 805/1/757 804/1/756
f 810/1/762 811/1/763 806/1/758
f 810/1/762 806/1/758 805/1/757
f 811/1/763 812/1/764 807/1/759
f 811/1/763 807/1/759 806/1/758
f 812/1/764 630/1/582 628/1/580
f 812/1/764 628/1/580 807/1/759
f 462/1/414 813/1/765 808/1/760
f 462/1/414 808/1/760 458/1/410
f 813/1/765 814/1/766 809/1/761
f 813/1/765 809/1/761 808/1/760
f 814/1/766 815/1/767 810/1/762
f 814/1/766 810/1/762 809/1/761
f 815/1/767 816/1/768 811/1/763
f 815/1/767 811/1/763 810/1/762
f 816/1/768 817/1/769 812/1/764
f 816/1/768 812/1/764 811/1/763
f 817/1/769 633/1/585 630/1/582
f 817/1/769 630/1/582 812/1/764
f 470/1/422 818/1/770 813/1/765
f 470/1/422 813/1/765 462/1/414
f 818/1/770 819/1/771 814/1/766
f 818/1/770 814/1/766 813/1/765
f 819/1/771 820/1/772 815/1/767
f 819/1/771 815/1/767 814/1/766
f 820/1/772 821/1/773 816/1/768
f 820/1/772 816/1/768 815/1/767
f 821/1/773 822/1/774 817/1/769
f 821/1/773 817/1/769 816/1/768
f 822/1/774 636/1/588 633/1/585
f 822/1/774 633/1/585 817/1/769
f 478/1/430 823/1/775 818/1/770
f 478/1/430 818/1/770 470/1/422
f 823/1/775 824/1/776 819/1/771
f 823/1/775 819/1/771 818/1/770
f 824/1/776 825/1/777 820/1/772
f 824/1/776 820/1/772 819/1/771
f 825/1/777 826/1/778 821/1/773
f 825/1/777 821/1/773 820/1/772
f 826/1/778 827/1/779 822/1/774
f 826/1/778 822/1/774 821/1/773
f 827/1/779 639/1/591 636/1/588
f 827/1/779 636/1/588 822/1/774
f 465/1/417 828/1/780 823/1/775
f 465/1/417 823/1/775 478/1/430
f 828/1/780 829/1/781 824/1/776
f 828/1/780 824/1/776 823/1/775
f 829/1/781 830/1/782 825/1/777
f 829/1/781 825/1/777 824/1/776
f 830/1/782 831/1/783 826/1/778
f 830/1/782 826/1/778 825/1/777
f 831/1/783 832/1/784 827/1/779
f 831/1/783 827/1/779 826/1/778
f 832/1/784 632/1/584 639/1/591
f 832/1/784 639/1/591 827/1/779
f 468/1/420 674/1/626 828/1/780
f 468/1/420 828/1/780 465/1/417
f 674/1/626 676/1/628 829/1/781
f 674/1/626 829/1/781 828/1/780
f 676/1/628 678/1/630 830/1/782
f 676/1/628 830/1/782 829/1/781
f 678/1/630 680/1/632 831/1/783
f 678/1/630 831/1/783 830/1/782
f 680/1/632 682/1/634 832/1/784
f 680/1/632 832/1/784 831/1/783
f 682/1/634 428/1/380 632/1/584
f 682/1/634 632/1/584 832/1/784
f 468/1/420 467/1/419 611/1/563
f 467/1/419 612/1/564 611/1/563
f 181/1/165 180/1/164 597/1/549
f 181/1/165 597/1/549 596/1/548
f 184/1/168 181/1/165 596/1/548
f 184/1/168 596/1/548 600/1/552
f 187/1/171 184/1/168 600/1/552
f 187/1/171 600/1/552 603/1/555
f 190/1/174 187/1/171 603/1/555
f 190/1/174 603/1/555 606/1/558
f 161/1/145 190/1/174 606/1/558
f 161/1/145 606/1/558 578/1/530
f 162/1/146 161/1/145 578/1/530
f 162/1/146 578/1/530 577/1/529
f 165/1/149 162/1/146 577/1/529
f 165/1/149 577/1/529 581/1/533
f 167/1/151 165/1/149 581/1/533
f 167/1/151 581/1/533 583/1/535
f 169/1/153 167/1/151 583/1/535
f 169/1/153 583/1/535 585/1/537
f 171/1/155 169/1/153 585/1/537
f 171/1/155 585/1/537 587/1/539
f 173/1/157 171/1/155 587/1/539
f 173/1/157 587/1/539 589/1/541
f 175/1/159 173/1/157 589/1/541
f 175/1/159 589/1/541 591/1/543
f 177/1/161 175/1/159 591/1/543
f 177/1/161 591/1/543 593/1/545
f 179/1/163 177/1/161 593/1/545
f 179/1/163 593/1/545 595/1/547
f 183/1/167 179/1/163 595/1/547
f 183/1/167 595/1/547 599/1/551
f 186/1/170 183/1/167 599/1/551
f 186/1/170 599/1/551 602/1/554
f 189/1/173 186/1/170 602/1/554
f 189/1/173 602/1/554 605/1/557
f 192/1/176 189/1/173 605/1/557
f 192/1/176 605/1/557 608/1/560
f 163/1/147 192/1/176 608/1/560
f 163/1/147 608/1/560 580/1/532
f 164/1/148 163/1/147 580/1/532
f 164/1/148 580/1/532 579/1/531
f 166/1/150 164/1/148 579/1/531
f 166/1/150 579/1/531 582/1/534
f 168/1/152 166/1/150 582/1/534
f 168/1/152 582/1/534 584/1/536
f 170/1/154 168/1/152 584/1/536
f 170/1/154 584/1/536 586/1/538
f 172/1/156 170/1/154 586/1/538
f 172/1/156 586/1/538 588/1/540
f 174/1/158 172/1/156 588/1/540
f 174/1/158 588/1/540 590/1/542
f 176/1/160 174/1/158 590/1/542
f 176/1/160 590/1/542 592/1/544
f 178/1/162 176/1/160 592/1/544
f 178/1/162 592/1/544 594/1/546
f 182/1/166 178/1/162 594/1/546
f 182/1/166 594/1/546 598/1/550
f 185/1/169 182/1/166 598/1/550
f 185/1/169 598/1/550 601/1/553
f 188/1/172 185/1/169 601/1/553
f 188/1/172 601/1/553 604/1/556
f 191/1/175 188/1/172 604/1/556
f 191/1/175 604/1/556 607/1/559
f 180/1/164 191/1/175 607/1/559
f 180/1/164 607/1/559 597/1/549
# Vertices: 832, normals: 784, texture coordinates: 1, faces: 1660

o obj2
v -2.6632449 1.69201486 7.26331785
v 2.6632449 1.69201486 7.26331785
v 2.6632449 11.06829937 1.85580656
v -2.6632449 11.06829937 1.85580696
vn 0 0.78065 -0.62496
vt 0 0
vt 1 0
vt 1 1
vt 0 1
usemtl mat1
f 833/2/785 834/3/785 835/4/785
f 833/2/785 835/4/785 836/5/785
# Vertices: 4, normals: 1, texture coordinates: 4, faces: 2

o obj3
v 6.61578409 3.18735291 3.192773
v 7.36744435 3.16145021 0.21610956
v 5.50292366 6.73727381 0.15080061
v 4.51235676 6.79116707 3.11328395
vn -0.18377 0.79919 -0.57229
vt 0 0
vt 1 0
vt 1 1
vt 0 1
usemtl mat2
f 837/6/786 838/7/786 839/8/786
f 837/6/786 839/8/786 840/9/786
# Vertices: 4, normals: 1, texture coordinates: 4, faces: 2

