# File generated by ImageToStl.com - Free Image and 3D model conversion tools

mtllib beaker.mtl

o obj1
v 0.37599939 -2.94504416 -0.12173007
v 0.35951114 -2.94566023 -0.18274038
v 0.51769602 -2.95582271 -0.26333946
v 0.55262858 -2.95582271 -0.1791203
v 0.31984437 -2.94504416 -0.23194075
v 0.47009429 -2.95582271 -0.34110349
v 0.60720688 -2.96545553 -0.44072166
v 0.66869277 -2.96545547 -0.34027606
v 0.7138142 -2.96545553 -0.23149268
v 0.28530955 -2.94566023 -0.28486979
v 0.41084579 -2.95582271 -0.41040587
v 0.23238033 -2.94504416 -0.31940445
v 0.34154311 -2.95582271 -0.46965411
v 0.44116122 -2.96545553 -0.60676664
v 0.53067732 -2.96545547 -0.5302375
v 0.18317993 -2.94566023 -0.3590712
v 0.26377901 -2.95582271 -0.51725578
v 0.12216964 -2.94504416 -0.3755596
v 0.17955986 -2.95582271 -0.55218863
v 0.23193209 -2.96545553 -0.71337408
v 0.34071553 -2.96545547 -0.66825235
v 0.06311955 -2.94566023 -0.39808109
v 0.09089208 -2.95582271 -0.57343012
v 3E-08 -2.94504416 -0.39490926
v 2E-08 -2.95582271 -0.58062804
v 1E-08 -2.96545553 -0.75010854
v 0.11740257 -2.96545547 -0.74081111
v -0.06311946 -2.94566023 -0.39808106
v -0.09089202 -2.95582271 -0.57343006
v -0.12216952 -2.94504416 -0.37555954
v -0.1795598 -2.95582271 -0.55218858
v -0.23193209 -2.96545553 -0.71337402
v -0.11740255 -2.96545547 -0.74081111
v -0.18317986 -2.94566023 -0.35907114
v -0.26377895 -2.95582271 -0.51725572
v -0.23238024 -2.94504416 -0.31940436
v -0.34154302 -2.95582271 -0.46965405
v -0.44116107 -2.96545553 -0.60676658
v -0.34071556 -2.96545547 -0.66825235
v -0.28530934 -2.94566023 -0.28486973
v -0.41084543 -2.95582271 -0.41040576
v -0.31984404 -2.94504416 -0.2319407
v -0.47009379 -2.95582271 -0.3411034
v -0.60720628 -2.96545553 -0.44072148
v -0.53067696 -2.96545547 -0.53023732
v -0.35951084 -2.94566023 -0.1827403
v -0.51769567 -2.95582271 -0.2633394
v -0.37599924 -2.94504416 -0.12173002
v -0.5526284 -2.95582271 -0.17912024
v -0.71381408 -2.96545553 -0.23149258
v -0.66869235 -2.96545547 -0.340276
v -0.39852053 -2.94566023 -0.06268
v -0.57386953 -2.95582271 -0.09045255
v -0.39534852 -2.94504416 0.00043944
v -0.5810672 -2.95582271 0.00043944
v -0.75054771 -2.96545553 0.00043944
v -0.74125069 -2.96545547 -0.11696309
v -0.39852053 -2.94566023 0.06355886
v -0.57386953 -2.95582271 0.09133141
v -0.37599927 -2.94504416 0.12260887
v -0.5526284 -2.95582271 0.17999911
v -0.71381402 -2.96545553 0.23237142
v -0.74125069 -2.96545547 0.11784196
v -0.35951084 -2.94566023 0.18361917
v -0.51769561 -2.95582271 0.26421824
v -0.31984401 -2.94504416 0.23281953
v -0.47009376 -2.95582271 0.34198222
v -0.60720623 -2.96545553 0.44160029
v -0.66869229 -2.96545547 0.34115484
v -0.28530928 -2.94566023 0.28574854
v -0.4108454 -2.95582271 0.41128454
v -0.2323802 -2.94504416 0.32028317
v -0.34154296 -2.95582271 0.47053277
v -0.44116095 -2.96545553 0.60764533
v -0.5306769 -2.96545547 0.53111607
v -0.18317981 -2.94566023 0.35994989
v -0.26377892 -2.95582271 0.51813447
v -0.12216949 -2.94504416 0.37643829
v -0.17955974 -2.95582271 0.55306727
v -0.23193203 -2.96545553 0.71425265
v -0.34071547 -2.96545547 0.66913098
v -0.06311946 -2.94566023 0.39895982
v -0.09089201 -2.95582271 0.57430881
v -0 -2.94504416 0.39578798
v -1E-08 -2.95582271 0.58150667
v -1E-08 -2.96545553 0.75098711
v -0.11740252 -2.96545547 0.74168968
v 0.06311943 -2.94566023 0.39895982
v 0.09089198 -2.95582271 0.57430875
v 0.12216946 -2.94504416 0.37643829
v 0.17955968 -2.95582271 0.55306727
v 0.23193198 -2.96545553 0.71425259
v 0.11740251 -2.96545547 0.74168968
v 0.18317977 -2.94566023 0.35994983
v 0.26377887 -2.95582271 0.51813447
v 0.23238015 -2.94504416 0.32028314
v 0.34154293 -2.95582271 0.47053275
v 0.44116092 -2.96545553 0.60764527
v 0.34071538 -2.96545547 0.66913098
v 0.28530926 -2.94566023 0.28574851
v 0.41084528 -2.95582271 0.41128451
v 0.31984395 -2.94504416 0.2328195
v 0.47009361 -2.95582271 0.34198219
v 0.60720611 -2.96545553 0.44160026
v 0.53067678 -2.96545547 0.53111607
v 0.35951075 -2.94566023 0.18361914
v 0.51769549 -2.95582271 0.26421821
v 0.37599918 -2.94504416 0.12260886
v 0.55262834 -2.95582271 0.17999907
v 0.71381378 -2.96545553 0.23237139
v 0.66869211 -2.96545547 0.34115481
v 0.39852041 -2.94566023 0.06355885
v 0.57386941 -2.95582271 0.0913314
v 0.39534846 -2.94504416 0.00043943
v 0.58106714 -2.95582271 0.00043942
v 0.75054753 -2.96545553 0.0004394
v 0.74125057 -2.96545547 0.11784194
v 0.3985205 -2.94566023 -0.06268003
v 0.57386959 -2.95582271 -0.09045258
v 0.74125075 -2.96545547 -0.11696316
v 0.23008713 -2.93570149 -0.11679564
v 0.18249092 -2.93323731 -0.13214777
v 0.21453083 -2.93323731 -0.06926578
v 2E-08 -2.91845196 0.00043943
v 0.18259811 -2.93570149 -0.18215849
v 0.13258731 -2.93323731 -0.18205121
v 0.11723518 -2.93570149 -0.22964735
v 0.06970533 -2.93323731 -0.21409115
v 0.04039653 -2.93570149 -0.2546137
v 3E-08 -2.93323731 -0.22513136
v -0.04039646 -2.93570149 -0.2546137
v -0.06970523 -2.93323731 -0.21409114
v -0.1172351 -2.93570149 -0.22964731
v -0.13258725 -2.93323731 -0.18205118
v -0.18259798 -2.93570149 -0.18215843
v -0.18249072 -2.93323731 -0.13214774
v -0.23008695 -2.93570149 -0.1167956
v -0.21453072 -2.93323731 -0.06926576
v -0.2550531 -2.93570149 -0.039957
v -0.22557069 -2.93323731 0.00043944
v -0.2550531 -2.93570149 0.04083588
v -0.21453072 -2.93323731 0.07014464
v -0.23008694 -2.93570149 0.11767446
v -0.18249071 -2.93323731 0.13302658
v -0.18259795 -2.93570149 0.18303727
v -0.13258722 -2.93323731 0.18293002
v -0.11723507 -2.93570149 0.23052613
v -0.06970522 -2.93323731 0.21496996
v -0.04039645 -2.93570149 0.25549248
v 0 -2.93323731 0.22601017
v 0.04039644 -2.93570149 0.25549248
v 0.0697052 -2.93323731 0.21496995
v 0.11723506 -2.93570149 0.2305261
v 0.13258719 -2.93323731 0.18292999
v 0.18259791 -2.93570149 0.18303727
v 0.18249068 -2.93323731 0.13302658
v 0.23008689 -2.93570149 0.11767445
v 0.21453071 -2.93323731 0.07014462
v 0.25505307 -2.93570149 0.04083587
v 0.22557066 -2.93323731 0.00043943
v 0.25505313 -2.93570149 -0.03995702
v 0.7765522 -2.97382498 -0.39523339
v 0.82895207 -2.9738251 -0.26890329
v 0.70514846 -2.9738251 -0.5118807
v 0.77152675 -2.97680938 -0.56010771
v 0.84965199 -2.9768095 -0.43247992
v 0.90698487 -2.97680938 -0.29425779
v 0.61627489 -2.97382498 -0.61583537
v 0.51232004 -2.9738251 -0.70470876
v 0.56054682 -2.97680938 -0.77108747
v 0.67428708 -2.97680938 -0.67384809
v 0.39567262 -2.97382498 -0.77611208
v 0.26934245 -2.9738251 -0.82851195
v 0.29469687 -2.97680938 -0.90654486
v 0.43291894 -2.97680938 -0.84921247
v 0.13633946 -2.97382498 -0.86037451
v 1E-08 -2.9738251 -0.87117159
v 2E-08 -2.97680938 -0.95322019
v 0.14917371 -2.97680938 -0.94140691
v -0.13633944 -2.97382498 -0.86037451
v -0.26934248 -2.9738251 -0.82851183
v -0.29469687 -2.97680938 -0.9065448
v -0.14917369 -2.97680938 -0.94140691
v -0.39567253 -2.97382498 -0.77611196
v -0.51231986 -2.9738251 -0.70470858
v -0.56054664 -2.97680938 -0.77108735
v -0.43291885 -2.97680938 -0.84921235
v -0.6162746 -2.97382498 -0.61583519
v -0.7051481 -2.9738251 -0.51188058
v -0.7715264 -2.97680938 -0.56010759
v -0.6742869 -2.97680938 -0.67384797
v -0.77655184 -2.97382498 -0.39523321
v -0.8289519 -2.9738251 -0.26890311
v -0.90698481 -2.97680938 -0.29425755
v -0.84965187 -2.97680938 -0.43247965
v -0.86081433 -2.97382498 -0.13590005
v -0.87161118 -2.9738251 0.00043944
v -0.95366013 -2.97680938 0.00043944
v -0.94184685 -2.97680938 -0.1487343
v -0.86081427 -2.97382498 0.13677894
v -0.8289519 -2.9738251 0.26978195
v -0.90698481 -2.97680938 0.29513639
v -0.94184685 -2.97680938 0.14961317
v -0.77655172 -2.97382498 0.39611205
v -0.7051481 -2.9738251 0.51275933
v -0.77152646 -2.97680938 0.5609864
v -0.84965187 -2.97680938 0.43335849
v -0.61627448 -2.97382498 0.616714
v -0.5123198 -2.9738251 0.70558727
v -0.56054652 -2.97680938 0.7719661
v -0.6742869 -2.97680944 0.67472672
v -0.39567247 -2.97382498 0.77699059
v -0.26934239 -2.9738251 0.82939041
v -0.29469678 -2.97680938 0.90742338
v -0.43291879 -2.9768095 0.85009098
v -0.13633946 -2.97382498 0.86125302
v -3E-08 -2.9738251 0.87205005
v -4E-08 -2.97680938 0.95409876
v -0.14917368 -2.9768095 0.9422853
v 0.13633937 -2.97382498 0.86125302
v 0.26934233 -2.9738251 0.82939041
v 0.29469669 -2.97680938 0.90742338
v 0.1491736 -2.9768095 0.9422853
v 0.39567238 -2.97382498 0.77699059
v 0.51231974 -2.9738251 0.70558721
v 0.56054646 -2.97680938 0.77196604
v 0.43291867 -2.9768095 0.85009098
v 0.61627442 -2.97382498 0.61671388
v 0.70514792 -2.9738251 0.51275927
v 0.77152628 -2.97680938 0.56098634
v 0.67428678 -2.9768095 0.67472672
v 0.77655166 -2.97382498 0.39611197
v 0.82895178 -2.9738251 0.26978192
v 0.90698445 -2.97680938 0.29513633
v 0.84965169 -2.9768095 0.43335846
v 0.86081409 -2.97382498 0.13677886
v 0.87161106 -2.9738251 0.00043933
v 0.95365995 -2.97680938 0.00043927
v 0.94184667 -2.9768095 0.14961308
v 0.86081433 -2.97382498 -0.13590021
v 0.94184679 -2.9768095 -0.14873452
v 1.08533013 -2.84107834 -0.35220593
v 1.0896101 -2.76293361 -0.35359657
v 1.1314913 -2.76293349 -0.17877136
v 1.12704718 -2.84107852 -0.17806746
v 1.05722404 -2.66391289 -0.34338245
v 1.09785962 -2.66378236 -0.17368612
v 1.11092269 -2.66285163 -0.0001212
v 1.14520741 -2.76235795 0.00018306
v 1.14106452 -2.84093446 0.0003753
v 0.95685542 -2.97028697 -0.31046188
v 0.99363446 -2.97028685 -0.15693694
v 0.99738628 -2.94804728 -0.32363126
v 1.03572333 -2.94804728 -0.1636032
v 1.04871404 -2.94804728 0.00043932
v 1.00609744 -2.97028697 0.00043928
v 1.0474 -2.90388048 -0.33988175
v 1.08765936 -2.90388036 -0.17182906
v 1.08533013 -2.84107834 -0.35220593
v 1.12704718 -2.84107852 -0.17806746
v 1.14106452 -2.84093446 0.0003753
v 1.10130155 -2.90388042 0.00043936
v 1.02073359 -2.76293349 -0.51965058
v 0.99038476 -2.66406548 -0.50456882
v 1.01672375 -2.84107852 -0.51760769
v 0.92323631 -2.84107834 -0.67033184
v 0.92687786 -2.76293361 -0.67297703
v 0.89929289 -2.66420823 -0.65339416
v 0.98119128 -2.90388036 -0.49950305
v 1.01672375 -2.84107852 -0.51760769
v 0.93433911 -2.94804728 -0.47563052
v 0.84842694 -2.94804722 -0.61597955
v 0.89097106 -2.90388048 -0.64688981
v 0.92323631 -2.84107834 -0.67033184
v 0.89637017 -2.97028685 -0.45628422
v 0.81394917 -2.97028685 -0.59092975
v 0.81005853 -2.76293349 -0.80961967
v 0.7859 -2.6643098 -0.7860074
v 0.8068763 -2.8410784 -0.80643785
v 0.67077076 -2.84107834 -0.9227981
v 0.67341584 -2.76293361 -0.92643881
v 0.65326101 -2.66444916 -0.89940143
v 0.77867758 -2.90388036 -0.77823913
v 0.8068763 -2.8410784 -0.80643785
v 0.74149537 -2.94804728 -0.74105692
v 0.6164183 -2.94804722 -0.84798849
v 0.64732862 -2.90388036 -0.89053285
v 0.67077076 -2.84107834 -0.9227981
v 0.71136296 -2.97028685 -0.71092421
v 0.59136862 -2.97028685 -0.81351048
v 0.52008951 -2.76293349 -1.02029455
v 0.50443071 -2.66470581 -0.990569
v 0.51804692 -2.8410784 -1.01628518
v 0.35264552 -2.84107834 -1.08489144
v 0.35403579 -2.76293361 -1.08917117
v 0.34322581 -2.66509318 -1.05754757
v 0.49994224 -2.90388036 -0.98075277
v 0.51804692 -2.8410784 -1.01628518
v 0.47606972 -2.94804728 -0.93390042
v 0.32407081 -2.94804722 -0.99694729
v 0.34032136 -2.90388036 -1.04696119
v 0.35264552 -2.84107834 -1.08489144
v 0.45672327 -2.97028685 -0.89593101
v 0.31090111 -2.97028685 -0.95641601
v 0.17921075 -2.76293349 -1.13105297
v 0.17346287 -2.66562539 -1.09837461
v 0.17850703 -2.8410784 -1.12660837
v 1E-08 -2.84107834 -1.14074492
v 1E-08 -2.76293361 -1.14524508
v -0.00059824 -2.66623658 -1.11233914
v 0.17226863 -2.90388036 -1.08722043
v 0.17850703 -2.8410784 -1.12660837
v 0.16404268 -2.94804728 -1.03528416
v 2E-08 -2.94804722 -1.04827511
v 1E-08 -2.90388036 -1.10086274
v 1E-08 -2.84107834 -1.14074492
v 0.15737624 -2.97028685 -0.99319482
v 2E-08 -2.97028685 -1.00565791
v -0.17921078 -2.76293349 -1.13105285
v -0.17469758 -2.66686141 -1.09873021
v -0.17850703 -2.8410784 -1.12660849
v -0.3526122 -2.84099829 -1.08484256
v -0.35390258 -2.76261324 -1.08897591
v -0.34432328 -2.66681594 -1.05785882
v -0.17226864 -2.90388036 -1.08722043
v -0.17850703 -2.8410784 -1.12660849
v -0.16404268 -2.94804728 -1.03528416
v -0.32407081 -2.94804722 -0.99694729
v -0.34032139 -2.90388036 -1.04696131
v -0.3526122 -2.84099829 -1.08484256
v -0.15737623 -2.97028685 -0.99319482
v -0.31090114 -2.97028685 -0.95641589
v -0.5195564 -2.76165205 -1.01951313
v -0.50496346 -2.66541654 -0.99003613
v -0.51791352 -2.84075809 -1.0160898
v -0.67057055 -2.84059781 -0.9225049
v -0.67261612 -2.76101136 -0.9252665
v -0.65344501 -2.66443098 -0.89820784
v -0.49994221 -2.90388036 -0.98075271
v -0.51791352 -2.84075809 -1.0160898
v -0.47606969 -2.94804728 -0.93390024
v -0.61641818 -2.94804722 -0.84798831
v -0.64732844 -2.90388036 -0.89053273
v -0.67057055 -2.84059781 -0.9225049
v -0.45672324 -2.97028685 -0.89593089
v -0.5913685 -2.97028685 -0.81351024
v -0.80952537 -2.76165205 -0.80883813
v -0.78659481 -2.66562766 -0.78531939
v -0.80674285 -2.84075809 -0.80624229
v -0.92320293 -2.84099823 -0.6702829
v -0.92674434 -2.76261318 -0.67278141
v -0.90068966 -2.66731399 -0.65348989
v -0.7786774 -2.90388036 -0.77823901
v -0.80674285 -2.84075809 -0.80624229
v -0.74149531 -2.94804728 -0.74105662
v -0.84842694 -2.94804722 -0.61597931
v -0.89097095 -2.90388036 -0.64688963
v -0.92320293 -2.84099823 -0.6702829
v -0.71136284 -2.97028685 -0.71092403
v -0.81394905 -2.97028685 -0.59092957
v -1.02073336 -2.76293349 -0.51965034
v -0.99200648 -2.66779804 -0.50483763
v -1.01672363 -2.8410784 -0.51760745
v -1.08533001 -2.84107834 -0.35220581
v -1.08960974 -2.76293361 -0.35359642
v -1.0587604 -2.66749984 -0.34351861
v -0.9811911 -2.90388036 -0.49950284
v -1.01672363 -2.8410784 -0.51760745
v -0.93433899 -2.94804728 -0.47563034
v -0.99738604 -2.94804722 -0.32363111
v -1.04739988 -2.90388036 -0.33988157
v -1.08533001 -2.84107834 -0.35220581
v -0.89637005 -2.97028685 -0.45628399
v -0.95685536 -2.97028685 -0.31046164
v -1.1314913 -2.76293349 -0.17877129
v -1.09916687 -2.66683966 -0.1736885
v -1.12704718 -2.8410784 -0.17806736
v -1.1411835 -2.84107834 0.00043945
v -1.14568341 -2.76293361 0.00043945
v -1.11267948 -2.666152 0.0003815
v -1.08765936 -2.90388036 -0.1718289
v -1.12704718 -2.8410784 -0.17806736
v -1.03572333 -2.94804728 -0.16360301
v -1.0487144 -2.94804722 0.00043944
v -1.10130179 -2.90388036 0.00043945
v -1.1411835 -2.84107834 0.00043945
v -0.99363446 -2.97028685 -0.15693671
v -1.00609756 -2.97028685 0.00043944
v -1.13149142 -2.76293349 0.17965019
v -1.09875214 -2.66577107 0.17442016
v -1.12704706 -2.8410784 0.17894626
v -1.08533001 -2.84107834 0.35308468
v -1.08960986 -2.76293361 0.35447532
v -1.05802524 -2.66561264 0.3441889
v -1.08765936 -2.90388036 0.1727078
v -1.12704706 -2.8410784 0.17894626
v -1.03572333 -2.94804728 0.16448188
v -0.9973861 -2.94804722 0.32450992
v -1.04739988 -2.90388036 0.34076047
v -1.08533001 -2.84107834 0.35308468
v -0.99363446 -2.97028685 0.15781559
v -0.95685536 -2.97028685 0.31134048
v -1.02073336 -2.76293349 0.52052927
v -0.99113852 -2.66559213 0.50544918
v -1.01672351 -2.8410784 0.51848638
v -0.92323619 -2.84107834 0.67121059
v -0.92687756 -2.76293361 0.67385572
v -0.90004003 -2.66570926 0.65437186
v -0.9811911 -2.90388036 0.50038171
v -1.01672351 -2.8410784 0.51848638
v -0.93433899 -2.94804728 0.47650921
v -0.84842682 -2.94804722 0.61685812
v -0.890971 -2.90388036 0.6477685
v -0.92323619 -2.84107834 0.67121059
v -0.89637005 -2.97028685 0.45716283
v -0.81394905 -2.97028691 0.59180838
v -0.8100583 -2.76293349 0.8104983
v -0.78667778 -2.66596359 0.78712791
v -0.80687606 -2.84107846 0.80731648
v -0.67077035 -2.84107834 0.92367661
v -0.67341554 -2.76293361 0.92731738
v -0.6540823 -2.66631389 0.90067494
v -0.77867734 -2.90388036 0.77911776
v -0.80687606 -2.84107846 0.80731648
v -0.74149531 -2.94804728 0.74193537
v -0.61641824 -2.94804728 0.84886706
v -0.64732832 -2.90388036 0.89141142
v -0.67077035 -2.84107834 0.92367661
v -0.71136284 -2.97028685 0.71180278
v -0.5913685 -2.97028691 0.81438887
v -0.52008927 -2.76293349 1.02117312
v -0.50528383 -2.66671866 0.99197048
v -0.51804656 -2.84107852 1.01716387
v -0.35264516 -2.84107834 1.08576989
v -0.35403559 -2.76293361 1.09004986
v -0.34407362 -2.66699976 1.05898094
v -0.49994203 -2.90388036 0.98163134
v -0.51804656 -2.84107852 1.01716387
v -0.4760696 -2.94804728 0.93477887
v -0.32407066 -2.94804728 0.99782574
v -0.34032115 -2.90388048 1.04783976
v -0.35264516 -2.84107834 1.08576989
v -0.45672318 -2.97028685 0.89680958
v -0.31090105 -2.97028697 0.9572944
v -0.17921063 -2.76293349 1.13193142
v -0.17424293 -2.66697866 1.09967315
v -0.17850682 -2.84107852 1.12748694
v -5.363E-05 -2.84091747 1.14151037
v -0.00021456 -2.76229 1.14567208
v -0.00042671 -2.66587561 1.11275184
v -0.17226851 -2.90388036 1.088099
v -0.17850682 -2.84107852 1.12748694
v -0.16404264 -2.94804728 1.03616261
v -2E-08 -2.94804728 1.04915357
v 0 -2.90388048 1.10174131
v -5.363E-05 -2.84091747 1.14151037
v -0.15737623 -2.97028685 0.99407333
v -4E-08 -2.97028697 1.00653636
v 0.1783524 -2.76035917 1.13012588
v 0.17273994 -2.66291082 1.0969218
v 0.17829238 -2.84043491 1.12703562
v 0.35219261 -2.8398385 1.0849148
v 0.35222453 -2.75797403 1.08662963
v 0.3411946 -2.65935802 1.05382121
v 0.17226855 -2.90388036 1.088099
v 0.17829238 -2.84043491 1.12703562
v 0.16404261 -2.94804728 1.03616261
v 0.32407063 -2.94804728 0.9978258
v 0.34032121 -2.90388048 1.04783964
v 0.35219261 -2.8398385 1.0849148
v 0.15737614 -2.97028685 0.99407333
v 0.31090096 -2.97028697 0.9572944
v 0.51713616 -2.75596714 1.01652026
v 0.50087482 -2.65649152 0.98508853
v 0.51730829 -2.83933687 1.01600051
v 0.66967982 -2.83890897 0.92232198
v 0.66905361 -2.75425571 0.92189884
v 0.64769411 -2.65383244 0.8927235
v 0.49994203 -2.90388036 0.98163128
v 0.51730829 -2.83933687 1.01600051
v 0.47606948 -2.94804728 0.93477881
v 0.616418 -2.94804728 0.848867
v 0.64732826 -2.90388048 0.8914113
v 0.66967982 -2.83890897 0.92232198
v 0.45672309 -2.97028685 0.89680952
v 0.59136832 -2.97028697 0.81438881
v 0.80394346 -2.75275695 0.80486697
v 0.77756572 -2.65090257 0.77872688
v 0.8053472 -2.8385343 0.80590856
v 0.92147869 -2.83849078 0.6699245
v 0.91984814 -2.75258321 0.6687116
v 0.88933086 -2.64974052 0.64651251
v 0.77867723 -2.90388036 0.7791177
v 0.8053472 -2.8385343 0.80590856
v 0.74149519 -2.94804728 0.74193537
v 0.8484267 -2.94804728 0.61685812
v 0.89097083 -2.90388048 0.64776844
v 0.92147869 -2.83849078 0.6699245
v 0.71136266 -2.97028685 0.71180272
v 0.81394887 -2.97028697 0.59180838
v 1.01480997 -2.75484669 0.51671994
v 0.9818306 -2.65238559 0.49949512
v 1.01524258 -2.83905673 0.51753402
v 1.08436477 -2.83985347 0.3525261
v 1.08574963 -2.75803387 0.35224116
v 1.05156779 -2.65663791 0.3405796
v 0.98119086 -2.90388036 0.50038165
v 1.01524258 -2.83905673 0.51753402
v 0.93433869 -2.94804728 0.47650918
v 0.99738592 -2.94804728 0.32450992
v 1.04739964 -2.90388048 0.34076041
v 1.08436477 -2.83985347 0.3525261
v 0.89636987 -2.97028685 0.4571628
v 0.95685506 -2.97028697 0.31134045
v 1.05156779 -2.65663791 0.3405796
v 1.08574963 -2.75803387 0.35224116
v 1.12958777 -2.7606312 0.17862473
v 1.09504545 -2.66029841 0.17267075
v 1.08436477 -2.83985347 0.3525261
v 1.12657118 -2.84050292 0.17868984
v 1.08765912 -2.90388036 0.17270774
v 1.12657118 -2.84050292 0.17868984
v 1.03572297 -2.94804728 0.16448179
v 0.99363422 -2.97028685 0.15781549
v 0.92284143 -2.53909385 -0.47129977
v 0.9851566 -2.53848392 -0.32089269
v 0.8378796 -2.53966516 -0.61015213
v 0.7669 -2.40128574 -0.56014305
v 0.84473509 -2.40025049 -0.43275386
v 0.90180314 -2.39922044 -0.29478022
v 0.73207647 -2.54007113 -0.73382354
v 0.60830343 -2.54062891 -0.83963227
v 0.55639696 -2.40331984 -0.77073526
v 0.66990185 -2.40215737 -0.67359531
v 0.4694311 -2.54165518 -0.92489654
v 0.31894895 -2.54320514 -0.98776716
v 0.29096118 -2.40802205 -0.90727872
v 0.42904204 -2.40522724 -0.84918833
v 0.16034634 -2.5453335 -1.02639449
v -0.00239297 -2.54777843 -1.04000294
v -0.00435631 -2.41629121 -0.95651942
v 0.14527853 -2.41184655 -0.94333071
v -0.1652852 -2.55027759 -1.02781677
v -0.32400504 -2.55169773 -0.98998886
v -0.30046237 -2.42425373 -0.91183043
v -0.15429394 -2.42094633 -0.94601995
v -0.47422728 -2.55090523 -0.92667246
v -0.61303747 -2.55016696 -0.84071881
v -0.56650114 -2.4245632 -0.77491784
v -0.43878976 -2.42465535 -0.85394889
v -0.73752117 -2.55174977 -0.73497945
v -0.84413344 -2.55369008 -0.61151224
v -0.77855241 -2.42816705 -0.56324428
v -0.68082172 -2.42638922 -0.67727906
v -0.92932928 -2.55402434 -0.47237557
v -0.99130279 -2.55283159 -0.32143757
v -0.91293192 -2.42564535 -0.29607245
v -0.85649419 -2.42793012 -0.43502471
v -1.02824855 -2.55019081 -0.16256683
v -1.04004991 -2.54743981 0.00020765
v -0.95629293 -2.4168207 -7.162E-05
v -0.94614983 -2.4212794 -0.14983927
v -1.02659035 -2.54591644 0.16285674
v -0.98836195 -2.54528278 0.32148197
v -0.90817469 -2.41311097 0.29530239
v -0.94350559 -2.41425738 0.14948402
v -0.92585737 -2.54520059 0.47218478
v -0.84086871 -2.5456689 0.61142689
v -0.77265769 -2.41358322 0.56191015
v -0.85068715 -2.41290292 0.43385816
v -0.73518813 -2.54668641 0.73567003
v -0.61158884 -2.5480876 0.84209108
v -0.56235027 -2.4172062 0.77426136
v -0.67570144 -2.41510183 0.6762172
v -0.47284377 -2.54970688 0.9278667
v -0.32234064 -2.55083108 0.99086487
v -0.29699603 -2.42135519 0.91181821
v -0.43513614 -2.41964391 0.85352486
v -0.1634668 -2.55074668 1.02895355
v -0.00063396 -2.5495525 1.04127586
v -0.00082873 -2.42023778 0.95852149
v -0.15086678 -2.42128041 0.94695157
v 0.16174626 -2.54734695 1.02697539
v 0.31988007 -2.54506218 0.9873265
v 0.29522109 -2.41822502 0.91059244
v 0.1490379 -2.41904548 0.94612408
v 0.46997368 -2.54363024 0.92360342
v 0.60784537 -2.54155117 0.83737797
v 0.56187105 -2.4170056 0.77376902
v 0.43420887 -2.4182981 0.85275984
v 0.72931361 -2.53732514 0.73022205
v 0.83317888 -2.53354627 0.60570985
v 0.76923066 -2.40612793 0.5593403
v 0.67407733 -2.41208851 0.67476296
v 0.9182421 -2.53280854 0.46741527
v 0.98183256 -2.53388214 0.31821516
v 0.90200472 -2.3989071 0.29296273
v 0.8457337 -2.40170494 0.43110004
v 1.02128005 -2.53553742 0.16098624
v 0.98183256 -2.53388214 0.31821516
v 1.03540289 -2.53711653 -0.00052126
v 0.94824648 -2.39784363 -0.00080831
v 0.93646181 -2.39782235 0.14784873
v 0.90200472 -2.3989071 0.29296273
v 1.02301955 -2.53796172 -0.16255704
v 0.93650031 -2.39836383 -0.14957485
v 0.57694507 -1.86015406 -0.42414528
v 0.53759903 -1.73642424 -0.39540926
v 0.59199977 -1.73518261 -0.30546609
v 0.63530219 -1.85900135 -0.32757071
v 0.50035429 -1.61548895 -0.36791226
v 0.55107677 -1.61426926 -0.28426316
v 0.58825195 -1.61317506 -0.193774
v 0.63189363 -1.73416775 -0.20820917
v 0.67812884 -1.8581973 -0.22318274
v 0.71061695 -2.26105157 -0.52025902
v 0.78269714 -2.2597672 -0.40184152
v 0.6631723 -2.12240654 -0.48638585
v 0.73035073 -2.12106127 -0.37554887
v 0.77964264 -2.12013066 -0.25572968
v 0.83555907 -2.25869656 -0.27369836
v 0.61870897 -1.98879445 -0.45440936
v 0.68131906 -1.98755011 -0.35086173
v 0.57694507 -1.86015406 -0.42414528
v 0.63530219 -1.85900135 -0.32757071
v 0.67812884 -1.8581973 -0.22318274
v 0.72727227 -1.98674126 -0.238957
v 0.65644026 -1.73349962 -0.10571253
v 0.70452297 -1.85762534 -0.11325047
v 0.61104429 -1.61249742 -0.09840068
v 0.618931 -1.61227319 -0.00059597
v 0.6650604 -1.73337728 -0.00059879
v 0.71389639 -1.85766055 -0.00051614
v 0.86783117 -2.25788116 -0.13893022
v 0.80989265 -2.11949399 -0.12976964
v 0.8205924 -2.11960262 -0.00061326
v 0.8790521 -2.25772384 -0.00077346
v 0.75556517 -1.98618278 -0.12123962
v 0.70452297 -1.85762534 -0.11325047
v 0.71389639 -1.85766055 -0.00051614
v 0.76564056 -1.98632526 -0.00052422
v 0.36266351 -1.6177718 -0.5070278
v 0.43692043 -1.61654308 -0.44276521
v 0.46953201 -1.7377727 -0.47596461
v 0.38977486 -1.73939353 -0.54520333
v 0.50395972 -1.86177202 -0.51063746
v 0.41838908 -1.86376576 -0.58498842
v 0.54044509 -1.99065942 -0.54705536
v 0.50395972 -1.86177202 -0.51063746
v 0.57926333 -2.12428728 -0.58539915
v 0.48094657 -2.12663421 -0.67029589
v 0.44869527 -1.99297289 -0.62660319
v 0.41838908 -1.86376576 -0.58498842
v 0.62068981 -2.262508 -0.62584978
v 0.51539594 -2.26436907 -0.71631503
v 0.18927649 -1.62119406 -0.59717309
v 0.27947181 -1.61951554 -0.55890554
v 0.30030403 -1.74145222 -0.60119677
v 0.20322981 -1.74372414 -0.64272499
v 0.32227558 -1.86604591 -0.64513934
v 0.21793985 -1.86884921 -0.68991655
v 0.34562731 -1.99556276 -0.6908564
v 0.32227558 -1.86604591 -0.64513934
v 0.37054515 -2.12937808 -0.73878324
v 0.25073987 -2.13293858 -0.78962231
v 0.2337451 -1.99885499 -0.7386499
v 0.21793985 -1.86884921 -0.68991655
v 0.39721507 -2.26686722 -0.78935564
v 0.26901832 -2.27029705 -0.84353119
v -0.00369447 -1.62323937 -0.62898821
v 0.09400864 -1.62222713 -0.62060523
v 0.10066266 -1.74598467 -0.66856837
v -0.00463274 -1.74861723 -0.67830408
v 0.10770234 -1.87241241 -0.71814615
v -0.00557342 -1.87676856 -0.72917521
v 0.11555259 -2.00327551 -0.76881886
v 0.10770234 -1.87241241 -0.71814615
v 0.12421139 -2.13773529 -0.82157457
v -0.00592904 -2.14359459 -0.83389735
v -0.00598612 -2.00872135 -0.78063583
v -0.00557342 -1.87676856 -0.72917521
v 0.13367678 -2.27495307 -0.87740123
v -0.00546039 -2.28050727 -0.89017141
v -0.19635685 -1.62651795 -0.60020202
v -0.10119551 -1.62485537 -0.62210822
v -0.10989162 -1.75200522 -0.67150956
v -0.21275184 -1.75544754 -0.64841467
v -0.11902395 -1.88195068 -0.72235125
v -0.22995465 -1.88703878 -0.6978488
v -0.12790686 -2.01508951 -0.7733736
v -0.11902395 -1.88195068 -0.72235125
v -0.13657026 -2.15034279 -0.82584828
v -0.26411715 -2.15612893 -0.79718262
v -0.24705426 -2.02095734 -0.74697727
v -0.22995465 -1.88703878 -0.6978488
v -0.14504412 -2.28663155 -0.88104713
v -0.2812098 -2.29147929 -0.84984767
v -0.36883697 -1.62941733 -0.51143092
v -0.28704074 -1.62767008 -0.56350631
v -0.31085131 -1.75824308 -0.60924947
v -0.39939809 -1.76151709 -0.55328834
v -0.33567095 -1.89111288 -0.65584254
v -0.43144971 -1.89531551 -0.59586996
v -0.360273 -2.02490216 -0.70139205
v -0.33567095 -1.89111288 -0.65584254
v -0.38497457 -2.15910207 -0.74765593
v -0.49608171 -2.16099738 -0.67893875
v -0.46363062 -2.02829518 -0.63717055
v -0.43144971 -1.89531551 -0.59586996
v -0.41009289 -2.29320371 -0.79639256
v -0.52894384 -2.29396331 -0.72292274
v -0.49487787 -1.63585559 -0.36465645
v -0.43733507 -1.63286564 -0.44338551
v -0.4736003 -1.76639482 -0.47980529
v -0.53600657 -1.77042137 -0.39464501
v -0.512568 -1.90078923 -0.51746815
v -0.58097529 -1.90502369 -0.42636919
v -0.55319464 -2.03250757 -0.55486554
v -0.512568 -1.90078923 -0.51746815
v -0.59437746 -2.16354997 -0.59270132
v -0.67786235 -2.16483909 -0.49199393
v -0.62898684 -2.03530982 -0.45895436
v -0.58097529 -1.90502369 -0.42636919
v -0.63501346 -2.29591659 -0.63167948
v -0.72542316 -2.29717082 -0.52508098
v -0.58112627 -1.63515061 -0.1913792
v -0.54380798 -1.63622797 -0.28052983
v -0.58916569 -1.77114186 -0.30365205
v -0.62972307 -1.77009124 -0.20714794
v -0.63862127 -1.90550853 -0.32830483
v -0.6822747 -1.9040944 -0.22390175
v -0.69102883 -2.03447244 -0.35391468
v -0.63862127 -1.90550853 -0.32830483
v -0.744537 -2.1629439 -0.37986654
v -0.79319155 -2.15954039 -0.25881639
v -0.73713309 -2.03196503 -0.24126373
v -0.6822747 -1.9040944 -0.22390175
v -0.7972945 -2.29583323 -0.40554583
v -0.84934294 -2.2926577 -0.27614236
v -0.61142343 -1.63208079 -0.00145485
v -0.60383338 -1.63379139 -0.09757794
v -0.65432453 -1.76880449 -0.10545421
v -0.66253197 -1.7671757 -0.00120297
v -0.70870382 -1.90263189 -0.11378654
v -0.71748722 -1.90097174 -0.00089608
v -0.76511204 -2.02975723 -0.12251918
v -0.70870382 -1.90263189 -0.11378654
v -0.82261628 -2.15630458 -0.1313405
v -0.83217037 -2.15343913 -0.00075108
v -0.77436537 -2.02769164 -0.00082331
v -0.71748722 -1.90097174 -0.00089608
v -0.88028395 -2.288398 -0.13993885
v -0.88990629 -2.28431797 -0.00044586
v -0.58050358 -1.6284095 0.18830884
v -0.60339034 -1.62994933 0.09466124
v -0.65390772 -1.76509902 0.10297376
v -0.62914926 -1.76348391 0.20437294
v -0.70820314 -1.89896468 0.11183272
v -0.68146086 -1.89733213 0.22151101
v -0.76429313 -2.02561086 0.12068157
v -0.70820314 -1.89896468 0.11183272
v -0.82121301 -2.15114675 0.12963958
v -0.79031634 -2.14960694 0.25671184
v -0.7354902 -2.0240013 0.23898676
v -0.68146086 -1.89733213 0.22151101
v -0.87799847 -2.28168154 0.13882601
v -0.84501874 -2.28026462 0.27459806
v -0.49321765 -1.62919825 0.35878488
v -0.54353285 -1.62847418 0.27702636
v -0.58895427 -1.76323986 0.30029166
v -0.53425175 -1.76335362 0.38852844
v -0.63786966 -1.89679553 0.32524991
v -0.57856423 -1.89639278 0.42061368
v -0.6885516 -2.02334934 0.35108349
v -0.63786966 -1.89679553 0.32524991
v -0.74005264 -2.14899924 0.37734607
v -0.67179799 -2.14890169 0.48857665
v -0.62474936 -2.02293357 0.45425367
v -0.57856423 -1.89639278 0.42061368
v -0.79142493 -2.27984312 0.40359151
v -0.71870071 -2.28022286 0.52271116
v -0.35781574 -1.62881684 0.49603924
v -0.43029752 -1.62963653 0.43155563
v -0.4659707 -1.76281187 0.46688175
v -0.38737011 -1.76070258 0.53620607
v -0.50467914 -1.89516184 0.50516665
v -0.41948244 -1.89241453 0.57949799
v -0.5453552 -2.02203256 0.54577917
v -0.50467914 -1.89516184 0.50516665
v -0.58692873 -2.14889237 0.58743799
v -0.48805243 -2.14881377 0.67239571
v -0.4533312 -2.02026489 0.6252479
v -0.41948244 -1.89241453 0.57949799
v -0.62832952 -2.28120965 0.6288619
v -0.52278179 -2.28262126 0.71988159
v -0.1925537 -1.62272277 0.59644252
v -0.27881515 -1.62576675 0.55293638
v -0.30170915 -1.75611368 0.59735572
v -0.20824568 -1.75172538 0.64401793
v -0.3262417 -1.88746264 0.64419717
v -0.22468975 -1.88285314 0.69326013
v -0.35163933 -2.01724917 0.69224787
v -0.3262417 -1.88746264 0.64419717
v -0.37777656 -2.14850843 0.74191546
v -0.25818157 -2.14823264 0.79345423
v -0.24117339 -2.01451961 0.74248034
v -0.22468975 -1.88285314 0.69326013
v -0.40452796 -2.28427553 0.79360783
v -0.27619943 -2.28550011 0.84795737
v -0.00032348 -1.62178147 0.62770903
v -0.09828916 -1.62192139 0.62075311
v -0.10623755 -1.75021788 0.66988015
v -0.00039181 -1.74952489 0.67698658
v -0.11455929 -1.88113298 0.7206828
v -0.00061867 -1.8800822 0.72824448
v -0.12282731 -2.01361045 0.77164662
v -0.11455929 -1.88113298 0.7206828
v -0.13134792 -2.14824283 0.82446891
v -0.00105586 -2.14760584 0.8345477
v -0.00088381 -2.01272974 0.78040266
v -0.00061867 -1.8800822 0.72824448
v -0.14042744 -2.28562266 0.88084704
v -0.00100343 -2.28484872 0.89176637
v 0.19173828 -1.61942568 0.59551948
v 0.09704137 -1.6207217 0.61915135
v 0.1045846 -1.74758014 0.66738141
v 0.20651169 -1.74525896 0.64157599
v 0.11236377 -1.87748084 0.7177242
v 0.22201587 -1.87437331 0.68977535
v 0.12037437 -2.01008552 0.76940411
v 0.11236377 -1.87748084 0.7177242
v 0.12891427 -2.14538842 0.82327861
v 0.25555232 -2.14273439 0.79172933
v 0.23826724 -2.00686446 0.73956269
v 0.22201587 -1.87437331 0.68977535
v 0.13828135 -2.28338385 0.88020521
v 0.27415773 -2.28198516 0.8470664
v 0.36472791 -1.61801934 0.50553411
v 0.28170013 -1.61857703 0.55725223
v 0.30320945 -1.74343666 0.60008192
v 0.39244574 -1.74206978 0.54412723
v 0.32596558 -1.87180401 0.64505112
v 0.42186606 -1.86970457 0.58476371
v 0.35011482 -2.00425321 0.6917901
v 0.32596558 -1.87180401 0.64505112
v 0.37584817 -2.14078741 0.74096775
v 0.48659441 -2.13852762 0.67209405
v 0.45321026 -2.00184492 0.62724984
v 0.42186606 -1.86970457 0.58476371
v 0.40335661 -2.28140974 0.79325283
v 0.5221343 -2.27978945 0.71980417
v 0.50164157 -1.61680561 0.36690199
v 0.43862256 -1.6175963 0.44154945
v 0.47198847 -1.7411148 0.47494036
v 0.5398044 -1.73988169 0.39439774
v 0.50737047 -1.86800666 0.51012528
v 0.58021843 -1.86609341 0.42336366
v 0.54484677 -1.99923274 0.54710573
v 0.50737047 -1.86800666 0.51012528
v 0.58458352 -2.13493519 0.5862084
v 0.66774791 -2.13075797 0.48622862
v 0.62278962 -1.99631845 0.45392179
v 0.58021843 -1.86609341 0.42336366
v 0.62674719 -2.27525616 0.62775952
v 0.71532428 -2.26961318 0.52044064
v 0.58892488 -1.61344621 0.19257575
v 0.55204231 -1.6151453 0.28319573
v 0.59386021 -1.73768044 0.30437613
v 0.6332767 -1.73541766 0.20702893
v 0.6381495 -1.86334798 0.32670686
v 0.68026388 -1.86059971 0.22229742
v 0.6848039 -1.99300385 0.35026228
v 0.6381495 -1.86334798 0.32670686
v 0.73402005 -2.12674384 0.37507287
v 0.78223634 -2.12331851 0.25513157
v 0.72986323 -1.98990032 0.23834173
v 0.68026388 -1.86059971 0.22229742
v 0.78599483 -2.26466376 0.401169
v 0.83754468 -2.26085335 0.27263665
v 0.61138952 -1.61253911 0.09718737
v 0.65717465 -1.73399997 0.10450949
v 0.58892488 -1.61344621 0.19257575
v 0.6332767 -1.73541766 0.20702893
v 0.68026388 -1.86059971 0.22229742
v 0.70566142 -1.85867795 0.11227814
v 0.68026388 -1.86059971 0.22229742
v 0.72986323 -1.98990032 0.23834173
v 0.75694102 -1.98761928 0.12037455
v 0.70566142 -1.85867795 0.11227814
v 0.78223634 -2.12331851 0.25513157
v 0.81123376 -2.12090778 0.12879498
v 0.83754468 -2.26085335 0.27263665
v 0.86876011 -2.2586273 0.13753568
v 0.56806195 -1.49331054 -0.09108976
v 0.57530677 -1.49314588 -0.00033148
v 0.54688931 -1.49374145 -0.17961477
v 0.50971639 -1.37471795 -0.16675612
v 0.52945024 -1.37457526 -0.08439932
v 0.53615499 -1.37451875 1.196E-05
v 0.52952528 -1.37456834 0.08445507
v 0.56821483 -1.49324924 0.09043058
v 0.50993115 -1.37484467 0.16683875
v 0.54723144 -1.49377733 0.17897771
v 0.50993115 -1.37484467 0.16683875
v 0.47774258 -1.37546885 0.24507174
v 0.51280236 -1.49488667 0.26309127
v 0.54723144 -1.49377733 0.17897771
v 0.43383563 -1.37612325 0.31730813
v 0.46582437 -1.49598756 0.34075454
v 0.3790862 -1.37649071 0.38170195
v 0.40719461 -1.49649015 0.40995085
v 0.31497461 -1.37656683 0.43677685
v 0.33849093 -1.49663207 0.46917757
v 0.24298091 -1.3763473 0.48105669
v 0.26129127 -1.49665096 0.51693189
v 0.16503757 -1.37607378 0.51362497
v 0.17767927 -1.49677786 0.5521605
v 0.08307687 -1.37598777 0.53356516
v 0.08973853 -1.49724376 0.57381016
v -0.00094925 -1.3758136 0.5405277
v -0.00053394 -1.49757546 0.58149165
v -0.08508885 -1.37527567 0.53416288
v -0.09114119 -1.49729979 0.57481581
v -0.16616747 -1.37483603 0.51325172
v -0.17832653 -1.4974317 0.55222273
v -0.24101071 -1.37495685 0.47657534
v -0.25833324 -1.49898627 0.51215225
v -0.30967239 -1.3749696 0.42832869
v -0.33164048 -1.50044513 0.45966437
v -0.37220633 -1.37420553 0.37270704
v -0.39872748 -1.50028986 0.39981917
v -0.42626303 -1.373088 0.30956143
v -0.45686716 -1.49930882 0.33217034
v -0.46949309 -1.37204057 0.23874338
v -0.50333256 -1.49829036 0.25627166
v -0.50125235 -1.37174302 0.16211982
v -0.53747213 -1.4980619 0.17405486
v -0.52089685 -1.37287545 0.08155773
v -0.55863452 -1.49945092 0.08745177
v -0.52779317 -1.37459195 -0.00102362
v -0.56608522 -1.50146431 -0.00136266
v -0.521308 -1.37604719 -0.08370498
v -0.55908984 -1.50310901 -0.09021343
v -0.50186157 -1.3773185 -0.16447611
v -0.53813177 -1.50446752 -0.17697248
v -0.46987405 -1.37848341 -0.24132676
v -0.50369442 -1.50562236 -0.2595118
v -0.42755139 -1.37894011 -0.31349492
v -0.45838624 -1.50567901 -0.33727795
v -0.37709939 -1.37808686 -0.38021857
v -0.40481573 -1.5037429 -0.40971747
v -0.31728026 -1.37702596 -0.43778095
v -0.3411274 -1.50153369 -0.47230282
v -0.24685635 -1.37685978 -0.48246497
v -0.26546583 -1.50077105 -0.5205065
v -0.16907707 -1.37709105 -0.51445228
v -0.1816806 -1.50058439 -0.5547381
v -0.08719186 -1.37722272 -0.53392428
v -0.09362133 -1.50010332 -0.57540709
v -0.00312769 -1.37728435 -0.54048568
v -0.003289 -1.49960703 -0.58219332
v 0.0811885 -1.37730587 -0.53374094
v 0.08731544 -1.49937469 -0.57477647
v 0.16351958 -1.37716335 -0.51395774
v 0.17574137 -1.49897331 -0.55335891
v 0.24162838 -1.37673271 -0.48140377
v 0.25953817 -1.49796984 -0.51814288
v 0.31372824 -1.37617815 -0.43705076
v 0.33686572 -1.49681631 -0.47024149
v 0.37803239 -1.37566406 -0.38187063
v 0.40588376 -1.49596465 -0.41076773
v 0.43304214 -1.37523293 -0.31736502
v 0.46489397 -1.49523228 -0.3413651
v 0.51219791 -1.49443662 -0.263677
v 0.4772585 -1.3749274 -0.24503575
v 0.49716616 -1.25492758 -0.07894892
v 0.50344259 -1.25491542 0.00025158
v 0.47864401 -1.25495559 -0.15622267
v 0.45371228 -1.13575053 -0.14790551
v 0.47125816 -1.13574338 -0.07467365
v 0.47720367 -1.13574046 0.00039238
v 0.47126547 -1.13574505 0.07546457
v 0.49719554 -1.25493431 0.0794768
v 0.45375842 -1.13583237 0.14869221
v 0.47875863 -1.25508195 0.15676293
v 0.45375842 -1.13583237 0.14869221
v 0.42499754 -1.13607669 0.21822454
v 0.44846553 -1.25545597 0.2301462
v 0.47875863 -1.25508195 0.15676293
v 0.38579211 -1.13642305 0.28244615
v 0.40715823 -1.25590861 0.29791555
v 0.3369512 -1.13681591 0.33974159
v 0.35567909 -1.25629222 0.35835987
v 0.27979016 -1.13710999 0.38874704
v 0.29541853 -1.25648236 0.41005147
v 0.21562366 -1.13715923 0.42809874
v 0.22776705 -1.25635493 0.45156261
v 0.14612587 -1.13702786 0.4569661
v 0.15451615 -1.25607193 0.48203862
v 0.07297071 -1.13677943 0.47451869
v 0.07745714 -1.25579524 0.50062448
v -0.00197564 -1.1363892 0.48047781
v -0.00149549 -1.25540262 0.507011
v -0.07684702 -1.13583195 0.47456512
v -0.08042727 -1.25477171 0.50088894
v -0.14939575 -1.13485509 0.45631954
v -0.1566799 -1.25391954 0.48142293
v -0.2173741 -1.13320619 0.42527995
v -0.22759503 -1.25286317 0.44777778
v -0.27990636 -1.13160026 0.38394773
v -0.29273948 -1.25177246 0.40327939
v -0.33611679 -1.13075238 0.33482414
v -0.35168007 -1.25081724 0.35125375
v -0.38440067 -1.1302498 0.27833033
v -0.40246791 -1.24993843 0.29183507
v -0.42315322 -1.12967986 0.21488772
v -0.4431541 -1.2490772 0.22515738
v -0.45161545 -1.1293968 0.14620419
v -0.47304171 -1.24875528 0.15301232
v -0.46902841 -1.12975514 0.07398777
v -0.49143398 -1.24949437 0.07719149
v -0.47500119 -1.13047743 -6.102E-05
v -0.49782321 -1.25072956 -0.00053497
v -0.46914271 -1.13128608 -0.07424168
v -0.49170202 -1.25189567 -0.07839689
v -0.45177716 -1.13208669 -0.14664544
v -0.47343743 -1.25297999 -0.15443836
v -0.42322886 -1.13278472 -0.21536361
v -0.44339618 -1.25396931 -0.22670352
v -0.38495356 -1.13355607 -0.27937105
v -0.40339324 -1.25468749 -0.29429275
v -0.33840713 -1.13457656 -0.33764267
v -0.35524327 -1.25495768 -0.35630643
v -0.2835196 -1.13545585 -0.38778567
v -0.29830629 -1.25505406 -0.40974191
v -0.22022077 -1.13580358 -0.42740721
v -0.2319421 -1.2552501 -0.45159665
v -0.15084261 -1.13587707 -0.45614836
v -0.15890019 -1.25548226 -0.48177418
v -0.07771686 -1.13593328 -0.47365019
v -0.08192993 -1.255687 -0.50017822
v -0.00269895 -1.13597047 -0.47959
v -0.00292191 -1.25583565 -0.5064317
v 0.07235572 -1.13598633 -0.47364503
v 0.07623329 -1.25589931 -0.50015765
v 0.1455874 -1.13597798 -0.45610151
v 0.15350628 -1.25586551 -0.48164508
v 0.21513641 -1.13594198 -0.42724544
v 0.22686769 -1.25572169 -0.45118302
v 0.27935261 -1.13588881 -0.38792136
v 0.29459772 -1.25550878 -0.40966195
v 0.33658594 -1.1358285 -0.33897358
v 0.35497677 -1.25526786 -0.3579722
v 0.38552275 -1.13577902 -0.28171921
v 0.4066228 -1.25506943 -0.29750901
v 0.44815409 -1.25498408 -0.2296676
v 0.42484927 -1.13575757 -0.21747528
v 0.34586096 -0.77474236 -0.25244206
v 0.30199301 -0.77474213 -0.30375418
v 0.29383013 -0.56727433 -0.29559129
v 0.33652091 -0.56727433 -0.2456561
v 0.25068086 -0.77474225 -0.34762222
v 0.2438949 -0.56727433 -0.3382822
v 0.24104655 -0.36310101 -0.3343617
v 0.29040384 -0.36310101 -0.29216492
v 0.33260047 -0.36310101 -0.24280769
v 0.19310352 -0.77474213 -0.38286713
v 0.18786263 -0.56727433 -0.3725813
v 0.13074678 -0.77474225 -0.40873173
v 0.12717919 -0.56727433 -0.39775187
v 0.1256817 -0.36310101 -0.39314312
v 0.18566279 -0.36310101 -0.3682639
v 0.0650964 -0.77474213 -0.42445877
v 0.06329051 -0.56727433 -0.41305694
v -0.00220082 -0.77474225 -0.42978796
v -0.00220082 -0.56727433 -0.41824311
v -0.00220081 -0.36310101 -0.41339725
v 0.0625325 -0.36310101 -0.40827107
v -0.06949808 -0.77474213 -0.42445877
v -0.0676922 -0.56727433 -0.41305694
v -0.13514847 -0.77474225 -0.40873173
v -0.1315809 -0.56727433 -0.39775187
v -0.13008341 -0.36310112 -0.39314309
v -0.06693417 -0.36310101 -0.40827107
v -0.19750507 -0.77474213 -0.38286707
v -0.19226418 -0.56727433 -0.37258124
v -0.25508225 -0.77474225 -0.34762213
v -0.24829631 -0.56727433 -0.33828211
v -0.24544792 -0.36310101 -0.3343617
v -0.19006433 -0.36310101 -0.36826387
v -0.30639431 -0.77474213 -0.30375406
v -0.29823142 -0.56727433 -0.29559124
v -0.35026228 -0.77474225 -0.252442
v -0.34092221 -0.56727433 -0.24565609
v -0.33700177 -0.36310101 -0.24280775
v -0.29480511 -0.36310101 -0.29216492
v -0.38550717 -0.77474213 -0.19486488
v -0.37522134 -0.56727433 -0.18962401
v -0.4113718 -0.77474225 -0.13250832
v -0.40039194 -0.56727433 -0.12894073
v -0.39578316 -0.36310101 -0.12744324
v -0.37090394 -0.36310101 -0.18742418
v -0.42709896 -0.77474213 -0.06685793
v -0.41569704 -0.56727433 -0.06505205
v -0.43242821 -0.77474225 0.00043934
v -0.42088327 -0.56727433 0.00043934
v -0.41603729 -0.36310101 0.00043935
v -0.41091114 -0.36310101 -0.06429402
v -0.42709896 -0.77474213 0.06773658
v -0.41569704 -0.56727433 0.06593069
v -0.4113718 -0.77474225 0.13338695
v -0.40039188 -0.56727433 0.12981938
v -0.39578319 -0.36310101 0.12832189
v -0.41091111 -0.36310101 0.06517266
v -0.38550711 -0.77474213 0.19574361
v -0.37522128 -0.56727433 0.19050275
v -0.35026222 -0.77474225 0.25332081
v -0.34092215 -0.56727433 0.24653493
v -0.33700168 -0.36310112 0.24368659
v -0.37090391 -0.36310101 0.18830292
v -0.30639422 -0.77474213 0.30463287
v -0.29823136 -0.56727433 0.29647002
v -0.25508222 -0.77474225 0.34850085
v -0.24829626 -0.56727433 0.3391608
v -0.24544789 -0.36310101 0.33524036
v -0.29480505 -0.36310101 0.29304373
v -0.19750506 -0.77474213 0.38374579
v -0.19226417 -0.56727433 0.37345988
v -0.13514848 -0.77474225 0.40961036
v -0.1315809 -0.56727433 0.3986305
v -0.1300834 -0.36310101 0.39402175
v -0.19006431 -0.36310101 0.36914247
v -0.06949809 -0.77474213 0.42533746
v -0.06769221 -0.56727433 0.41393554
v -0.00220083 -0.77474225 0.43066657
v -0.00220083 -0.56727433 0.41912168
v -0.00220083 -0.36310101 0.4142758
v -0.06693418 -0.36310101 0.40914965
v 0.06509639 -0.77474213 0.42533746
v 0.06329051 -0.56727433 0.41393554
v 0.13074675 -0.77474225 0.40961036
v 0.12717916 -0.56727433 0.39863047
v 0.12568168 -0.36310101 0.39402169
v 0.06253249 -0.36310101 0.40914965
v 0.19310337 -0.77474213 0.38374573
v 0.18786249 -0.56727433 0.37345988
v 0.25068054 -0.77474225 0.34850076
v 0.24389464 -0.56727433 0.33916074
v 0.24104629 -0.36310101 0.3352403
v 0.18566267 -0.36310101 0.36914244
v 0.3019926 -0.77474213 0.30463281
v 0.29382977 -0.56727433 0.29646996
v 0.34586051 -0.77474225 0.25332075
v 0.33652049 -0.56727433 0.24653484
v 0.33260012 -0.36310101 0.24368654
v 0.29040346 -0.36310101 0.2930437
v 0.38110542 -0.77474213 0.19574356
v 0.37081966 -0.56727433 0.19050269
v 0.40697008 -0.77474225 0.13338692
v 0.39599019 -0.56727433 0.12981935
v 0.39138144 -0.36310101 0.12832186
v 0.36650226 -0.36310101 0.18830287
v 0.40697008 -0.77474225 0.13338692
v 0.42269716 -0.77474213 0.06773654
v 0.41129524 -0.56727433 0.06593062
v 0.39599019 -0.56727433 0.12981935
v 0.42802638 -0.77474225 0.00043928
v 0.41648144 -0.56727433 0.00043924
v 0.41163555 -0.36310101 0.00043921
v 0.4065094 -0.36310101 0.06517258
v 0.39138144 -0.36310101 0.12832186
v 0.42269722 -0.77474213 -0.06685796
v 0.41129535 -0.56727433 -0.06505209
v 0.40697023 -0.77474225 -0.13250831
v 0.39599037 -0.56727433 -0.12894073
v 0.39138156 -0.36310101 -0.12744324
v 0.40650943 -0.36310101 -0.0642941
v 0.38110575 -0.77474213 -0.19486488
v 0.37081993 -0.56727433 -0.18962398
v 0.36650249 -0.36310101 -0.18742412
v 0.37986982 -0.29376531 -0.19423503
v 0.40565085 -0.29376531 -0.13207959
v 0.34473869 -0.29376531 -0.25162652
v 0.35925627 -0.28231049 -0.26217416
v 0.39585745 -0.28231049 -0.20238109
v 0.42271733 -0.28231049 -0.13762474
v 0.30101216 -0.29376531 -0.30277324
v 0.24986547 -0.29376531 -0.34649986
v 0.26041314 -0.28231049 -0.36101741
v 0.31370005 -0.28231049 -0.31546107
v 0.19247374 -0.29376531 -0.38163114
v 0.13031803 -0.29376531 -0.40741235
v 0.13586323 -0.28231049 -0.4244788
v 0.20061985 -0.28231049 -0.39761877
v 0.06487938 -0.29376531 -0.42308885
v -0.00220078 -0.29376531 -0.42840087
v -0.00220075 -0.28231061 -0.44634563
v 0.06768633 -0.28231049 -0.44081122
v -0.069281 -0.29376543 -0.42308885
v -0.1347197 -0.29376554 -0.40741238
v -0.14026485 -0.28231072 -0.42447886
v -0.07208791 -0.28231072 -0.44081128
v -0.19687526 -0.29376543 -0.38163114
v -0.2542668 -0.29376531 -0.3464998
v -0.26481444 -0.28231049 -0.36101744
v -0.20502135 -0.28231072 -0.39761877
v -0.30541342 -0.29376531 -0.30277327
v -0.34913996 -0.29376531 -0.25162664
v -0.36365753 -0.28231049 -0.26217434
v -0.31810126 -0.28231049 -0.31546113
v -0.3842712 -0.29376531 -0.19423513
v -0.41005242 -0.29376531 -0.13207957
v -0.42711893 -0.28231049 -0.1376248
v -0.40025881 -0.28231049 -0.20238124
v -0.42572889 -0.29376531 -0.06664088
v -0.43104088 -0.29376531 0.00043937
v -0.44898561 -0.28231049 0.00043939
v -0.44345126 -0.28231049 -0.06944782
v -0.42572886 -0.29376531 0.06751957
v -0.41005239 -0.29376531 0.13295822
v -0.42711893 -0.28231061 0.13850342
v -0.44345126 -0.28231049 0.07032651
v -0.38427117 -0.29376543 0.19511387
v -0.34913987 -0.29376554 0.25250548
v -0.36365747 -0.28231072 0.26305312
v -0.40025878 -0.28231072 0.20325997
v -0.30541337 -0.29376531 0.30365205
v -0.25426677 -0.29376507 0.34737852
v -0.26481441 -0.28231025 0.36189607
v -0.31810123 -0.28231049 0.31633994
v -0.19687524 -0.29376519 0.38250974
v -0.1347197 -0.29376531 0.40829104
v -0.14026488 -0.28231049 0.42535746
v -0.20502131 -0.28231025 0.39849743
v -0.06928105 -0.29376531 0.42396739
v -0.00220083 -0.29376531 0.42927942
v -0.00220084 -0.28231049 0.44722408
v -0.07208797 -0.28231049 0.44168988
v 0.06487937 -0.29376531 0.42396739
v 0.13031805 -0.29376531 0.40829098
v 0.13586323 -0.28231049 0.4253574
v 0.0676863 -0.28231049 0.44168985
v 0.19247362 -0.29376531 0.38250974
v 0.2498652 -0.29376531 0.34737852
v 0.26041281 -0.28231049 0.36189607
v 0.20061973 -0.28231049 0.3984974
v 0.30101177 -0.29376531 0.30365208
v 0.34473822 -0.29376531 0.25250551
v 0.35925579 -0.28231049 0.26305318
v 0.3136996 -0.28231049 0.31633997
v 0.37986949 -0.29376531 0.19511387
v 0.40565073 -0.29376531 0.1329582
v 0.42271721 -0.28231049 0.13850339
v 0.39585713 -0.28231049 0.20325999
v 0.42132711 -0.29376531 0.06751944
v 0.40565073 -0.29376531 0.1329582
v 0.42663911 -0.29376531 0.0004392
v 0.44458383 -0.28231049 0.0004392
v 0.43904957 -0.28231049 0.07032637
v 0.42271721 -0.28231049 0.13850339
v 0.42132717 -0.29376531 -0.06664099
v 0.4390496 -0.28231049 -0.06944791
v 0.45177484 -1.01839864 -0.07150856
v 0.45747226 -1.01839864 0.00043931
v 0.43496102 -1.01839864 -0.14169575
v 0.42250159 -0.92696524 -0.13759366
v 0.43883014 -0.92696524 -0.06943211
v 0.44436312 -0.92696512 0.00043931
v 0.43883005 -0.92696524 0.07031072
v 0.45177475 -1.01839864 0.07238717
v 0.4225049 -0.92697525 0.1384708
v 0.43497494 -1.01843888 0.14256848
v 0.4225049 -0.92697525 0.1384708
v 0.39566147 -0.92700541 0.20320819
v 0.40736529 -1.01855958 0.20921668
v 0.43497494 -1.01843888 0.14256848
v 0.35908154 -0.92705202 0.26298687
v 0.36973688 -1.01874608 0.27076936
v 0.31354642 -0.92711151 0.3162708
v 0.32288086 -1.01898378 0.32566398
v 0.26028016 -0.92716062 0.36182821
v 0.26805684 -1.01918101 0.37260932
v 0.20050664 -0.92717695 0.39842734
v 0.20652476 -1.01924586 0.4103139
v 0.13576953 -0.92716479 0.42528287
v 0.13987771 -1.01919734 0.43797222
v 0.06761264 -0.92712903 0.44160965
v 0.06970897 -1.01905394 0.45477864
v -0.00224721 -0.9270705 0.4471398
v -0.00219273 -1.01882023 0.46046498
v -0.07209314 -0.92699063 0.44160572
v -0.07403863 -1.01850063 0.45476291
v -0.14010282 -0.92670429 0.42508766
v -0.14384693 -1.01781583 0.43752471
v -0.20445387 -0.92602658 0.39766613
v -0.20963582 -1.01648688 0.40860254
v -0.26380056 -0.92535913 0.3605566
v -0.27023762 -1.01519912 0.36976555
v -0.31679702 -0.92510378 0.31497496
v -0.32448471 -1.01463819 0.32278287
v -0.36215895 -0.92504716 0.26191267
v -0.37098038 -1.01441187 0.26838657
v -0.3986021 -0.92497623 0.20236155
v -0.40832791 -1.01412815 0.20730847
v -0.4253493 -0.9249357 0.1378689
v -0.43574846 -1.01396614 0.14116719
v -0.44162342 -0.92497039 0.06998192
v -0.45246297 -1.01410496 0.0715813
v -0.44714457 -0.92505312 0.00038799
v -0.45815322 -1.01443577 0.00023391
v -0.44163287 -0.92515659 -0.06922558
v -0.45250076 -1.01484942 -0.07119189
v -0.4253619 -0.92526245 -0.13713901
v -0.4357987 -1.01527309 -0.14088354
v -0.3986052 -0.92535257 -0.20163254
v -0.40834001 -1.01563358 -0.20702845
v -0.36228967 -0.92560458 -0.26134765
v -0.37127417 -1.01618081 -0.26842937
v -0.31734222 -0.92619598 -0.31492579
v -0.32575065 -1.01716423 -0.32388902
v -0.26464272 -0.92676771 -0.36083433
v -0.27223432 -1.01806962 -0.37151188
v -0.20507109 -0.92696106 -0.39754045
v -0.21119007 -1.01838225 -0.40940243
v -0.14034747 -0.92696404 -0.4243857
v -0.14459696 -1.01839459 -0.43701944
v -0.07219197 -0.92696524 -0.44071141
v -0.07443397 -1.01839864 -0.45382163
v -0.00232054 -0.92696512 -0.44624436
v -0.00248608 -1.01839864 -0.45951906
v 0.06755084 -0.92696524 -0.44071141
v 0.06946175 -1.01839864 -0.45382166
v 0.13571239 -0.92696512 -0.42438278
v 0.13964894 -1.01839864 -0.43700778
v 0.20045434 -0.92696524 -0.39752886
v 0.20631489 -1.01839864 -0.40935576
v 0.26023403 -0.92696512 -0.36093575
v 0.26787114 -1.01839864 -0.37167525
v 0.31350887 -0.92696524 -0.31538978
v 0.32272923 -1.01839864 -0.3247757
v 0.35905477 -0.92696512 -0.26211494
v 0.36962873 -1.01839864 -0.26991761
v 0.40730911 -1.01839864 -0.20836154
v 0.39564776 -0.92696524 -0.2023354
v 0.43253797 -0.88551509 -0.0684227
v 0.43799096 -0.88551509 0.00043931
v 0.41644531 -0.88551509 -0.13559952
v 0.41386014 -0.8693974 -0.13475014
v 0.4298524 -0.86939752 -0.06799275
v 0.43527135 -0.86939764 0.00043931
v 0.41385996 -0.86939764 0.13562876
v 0.41644505 -0.88551509 0.13647813
v 0.43253785 -0.88551509 0.06930131
v 0.42985234 -0.86939752 0.06887136
v 0.35171998 -0.86939764 0.25758496
v 0.35391468 -0.88551509 0.25920054
v 0.38997906 -0.88551509 0.20028463
v 0.38755924 -0.86939752 0.19903687
v 0.41644505 -0.88551509 0.13647813
v 0.41385996 -0.86939764 0.13562876
v 0.25493503 -0.86939764 0.35436985
v 0.25652161 -0.88551509 0.35659364
v 0.30902672 -0.88551509 0.31170568
v 0.30711231 -0.86939752 0.30976221
v 0.13297889 -0.86939764 0.41650999
v 0.13379921 -0.88551509 0.4191241
v 0.1976057 -0.88551509 0.39265811
v 0.19638696 -0.86939752 0.3902092
v -0.00221051 -0.86939764 0.43792117
v -0.00223955 -0.88551509 0.44066989
v 0.06662242 -0.88551509 0.43521684
v 0.06622151 -0.86939752 0.43250221
v -0.13738856 -0.86937463 0.41649333
v -0.13823268 -0.88542295 0.41905743
v -0.07110157 -0.88551509 0.43521687
v -0.07064257 -0.86939752 0.43250221
v -0.2592715 -0.86923635 0.35425785
v -0.26066244 -0.88487017 0.3561452
v -0.20190194 -0.88514662 0.39239138
v -0.20076232 -0.86930537 0.39014253
v -0.3560147 -0.86921322 0.25748926
v -0.35788861 -0.88477802 0.25881776
v -0.31306708 -0.88477802 0.3112452
v -0.31142366 -0.86921334 0.30964717
v -0.41813165 -0.86921322 0.13557845
v -0.42032659 -0.88477802 0.13627689
v -0.39389968 -0.88477802 0.19998899
v -0.39184067 -0.86921334 0.19896299
v -0.43953511 -0.86921322 0.00043935
v -0.44184071 -0.88477802 0.00043934
v -0.43639565 -0.88477802 0.06919946
v -0.43411809 -0.86921334 0.06884591
v -0.41813165 -0.86921322 -0.13469982
v -0.42032659 -0.88477802 -0.13539827
v -0.43639565 -0.88477802 -0.0683208
v -0.43411806 -0.86921334 -0.06796727
v -0.3560262 -0.86923623 -0.25662717
v -0.35793439 -0.88487017 -0.25800568
v -0.39389974 -0.88477802 -0.1991103
v -0.39184067 -0.86921334 -0.19808428
v -0.25934014 -0.86937451 -0.35347915
v -0.2609368 -0.88542295 -0.35566652
v -0.31325004 -0.88514662 -0.31063318
v -0.31146941 -0.86930537 -0.30883509
v -0.13739999 -0.86939764 -0.41563132
v -0.13827841 -0.88551509 -0.41824546
v -0.20208488 -0.88551509 -0.39177942
v -0.20080808 -0.86939752 -0.38933057
v -0.0022105 -0.86939764 -0.43704262
v -0.00223954 -0.88551509 -0.43979126
v -0.07110155 -0.88551509 -0.43433818
v -0.07064256 -0.86939752 -0.43162361
v 0.13297893 -0.86939764 -0.41563132
v 0.13379927 -0.88551509 -0.41824549
v 0.06662243 -0.88551509 -0.43433821
v 0.06622152 -0.86939752 -0.43162361
v 0.25493541 -0.86939764 -0.35349134
v 0.25652194 -0.88551509 -0.3557151
v 0.19760589 -0.88551509 -0.39177948
v 0.19638716 -0.86939752 -0.38933063
v 0.35172045 -0.86939764 -0.25670624
v 0.35391507 -0.88551509 -0.25832185
v 0.30902714 -0.88551509 -0.31082708
v 0.30711275 -0.86939752 -0.30888364
v 0.38997939 -0.88551509 -0.19940598
v 0.38755953 -0.86939752 -0.1981582
v 0.35172045 -0.86939764 -0.25670624
v 0.30711275 -0.86939752 -0.30888364
v 0.3055943 -0.85396159 -0.30735543
v 0.34998158 -0.85396159 -0.25543588
v 0.25493541 -0.86939764 -0.35349134
v 0.25367466 -0.85396159 -0.35174286
v 0.19638716 -0.86939752 -0.38933063
v 0.19541571 -0.85396159 -0.38740501
v 0.13297893 -0.86939764 -0.41563132
v 0.13232072 -0.85396159 -0.41357583
v 0.06622152 -0.86939752 -0.43162361
v 0.06589312 -0.85396159 -0.42948908
v -0.0022105 -0.86939764 -0.43704262
v -0.00220082 -0.85396159 -0.43488133
v -0.07064256 -0.86939752 -0.43162361
v -0.0702948 -0.85396159 -0.42948908
v -0.13739999 -0.86939764 -0.41563132
v -0.13672242 -0.85396159 -0.4135758
v -0.20080808 -0.86939752 -0.38933057
v -0.19981724 -0.85396159 -0.38740495
v -0.25934014 -0.86937451 -0.35347915
v -0.25807604 -0.85396159 -0.35174277
v -0.31146941 -0.86930537 -0.30883509
v -0.30999556 -0.85396159 -0.30735537
v -0.3560262 -0.86923623 -0.25662717
v -0.35438287 -0.85396159 -0.25543582
v -0.39184067 -0.86921334 -0.19808428
v -0.39004502 -0.85396159 -0.19717705
v -0.41813165 -0.86921322 -0.13469982
v -0.4162159 -0.85396159 -0.13408226
v -0.43411806 -0.86921334 -0.06796727
v -0.43212926 -0.85396159 -0.06765466
v -0.43953511 -0.86921322 0.00043935
v -0.43752158 -0.85396159 0.00043934
v -0.43411809 -0.86921334 0.06884591
v -0.43212926 -0.85396159 0.06853331
v -0.41813165 -0.86921322 0.13557845
v -0.41621587 -0.85396159 0.1349609
v -0.39184067 -0.86921334 0.19896299
v -0.39004499 -0.85396159 0.19805574
v -0.3560147 -0.86921322 0.25748926
v -0.35438281 -0.85396159 0.25631464
v -0.31142366 -0.86921334 0.30964717
v -0.30999553 -0.85396159 0.30823413
v -0.2592715 -0.86923635 0.35425785
v -0.25807601 -0.85396159 0.35262147
v -0.20076232 -0.86930537 0.39014253
v -0.19981724 -0.85396159 0.38828364
v -0.13738856 -0.86937463 0.41649333
v -0.13672242 -0.85396159 0.41445446
v -0.07064257 -0.86939752 0.43250221
v -0.07029481 -0.85396159 0.43036768
v -0.00221051 -0.86939764 0.43792117
v -0.00220083 -0.85396159 0.4357599
v 0.06622151 -0.86939752 0.43250221
v 0.06589311 -0.85396159 0.43036771
v 0.13297889 -0.86939764 0.41650999
v 0.13232067 -0.85396159 0.41445446
v 0.19638696 -0.86939752 0.3902092
v 0.19541551 -0.85396159 0.38828361
v 0.25493503 -0.86939764 0.35436985
v 0.25367436 -0.85396159 0.35262141
v 0.30711231 -0.86939752 0.30976221
v 0.30559385 -0.85396159 0.30823407
v 0.35171998 -0.86939764 0.25758496
v 0.34998116 -0.85396159 0.25631455
v 0.38755924 -0.86939752 0.19903687
v 0.3856433 -0.85396159 0.19805571
v 0.41385996 -0.86939764 0.13562876
v 0.41181412 -0.85396159 0.13496089
v 0.41385996 -0.86939764 0.13562876
v 0.42985234 -0.86939752 0.06887136
v 0.42772743 -0.85396159 0.06853327
v 0.41181412 -0.85396159 0.13496089
v 0.43527135 -0.86939764 0.00043931
v 0.43311974 -0.85396159 0.0004393
v 0.4298524 -0.86939752 -0.06799275
v 0.42772752 -0.85396159 -0.06765468
v 0.41386014 -0.8693974 -0.13475014
v 0.41181433 -0.85396159 -0.13408227
v 0.38755953 -0.86939752 -0.1981582
v 0.38564366 -0.85396159 -0.19717707
v 0.38368723 -1.25837797 -0.12494321
v 0.35929459 -1.25837797 -0.18375145
v 0.39655748 -1.45459199 -0.20273784
v 0.42346463 -1.45459199 -0.13786761
v 0.32605529 -1.25837803 -0.23805231
v 0.35989195 -1.45459199 -0.26263601
v 0.39517084 -1.60239041 -0.28826764
v 0.43540883 -1.6023905 -0.22253352
v 0.46493754 -1.60239041 -0.15134296
v 0.28468353 -1.25837797 -0.28644466
v 0.31425557 -1.45459199 -0.31601664
v 0.23629114 -1.25837803 -0.32781655
v 0.26087493 -1.45459199 -0.36165309
v 0.28650656 -1.60239041 -0.39693207
v 0.34508815 -1.6023905 -0.34684914
v 0.18199012 -1.25837797 -0.36105591
v 0.20097654 -1.45459199 -0.39831886
v 0.12318168 -1.25837803 -0.38544878
v 0.1361061 -1.45459199 -0.42522606
v 0.14958148 -1.60239041 -0.46669903
v 0.22077224 -1.6023905 -0.43717015
v 0.06126699 -1.25837797 -0.40028098
v 0.06780926 -1.45459199 -0.44158727
v -0.00220082 -1.25837803 -0.40530702
v -0.00220082 -1.45459199 -0.44713131
v -0.00220081 -1.60239041 -0.49073845
v 0.0746304 -1.6023905 -0.48465422
v -0.06566867 -1.25837797 -0.40028098
v -0.07221092 -1.45459199 -0.44158727
v -0.12758335 -1.25837803 -0.38544872
v -0.14050779 -1.45459199 -0.42522606
v -0.15398315 -1.60239041 -0.46669903
v -0.07903206 -1.6023905 -0.48465422
v -0.18639173 -1.25837797 -0.36105585
v -0.2053781 -1.45459199 -0.39831883
v -0.2406926 -1.25837803 -0.32781655
v -0.26527628 -1.45459199 -0.36165309
v -0.29090795 -1.60239041 -0.39693204
v -0.2251738 -1.6023905 -0.43717012
v -0.28908488 -1.25837797 -0.28644472
v -0.31865686 -1.45459199 -0.31601667
v -0.33045667 -1.25837803 -0.23805241
v -0.36429319 -1.45459199 -0.26263615
v -0.39957219 -1.60239041 -0.28826776
v -0.34948939 -1.6023905 -0.3468492
v -0.36369595 -1.25837797 -0.18375157
v -0.4009589 -1.45459199 -0.20273796
v -0.38808879 -1.25837803 -0.12494324
v -0.42786616 -1.45459199 -0.13786766
v -0.46933907 -1.60239041 -0.15134303
v -0.43981016 -1.6023905 -0.22253366
v -0.40292105 -1.25837797 -0.06302853
v -0.44422731 -1.45459199 -0.06957079
v -0.407947 -1.25837803 0.00043934
v -0.44977126 -1.45459199 0.00043934
v -0.4933784 -1.60239041 0.00043935
v -0.48729423 -1.6023905 -0.07639193
v -0.40292105 -1.25837797 0.06390717
v -0.44422728 -1.45459199 0.07044943
v -0.38808879 -1.25837803 0.12582186
v -0.4278661 -1.45459199 0.13874629
v -0.46933901 -1.60239041 0.15222163
v -0.4872942 -1.6023905 0.07727057
v -0.36369592 -1.25837797 0.1846303
v -0.40095884 -1.45459199 0.20361672
v -0.33045655 -1.25837803 0.23893127
v -0.36429313 -1.45459199 0.26351503
v -0.39957207 -1.60239041 0.28914672
v -0.43981013 -1.6023905 0.22341247
v -0.28908485 -1.25837797 0.2873235
v -0.3186568 -1.45459199 0.31689551
v -0.24069257 -1.25837803 0.32869521
v -0.26527628 -1.45459199 0.36253181
v -0.29090789 -1.60239041 0.39781073
v -0.3494893 -1.6023905 0.34772813
v -0.18639173 -1.25837797 0.36193454
v -0.2053781 -1.45459199 0.39919746
v -0.12758335 -1.25837803 0.38632739
v -0.14050779 -1.45459199 0.42610478
v -0.15398315 -1.60239041 0.4675777
v -0.22517377 -1.6023905 0.43804881
v -0.06566869 -1.25837797 0.40115961
v -0.07221095 -1.45459199 0.44246584
v -0.00220083 -1.25837803 0.40618557
v -0.00220083 -1.45459199 0.44800994
v -0.00220082 -1.60239041 0.49161699
v -0.07903206 -1.6023905 0.48553285
v 0.06126699 -1.25837797 0.40115961
v 0.06780927 -1.45459199 0.44246584
v 0.12318168 -1.25837803 0.38632739
v 0.1361061 -1.45459199 0.42610472
v 0.14958143 -1.60239041 0.46757767
v 0.0746304 -1.6023905 0.48553282
v 0.18199006 -1.25837797 0.36193454
v 0.20097646 -1.45459199 0.39919743
v 0.23629099 -1.25837803 0.32869515
v 0.26087472 -1.45459199 0.36253172
v 0.28650635 -1.60239041 0.39781067
v 0.22077216 -1.6023905 0.43804869
v 0.28468323 -1.25837797 0.28732342
v 0.31425524 -1.45459199 0.31689546
v 0.32605496 -1.25837803 0.23893119
v 0.35989153 -1.45459199 0.26351494
v 0.39517051 -1.60239041 0.28914657
v 0.3450878 -1.6023905 0.34772798
v 0.3592943 -1.25837797 0.18463024
v 0.39655724 -1.45459199 0.20361665
v 0.38368717 -1.25837803 0.12582181
v 0.42346448 -1.45459199 0.13874625
v 0.46493742 -1.60239041 0.15222156
v 0.43540853 -1.6023905 0.22341235
v 0.38368717 -1.25837803 0.12582181
v 0.39851931 -1.25837797 0.06390704
v 0.43982553 -1.45459199 0.0704493
v 0.42346448 -1.45459199 0.13874625
v 0.40354523 -1.25837803 0.00043917
v 0.44536951 -1.45459199 0.00043915
v 0.4889766 -1.60239041 0.00043913
v 0.48289245 -1.6023905 0.07727042
v 0.46493742 -1.60239041 0.15222156
v 0.39851937 -1.25837797 -0.06302863
v 0.43982559 -1.45459199 -0.0695709
v 0.48289257 -1.6023905 -0.07639205
v 0.49897107 -1.78881715 -0.25492007
v 0.53278875 -1.78881715 -0.17338912
v 0.45288861 -1.78881715 -0.33020192
v 0.52089882 -1.99333461 -0.37961417
v 0.5738681 -1.99333461 -0.29308191
v 0.61273956 -1.99333458 -0.19936672
v 0.39553139 -1.78881715 -0.39729232
v 0.32844093 -1.78881715 -0.45464975
v 0.37785333 -1.99333461 -0.5226599
v 0.45496997 -1.99333461 -0.4567309
v 0.25315881 -1.78881715 -0.5007323
v 0.17162761 -1.78881715 -0.53455019
v 0.19760522 -1.99333461 -0.614501
v 0.29132068 -1.99333461 -0.57562917
v 0.08579005 -1.78881715 -0.55511343
v -0.00220079 -1.78881715 -0.56208134
v -0.00220077 -1.99333461 -0.64614642
v 0.09893973 -1.99333461 -0.63813734
v -0.09019167 -1.78881715 -0.55511343
v -0.17602929 -1.78881715 -0.53455019
v -0.20200683 -1.99333461 -0.614501
v -0.10334135 -1.99333461 -0.63813734
v -0.25756034 -1.78881715 -0.5007323
v -0.33284223 -1.78881715 -0.45464969
v -0.38225454 -1.99333461 -0.5226599
v -0.29572219 -1.99333461 -0.57562912
v -0.39993265 -1.78881715 -0.39729249
v -0.45728976 -1.78881715 -0.33020207
v -0.52529991 -1.99333461 -0.37961438
v -0.45937112 -1.99333461 -0.45673099
v -0.50337237 -1.78881715 -0.25492018
v -0.53719014 -1.78881715 -0.17338917
v -0.61714101 -1.99333461 -0.19936678
v -0.57826918 -1.99333461 -0.29308206
v -0.55775338 -1.78881715 -0.08755156
v -0.56472129 -1.78881715 0.00043936
v -0.64878643 -1.99333461 0.00043936
v -0.64077711 -1.99333461 -0.10070123
v -0.55775326 -1.78881715 0.08843021
v -0.53719014 -1.78881715 0.1742678
v -0.61714089 -1.99333461 0.20024543
v -0.64077711 -1.99333461 0.1015799
v -0.50337225 -1.78881715 0.255799
v -0.4572897 -1.78881715 0.33108106
v -0.52529973 -1.99333461 0.3804934
v -0.57826912 -1.99333461 0.29396087
v -0.3999325 -1.78881715 0.39817131
v -0.3328422 -1.78881715 0.45552844
v -0.38225451 -1.99333461 0.52353871
v -0.45937091 -1.99333461 0.45760986
v -0.25756031 -1.78881715 0.50161088
v -0.17602929 -1.78881715 0.53542888
v -0.20200683 -1.99333461 0.61537969
v -0.29572219 -1.99333461 0.57650787
v -0.09019169 -1.78881715 0.55599201
v -0.00220081 -1.78881715 0.56295997
v -0.00220079 -1.99333461 0.64702511
v -0.10334136 -1.99333461 0.63901591
v 0.08579005 -1.78881715 0.55599201
v 0.17162763 -1.78881715 0.53542882
v 0.19760524 -1.99333461 0.61537963
v 0.09893975 -1.99333461 0.63901591
v 0.25315872 -1.78881715 0.50161088
v 0.32844073 -1.78881715 0.45552838
v 0.3778531 -1.99333461 0.52353847
v 0.29132062 -1.99333461 0.57650781
v 0.39553103 -1.78881715 0.39817122
v 0.45288819 -1.78881715 0.33108097
v 0.52089846 -1.99333461 0.38049322
v 0.45496958 -1.99333461 0.45760974
v 0.49897069 -1.78881715 0.25579891
v 0.53278863 -1.78881715 0.17426777
v 0.61273944 -1.99333461 0.20024538
v 0.57386756 -1.99333461 0.29396078
v 0.55335158 -1.78881715 0.08843003
v 0.53278863 -1.78881715 0.17426777
v 0.56031948 -1.78881715 0.00043911
v 0.64438462 -1.99333461 0.00043908
v 0.63637543 -1.99333461 0.1015797
v 0.61273944 -1.99333461 0.20024538
v 0.55335164 -1.78881715 -0.08755168
v 0.63637543 -1.99333461 -0.10070138
v 0.704445 -2.32559723 -0.3596141
v 0.75212771 -2.32559723 -0.24465659
v 0.63946921 -2.32559723 -0.46576059
v 0.75665003 -2.604756 -0.55089718
v 0.83349156 -2.604756 -0.4253664
v 0.88988197 -2.604756 -0.28941557
v 0.55859637 -2.32559723 -0.56035715
v 0.46399975 -2.32559723 -0.64123023
v 0.54913652 -2.604756 -0.75841093
v 0.66100824 -2.604756 -0.66276908
v 0.35785294 -2.32559723 -0.70620596
v 0.24289507 -2.32559723 -0.75388914
v 0.28765413 -2.604756 -0.89164329
v 0.4236055 -2.604756 -0.83525234
v 0.12186522 -2.32559723 -0.78288269
v -0.00220074 -2.32559723 -0.79270726
v -0.0022007 -2.604756 -0.93755031
v 0.14452198 -2.604756 -0.92593199
v -0.12626675 -2.32559723 -0.78288269
v -0.24729659 -2.32559723 -0.75388914
v -0.29205558 -2.604756 -0.89164329
v -0.14892343 -2.604756 -0.92593199
v -0.36225438 -2.32559723 -0.70620596
v -0.46840096 -2.32559723 -0.64123023
v -0.55353761 -2.604756 -0.75841087
v -0.42800665 -2.604756 -0.83525229
v -0.5629974 -2.32559723 -0.56035727
v -0.64387012 -2.32559723 -0.4657608
v -0.7610507 -2.604756 -0.55089748
v -0.66540927 -2.604756 -0.66276908
v -0.70884597 -2.32559723 -0.35961425
v -0.75652909 -2.32559723 -0.24465664
v -0.89428318 -2.604756 -0.28941566
v -0.83789229 -2.604756 -0.42536679
v -0.78552252 -2.32559723 -0.12362666
v -0.79534727 -2.32559723 0.00043938
v -0.94019037 -2.604756 0.00043939
v -0.92857158 -2.604756 -0.14628337
v -0.78552252 -2.32559723 0.12450533
v -0.75652903 -2.32559723 0.24553527
v -0.89428324 -2.604756 0.29029429
v -0.92857158 -2.604756 0.14716205
v -0.70884591 -2.32559723 0.36049312
v -0.64387 -2.32559723 0.46663988
v -0.76105058 -2.604756 0.55177665
v -0.83789223 -2.604756 0.42624569
v -0.56299734 -2.32559723 0.56123614
v -0.46840093 -2.32559723 0.64210898
v -0.55353761 -2.604756 0.75928974
v -0.66540921 -2.604756 0.66364807
v -0.36225438 -2.32559723 0.70708466
v -0.24729659 -2.32559723 0.75476784
v -0.29205558 -2.604756 0.89252204
v -0.42800665 -2.604756 0.83613104
v -0.12626676 -2.32559723 0.78376138
v -0.00220077 -2.32559723 0.7935859
v -0.00220073 -2.604756 0.938429
v -0.14892346 -2.604756 0.92681062
v 0.12186515 -2.32559723 0.78376126
v 0.24289507 -2.32559723 0.75476784
v 0.2876541 -2.604756 0.89252186
v 0.14452198 -2.604756 0.92681062
v 0.35785285 -2.32559723 0.70708454
v 0.46399951 -2.32559723 0.64210892
v 0.54913622 -2.604756 0.75928962
v 0.42360538 -2.604756 0.83613098
v 0.55859584 -2.32559723 0.56123602
v 0.63946879 -2.32559723 0.46663976
v 0.75664949 -2.604756 0.55177653
v 0.66100776 -2.604756 0.66364789
v 0.70444441 -2.32559723 0.36049306
v 0.75212753 -2.32559723 0.24553519
v 0.88988173 -2.604756 0.29029423
v 0.83349079 -2.604756 0.42624563
v 0.78112084 -2.32559723 0.12450512
v 0.75212753 -2.32559723 0.24553519
v 0.79094553 -2.32559723 0.00043904
v 0.93578857 -2.604756 0.00043898
v 0.92416996 -2.604756 0.14716175
v 0.88988173 -2.604756 0.29029423
v 0.78112084 -2.32559723 -0.12362686
v 0.92417037 -2.604756 -0.14628364
v 0.90379691 -2.77182895 -0.46118876
v 0.96493173 -2.77182895 -0.3138006
v 0.82049096 -2.77182895 -0.59728026
v 0.77299917 -2.888466 -0.56277555
v 0.87242603 -2.8888818 -0.44520444
v 0.90910125 -2.88846612 -0.29566032
v 0.71680284 -2.77182895 -0.71856326
v 0.59551954 -2.77182895 -0.82225144
v 0.56101501 -2.888466 -0.77475989
v 0.69190705 -2.8888818 -0.69366735
v 0.45942786 -2.77182895 -0.90555787
v 0.3120392 -2.77182895 -0.96669304
v 0.29389891 -2.888466 -0.91086268
v 0.44344354 -2.8888818 -0.87418711
v 0.15686548 -2.77182895 -1.00386596
v -0.00220069 -2.77182895 -1.01646209
v -0.00220069 -2.888466 -0.95775902
v 0.15135765 -2.8888818 -0.96909064
v -0.16126694 -2.77182895 -1.00386596
v -0.31644058 -2.77182895 -0.96669304
v -0.29830045 -2.888466 -0.91086268
v -0.1557591 -2.8888818 -0.96909064
v -0.4638291 -2.77182895 -0.90555781
v -0.59992069 -2.77182895 -0.82225132
v -0.56541598 -2.888466 -0.77475995
v -0.44784483 -2.8888818 -0.87418711
v -0.7212038 -2.77182895 -0.71856362
v -0.82489145 -2.77182895 -0.5972805
v -0.77740002 -2.888466 -0.56277585
v -0.69630772 -2.8888818 -0.69366759
v -0.90819776 -2.77182895 -0.46118897
v -0.96933293 -2.77182895 -0.31380066
v -0.91350245 -2.888466 -0.29566038
v -0.87682706 -2.8888818 -0.44520473
v -1.00650573 -2.77182895 -0.15862688
v -1.0191021 -2.77182895 0.00043941
v -0.96039885 -2.888466 0.00043941
v -0.97173047 -2.8888818 -0.15311904
v -1.00650573 -2.77182895 0.15950558
v -0.96933293 -2.77182895 0.31467932
v -0.9135024 -2.888466 0.29653907
v -0.97173047 -2.8888818 0.15399776
v -0.9081977 -2.77182895 0.46206802
v -0.82489133 -2.77182895 0.59815961
v -0.7773999 -2.888466 0.56365502
v -0.87682694 -2.8888818 0.44608372
v -0.72120339 -2.77182895 0.71944267
v -0.59992057 -2.77182895 0.82313049
v -0.56541586 -2.888466 0.77563882
v -0.69630754 -2.8888818 0.6945467
v -0.46382904 -2.77182895 0.90643656
v -0.31644055 -2.77182895 0.96757174
v -0.29830042 -2.888466 0.91174132
v -0.44784474 -2.8888818 0.8750658
v -0.16126697 -2.77182895 1.00474465
v -0.00220072 -2.77182895 1.01734078
v -0.00220072 -2.888466 0.9586376
v -0.15575913 -2.8888818 0.96996933
v 0.15686545 -2.77182895 1.00474453
v 0.31203914 -2.77182895 0.96757174
v 0.29389894 -2.888466 0.91174132
v 0.15135765 -2.8888818 0.96996927
v 0.45942777 -2.77182895 0.90643644
v 0.59551924 -2.77182895 0.82313025
v 0.56101459 -2.888466 0.77563858
v 0.44344339 -2.8888818 0.87506568
v 0.71680236 -2.77182895 0.71944249
v 0.82049024 -2.77182895 0.59815949
v 0.77299857 -2.888466 0.56365484
v 0.69190633 -2.8888818 0.6945464
v 0.90379632 -2.77182895 0.4620679
v 0.96493149 -2.77182895 0.31467924
v 0.90910101 -2.888466 0.29653895
v 0.87242556 -2.8888818 0.44608355
v 1.00210416 -2.77182895 0.15950534
v 0.96493149 -2.77182895 0.31467924
v 1.01470041 -2.77182895 0.00043897
v 0.95599711 -2.888466 0.000439
v 0.96732891 -2.8888818 0.15399751
v 0.90910101 -2.888466 0.29653895
v 1.00210428 -2.77182895 -0.15862721
v 0.96732903 -2.8888818 -0.15311931
v 0.90910125 -2.88846612 -0.29566032
v 0.87242603 -2.8888818 -0.44520444
v 0.48641616 -2.87615097 -0.24852291
v 0.45338058 -2.87491989 -0.14758784
v 0.77299917 -2.888466 -0.56277555
v 0.38534003 -2.87491989 -0.28112498
v -0.00220066 -2.86753321 0.0004394
v 0.69190705 -2.8888818 -0.69366735
v 0.38556778 -2.87615097 -0.38732859
v 0.56101501 -2.888466 -0.77475989
v 0.27936405 -2.87491989 -0.38710099
v 0.44344354 -2.8888818 -0.87418711
v 0.24676184 -2.87615097 -0.48817724
v 0.29389891 -2.888466 -0.91086268
v 0.1458265 -2.87491989 -0.4551419
v 0.15135765 -2.8888818 -0.96909064
v 0.08358587 -2.87615097 -0.54119605
v -0.00220069 -2.888466 -0.95775902
v -0.00220069 -2.87491989 -0.47858667
v -0.1557591 -2.8888818 -0.96909064
v -0.08798729 -2.87615097 -0.54119605
v -0.29830045 -2.888466 -0.91086268
v -0.1502279 -2.87491989 -0.4551419
v -0.44784483 -2.8888818 -0.87418711
v -0.25116313 -2.87615097 -0.48817721
v -0.56541598 -2.888466 -0.77475995
v -0.2837652 -2.87491989 -0.38710099
v -0.69630772 -2.8888818 -0.69366759
v -0.38996881 -2.87615097 -0.38732868
v -0.77740002 -2.888466 -0.56277585
v -0.38974106 -2.87491989 -0.28112507
v -0.87682706 -2.8888818 -0.44520473
v -0.49081722 -2.87615097 -0.24852306
v -0.91350245 -2.888466 -0.29566038
v -0.45778185 -2.87491989 -0.14758787
v -0.97173047 -2.8888818 -0.15311904
v -0.54383594 -2.87615097 -0.08534723
v -0.96039885 -2.888466 0.00043941
v -0.48122662 -2.87491989 0.0004394
v -0.97173047 -2.8888818 0.15399776
v -0.54383594 -2.87615097 0.08622596
v -0.9135024 -2.888466 0.29653907
v -0.45778185 -2.87491989 0.1484666
v -0.87682694 -2.8888818 0.44608372
v -0.49081716 -2.87615097 0.24940194
v -0.7773999 -2.888466 0.56365502
v -0.389741 -2.87491989 0.28200412
v -0.69630754 -2.8888818 0.6945467
v -0.38996872 -2.87615097 0.38820767
v -0.56541586 -2.888466 0.77563882
v -0.28376517 -2.87491989 0.38797987
v -0.44784474 -2.8888818 0.8750658
v -0.25116313 -2.87615097 0.48905602
v -0.29830042 -2.888466 0.91174132
v -0.15022789 -2.87491989 0.45602065
v -0.15575913 -2.8888818 0.96996933
v -0.0879873 -2.87615097 0.54207474
v -0.00220072 -2.888466 0.9586376
v -0.0022007 -2.87491989 0.47946537
v 0.15135765 -2.8888818 0.96996927
v 0.08358587 -2.87615097 0.54207474
v 0.29389894 -2.888466 0.91174132
v 0.14582649 -2.87491989 0.45602059
v 0.44344339 -2.8888818 0.87506568
v 0.24676174 -2.87615097 0.48905593
v 0.56101459 -2.888466 0.77563858
v 0.27936387 -2.87491989 0.38797972
v 0.69190633 -2.8888818 0.6945464
v 0.38556743 -2.87615097 0.38820753
v 0.77299857 -2.888466 0.56365484
v 0.38533968 -2.87491989 0.282004
v 0.87242556 -2.8888818 0.44608355
v 0.48641583 -2.87615097 0.24940187
v 0.90910101 -2.888466 0.29653895
v 0.45338044 -2.87491989 0.14846654
v 0.96732891 -2.8888818 0.15399751
v 0.53943443 -2.87615097 0.08622581
v 0.95599711 -2.888466 0.000439
v 0.47682503 -2.87491989 0.0004392
v 0.96732903 -2.8888818 -0.15311931
v 0.53943449 -2.87615097 -0.08534735
v 0.32871726 -0.20815003 -0.23998629
v 0.31627405 -0.22593284 -0.2309458
v 0.34852287 -0.22593284 -0.17826298
v 0.36222607 -0.20814991 -0.18524507
v 0.3056089 -0.38474274 -0.22319716
v 0.33677778 -0.38474274 -0.17227858
v 0.35965106 -0.38474274 -0.11713338
v 0.37218875 -0.22593284 -0.12120705
v 0.38681659 -0.20815003 -0.12595987
v 0.27613503 -0.22593284 -0.27789617
v 0.26681408 -0.38474274 -0.26857522
v 0.28700995 -0.20814991 -0.28877103
v 0.23822518 -0.20814991 -0.33047837
v 0.22918464 -0.2259326 -0.31803519
v 0.22143599 -0.3847425 -0.30737013
v 0.38657886 -0.22593284 -0.06113739
v 0.40176898 -0.20814991 -0.06354324
v 0.37355933 -0.38474274 -0.05907533
v 0.37827221 -0.38474274 0.00043918
v 0.39145502 -0.22593284 0.00043918
v 0.40683559 -0.20815003 0.00043919
v 0.17650165 -0.22593272 -0.35028413
v 0.17051725 -0.38474274 -0.33853909
v 0.18348378 -0.20814943 -0.3639873
v 0.12419842 -0.20814979 -0.38857797
v 0.11944555 -0.2259326 -0.37395015
v 0.11537186 -0.38474262 -0.36141258
v 0.05937579 -0.22593284 -0.38834047
v 0.0573137 -0.38474274 -0.37532094
v 0.06178165 -0.20814979 -0.40353054
v -0.00220083 -0.20814991 -0.40859738
v -0.00220083 -0.22593284 -0.39321667
v -0.00220083 -0.38474262 -0.38003394
v -0.06377746 -0.22593284 -0.3883405
v -0.0617154 -0.38474274 -0.37532094
v -0.06618332 -0.20814991 -0.4035306
v -0.12860008 -0.20815003 -0.38857812
v -0.12384723 -0.22593284 -0.37395021
v -0.11977354 -0.38474262 -0.36141261
v -0.18090326 -0.22593284 -0.35028419
v -0.17491885 -0.38474274 -0.33853906
v -0.18788534 -0.20814991 -0.36398739
v -0.24262661 -0.20815003 -0.33047843
v -0.23358609 -0.22593284 -0.31803524
v -0.22583744 -0.38474262 -0.30737013
v -0.28053641 -0.22593284 -0.27789626
v -0.27121547 -0.38474274 -0.26857531
v -0.29141131 -0.20814991 -0.28877121
v -0.33311853 -0.20815003 -0.23998651
v -0.32067534 -0.22593284 -0.23094597
v -0.31001025 -0.38474262 -0.22319728
v -0.35292429 -0.22593284 -0.17826316
v -0.34117919 -0.38474274 -0.1722787
v -0.36662745 -0.20814991 -0.18524528
v -0.39121816 -0.20815003 -0.12596002
v -0.37659031 -0.22593284 -0.12120713
v -0.36405268 -0.38474262 -0.11713342
v -0.39098057 -0.22593284 -0.06113734
v -0.37796107 -0.38474274 -0.05907525
v -0.40617067 -0.20814991 -0.06354322
v -0.41123739 -0.20815003 0.00043933
v -0.39585674 -0.22593284 0.00043933
v -0.38267392 -0.38474262 0.00043934
v -0.39098057 -0.22593284 0.06201595
v -0.37796104 -0.38474274 0.05995388
v -0.40617067 -0.20814991 0.06442181
v -0.39121816 -0.20815003 0.12683856
v -0.37659028 -0.22593284 0.12208573
v -0.36405262 -0.38474262 0.11801203
v -0.35292426 -0.22593284 0.17914182
v -0.34117916 -0.38474274 0.17315742
v -0.36662745 -0.20814991 0.18612394
v -0.33311853 -0.20815003 0.24086525
v -0.32067534 -0.22593284 0.23182477
v -0.31001019 -0.38474262 0.22407608
v -0.28053635 -0.22593284 0.27877501
v -0.27121544 -0.38474274 0.26945406
v -0.29141131 -0.20814991 0.2896499
v -0.24262659 -0.20815003 0.33135709
v -0.23358609 -0.22593284 0.31891397
v -0.22583741 -0.38474262 0.30824879
v -0.18090326 -0.22593284 0.35116285
v -0.17491885 -0.38474274 0.33941776
v -0.18788537 -0.20814991 0.36486605
v -0.12860011 -0.20815003 0.38945675
v -0.12384725 -0.22593284 0.37482885
v -0.11977354 -0.38474262 0.36229125
v -0.06377749 -0.22593284 0.38921914
v -0.06171541 -0.38474274 0.37619957
v -0.06618335 -0.20814991 0.40440926
v -0.00220084 -0.20815003 0.40947595
v -0.00220084 -0.22593284 0.3940953
v -0.00220084 -0.38474262 0.38091245
v 0.05937579 -0.22593284 0.38921908
v 0.05731371 -0.38474274 0.37619957
v 0.06178165 -0.20814991 0.40440923
v 0.12419841 -0.20815003 0.38945672
v 0.11944555 -0.22593284 0.37482882
v 0.11537185 -0.38474262 0.36229119
v 0.17650159 -0.22593284 0.35116282
v 0.17051718 -0.38474274 0.33941773
v 0.18348369 -0.20814991 0.36486599
v 0.23822498 -0.20815003 0.33135709
v 0.22918446 -0.22593284 0.31891388
v 0.22143579 -0.38474262 0.30824873
v 0.27613476 -0.22593284 0.27877498
v 0.26681381 -0.38474274 0.269454
v 0.28700966 -0.20814991 0.28964984
v 0.3287169 -0.20815003 0.24086519
v 0.31627372 -0.22593284 0.2318247
v 0.3056086 -0.38474262 0.22407602
v 0.34852266 -0.22593284 0.17914177
v 0.33677754 -0.38474274 0.17315736
v 0.36222583 -0.20814991 0.18612386
v 0.38681653 -0.20815003 0.12683849
v 0.37218863 -0.22593284 0.12208566
v 0.359651 -0.38474262 0.11801198
v 0.359651 -0.38474262 0.11801198
v 0.37218863 -0.22593284 0.12208566
v 0.38657883 -0.22593284 0.06201583
v 0.3735593 -0.38474274 0.05995376
v 0.38681653 -0.20815003 0.12683849
v 0.40176892 -0.20814991 0.06442168
v 0.33286273 -0.81532645 -0.17028379
v 0.35547188 -0.81532621 -0.11577548
v 0.30205387 -0.81532621 -0.22061428
v 0.32605529 -1.25837803 -0.23805231
v 0.35929459 -1.25837797 -0.18375145
v 0.38368723 -1.25837797 -0.12494321
v 0.2637071 -0.81532645 -0.26546827
v 0.21885309 -0.81532621 -0.30381507
v 0.23629114 -1.25837803 -0.32781655
v 0.28468353 -1.25837797 -0.28644466
v 0.16852245 -0.81532645 -0.33462411
v 0.11401394 -0.81532621 -0.35723338
v 0.12318168 -1.25837803 -0.38544878
v 0.18199012 -1.25837797 -0.36105591
v 0.05662635 -0.81532645 -0.37098116
v -0.00220083 -0.81532621 -0.37563959
v -0.00220082 -1.25837803 -0.40530702
v 0.06126699 -1.25837797 -0.40028098
v -0.06102803 -0.81532645 -0.37098116
v -0.11841565 -0.81532621 -0.35723338
v -0.12758335 -1.25837803 -0.38544872
v -0.06566867 -1.25837797 -0.40028098
v -0.17292404 -0.81532645 -0.33462405
v -0.22325453 -0.81532621 -0.30381507
v -0.2406926 -1.25837803 -0.32781655
v -0.18639173 -1.25837797 -0.36105585
v -0.26810849 -0.81532645 -0.2654683
v -0.30645519 -0.81532621 -0.22061439
v -0.33045667 -1.25837803 -0.23805241
v -0.28908488 -1.25837797 -0.28644472
v -0.33726418 -0.81532645 -0.17028388
v -0.35987347 -0.81532621 -0.1157755
v -0.38808879 -1.25837803 -0.12494324
v -0.36369595 -1.25837797 -0.18375157
v -0.37362123 -0.81532645 -0.05838789
v -0.37827963 -0.81532621 0.00043934
v -0.407947 -1.25837803 0.00043934
v -0.40292105 -1.25837797 -0.06302853
v -0.3736212 -0.81532645 0.05926652
v -0.35987347 -0.81532621 0.11665414
v -0.38808879 -1.25837803 0.12582186
v -0.40292105 -1.25837797 0.06390717
v -0.33726412 -0.81532645 0.17116262
v -0.30645514 -0.81532621 0.22149321
v -0.33045655 -1.25837803 0.23893127
v -0.36369592 -1.25837797 0.1846303
v -0.26810843 -0.81532645 0.26634708
v -0.22325452 -0.81532621 0.30469376
v -0.24069257 -1.25837803 0.32869521
v -0.28908485 -1.25837797 0.2873235
v -0.17292404 -0.81532645 0.33550271
v -0.11841565 -0.81532621 0.35811204
v -0.12758335 -1.25837803 0.38632739
v -0.18639173 -1.25837797 0.36193454
v -0.06102804 -0.81532645 0.37185973
v -0.00220084 -0.81532621 0.37651822
v -0.00220083 -1.25837803 0.40618557
v -0.06566869 -1.25837797 0.40115961
v 0.05662635 -0.81532645 0.37185973
v 0.11401394 -0.81532621 0.35811198
v 0.12318168 -1.25837803 0.38632739
v 0.06126699 -1.25837797 0.40115961
v 0.16852237 -0.81532645 0.33550268
v 0.21885291 -0.81532621 0.30469373
v 0.23629099 -1.25837803 0.32869515
v 0.18199006 -1.25837797 0.36193454
v 0.2637068 -0.81532645 0.26634702
v 0.30205351 -0.81532621 0.22149314
v 0.32605496 -1.25837803 0.23893119
v 0.28468323 -1.25837797 0.28732342
v 0.3328625 -0.81532645 0.17116258
v 0.35547176 -0.81532621 0.1166541
v 0.38368717 -1.25837803 0.12582181
v 0.3592943 -1.25837797 0.18463024
v 0.36921945 -0.81532645 0.05926641
v 0.35547176 -0.81532621 0.1166541
v 0.37387788 -0.81532621 0.00043917
v 0.40354523 -1.25837803 0.00043917
v 0.39851931 -1.25837797 0.06390704
v 0.38368717 -1.25837803 0.12582181
v 0.36921948 -0.81532645 -0.05838797
v 0.39851937 -1.25837797 -0.06302863
v 0.35873464 -0.2200501 -0.26179513
v 0.35238034 -0.20499802 -0.25717849
v 0.38828534 -0.20499802 -0.19852285
v 0.39528304 -0.2200501 -0.20208833
v 0.34485608 -0.20055366 -0.25171182
v 0.37999913 -0.20055377 -0.19430082
v 0.40578893 -0.20055377 -0.13212429
v 0.41463426 -0.20499802 -0.13499831
v 0.42210412 -0.2200501 -0.13742541
v 0.34485608 -0.20055366 -0.25171182
v 0.35238034 -0.20499802 -0.25717849
v 0.30769074 -0.20499778 -0.30945176
v 0.30111474 -0.20055366 -0.30287579
v 0.3132441 -0.22004986 -0.31500512
v 0.26003411 -0.22004986 -0.36049572
v 0.2554175 -0.20499778 -0.35414153
v 0.24995077 -0.20055342 -0.34661722
v 0.41463426 -0.20499802 -0.13499831
v 0.43065584 -0.20499802 -0.0681184
v 0.43841282 -0.2200501 -0.06934699
v 0.40578893 -0.20055377 -0.13212429
v 0.42147055 -0.20055377 -0.06666362
v 0.42678431 -0.20055377 0.0004392
v 0.43608481 -0.20499802 0.00043921
v 0.44393909 -0.2200501 0.00043921
v 0.24995077 -0.20055342 -0.34661722
v 0.2554175 -0.20499778 -0.35414153
v 0.19676167 -0.20499754 -0.3900466
v 0.19253963 -0.20055342 -0.38176036
v 0.20032716 -0.22004962 -0.3970443
v 0.13566403 -0.22004986 -0.42386556
v 0.13323693 -0.20499766 -0.41639569
v 0.13036293 -0.20055318 -0.40755036
v 0.13036293 -0.20055318 -0.40755036
v 0.13323693 -0.20499766 -0.41639569
v 0.06635688 -0.20499778 -0.43241745
v 0.06490207 -0.20055366 -0.42323211
v 0.06758547 -0.22004974 -0.44017446
v -0.00220079 -0.2200501 -0.44570082
v -0.00220081 -0.2049979 -0.43784648
v -0.00220082 -0.20055366 -0.42854601
v -0.00220082 -0.20055366 -0.42854601
v -0.00220081 -0.2049979 -0.43784648
v -0.0707585 -0.20499802 -0.43241751
v -0.06930371 -0.20055377 -0.42323217
v -0.07198707 -0.2200501 -0.44017446
v -0.1400656 -0.2200501 -0.42386565
v -0.13763851 -0.20499802 -0.41639575
v -0.13476452 -0.20055366 -0.40755042
v -0.13476452 -0.20055366 -0.40755042
v -0.13763851 -0.20499802 -0.41639575
v -0.20116314 -0.20499802 -0.39004663
v -0.19694112 -0.20055377 -0.38176042
v -0.20472862 -0.2200501 -0.3970443
v -0.26443544 -0.2200501 -0.36049581
v -0.25981882 -0.20499802 -0.35414156
v -0.25435215 -0.20055366 -0.34661731
v -0.25435215 -0.20055366 -0.34661731
v -0.25981882 -0.20499802 -0.35414156
v -0.31209201 -0.20499802 -0.30945191
v -0.30551606 -0.20055377 -0.30287597
v -0.31764537 -0.2200501 -0.3150053
v -0.36313584 -0.2200501 -0.2617954
v -0.3567816 -0.20499802 -0.25717878
v -0.34925729 -0.20055366 -0.25171205
v -0.34925729 -0.20055366 -0.25171205
v -0.3567816 -0.20499802 -0.25717878
v -0.39268667 -0.20499802 -0.19852313
v -0.38440046 -0.20055377 -0.1943011
v -0.39968434 -0.2200501 -0.20208859
v -0.42650566 -0.2200501 -0.1374256
v -0.41903576 -0.20499802 -0.13499852
v -0.41019043 -0.20055366 -0.1321245
v -0.41019043 -0.20055366 -0.1321245
v -0.41903576 -0.20499802 -0.13499852
v -0.43505752 -0.20499802 -0.06811845
v -0.42587218 -0.20055377 -0.06666364
v -0.44281447 -0.2200501 -0.06934702
v -0.4483408 -0.2200501 0.00043934
v -0.44048655 -0.20499802 0.00043932
v -0.43118602 -0.20055366 0.00043932
v -0.43118602 -0.20055366 0.00043932
v -0.44048655 -0.20499802 0.00043932
v -0.43505755 -0.20499802 0.06899703
v -0.42587221 -0.20055377 0.06754222
v -0.44281447 -0.2200501 0.07022561
v -0.42650568 -0.2200501 0.13830413
v -0.41903576 -0.20499802 0.13587704
v -0.41019046 -0.20055366 0.13300303
v -0.41019046 -0.20055366 0.13300303
v -0.41903576 -0.20499802 0.13587704
v -0.39268669 -0.20499802 0.19940174
v -0.38440049 -0.20055377 0.19517973
v -0.39968437 -0.2200501 0.20296723
v -0.36313584 -0.2200501 0.26267415
v -0.35678166 -0.20499802 0.25805748
v -0.34925735 -0.20055366 0.25259078
v -0.34925735 -0.20055366 0.25259078
v -0.35678166 -0.20499802 0.25805748
v -0.31209201 -0.20499802 0.31033063
v -0.30551609 -0.20055377 0.30375469
v -0.31764537 -0.2200501 0.31588405
v -0.26443547 -0.22004998 0.36137447
v -0.25981885 -0.20499802 0.35502023
v -0.25435212 -0.20055366 0.34749591
v -0.25435212 -0.20055366 0.34749591
v -0.25981885 -0.20499802 0.35502023
v -0.20116317 -0.20499802 0.39092529
v -0.19694115 -0.20055377 0.38263911
v -0.20472865 -0.2200501 0.39792293
v -0.14006567 -0.2200501 0.42474425
v -0.13763855 -0.20499802 0.41727439
v -0.13476455 -0.20055366 0.40842909
v -0.13476455 -0.20055366 0.40842909
v -0.13763855 -0.20499802 0.41727439
v -0.07075855 -0.20499802 0.43329614
v -0.06930374 -0.20055377 0.4241108
v -0.07198712 -0.2200501 0.44105309
v -0.00220084 -0.2200501 0.4465794
v -0.00220084 -0.20499802 0.43872517
v -0.00220084 -0.20055366 0.42942458
v -0.00220084 -0.20055366 0.42942458
v -0.00220084 -0.20499802 0.43872517
v 0.06635685 -0.20499802 0.43329608
v 0.06490205 -0.20055377 0.4241108
v 0.06758544 -0.2200501 0.44105306
v 0.13566396 -0.2200501 0.42474422
v 0.13323687 -0.20499802 0.41727436
v 0.13036285 -0.20055366 0.40842903
v 0.13036285 -0.20055366 0.40842903
v 0.13323687 -0.20499802 0.41727436
v 0.19676149 -0.20499802 0.39092526
v 0.19253947 -0.20055377 0.38263905
v 0.20032701 -0.2200501 0.3979229
v 0.26003382 -0.2200501 0.36137447
v 0.2554172 -0.20499802 0.35502017
v 0.2499505 -0.20055366 0.34749591
v 0.2499505 -0.20055366 0.34749591
v 0.2554172 -0.20499802 0.35502017
v 0.30769038 -0.20499802 0.31033063
v 0.30111444 -0.20055377 0.30375463
v 0.31324375 -0.2200501 0.31588399
v 0.35873425 -0.2200501 0.26267409
v 0.35238004 -0.20499802 0.25805745
v 0.34485576 -0.20055366 0.25259072
v 0.34485576 -0.20055366 0.25259072
v 0.35238004 -0.20499802 0.25805745
v 0.38828513 -0.20499802 0.19940168
v 0.37999895 -0.20055377 0.19517964
v 0.39528275 -0.2200501 0.20296718
v 0.42210403 -0.2200501 0.13830404
v 0.41463417 -0.20499802 0.13587692
v 0.40578887 -0.20055366 0.13300291
v 0.40578887 -0.20055366 0.13300291
v 0.41463417 -0.20499802 0.13587692
v 0.43065584 -0.20499802 0.06899688
v 0.42147055 -0.20055377 0.06754207
v 0.42210403 -0.2200501 0.13830404
v 0.43841279 -0.2200501 0.07022546
v 0.43608481 -0.20499802 0.00043921
v 0.42678431 -0.20055377 0.0004392
v 0.39940113 -0.25177979 -0.20418665
v 0.42650008 -0.25177979 -0.1388538
v 0.36247408 -0.25177979 -0.26451197
v 0.31651232 -0.25177968 -0.31827331
v 0.26275104 -0.25177956 -0.36423522
v 0.20242542 -0.25177956 -0.40116242
v 0.13709235 -0.25177956 -0.42826158
v 0.06830849 -0.25177968 -0.44473943
v -0.00220077 -0.25177979 -0.45032299
v -0.07271007 -0.25177991 -0.44473946
v -0.14149393 -0.25178003 -0.42826161
v -0.2068269 -0.25177991 -0.40116245
v -0.26715231 -0.25177979 -0.36423522
v -0.32091352 -0.25177979 -0.31827343
v -0.36687535 -0.25177979 -0.26451224
v -0.40380248 -0.25177979 -0.20418686
v -0.43090159 -0.25177979 -0.13885392
v -0.44737947 -0.25177979 -0.07006999
v -0.45296302 -0.25177979 0.00043937
v -0.44737947 -0.25177979 0.07094865
v -0.43090159 -0.25177979 0.13973249
v -0.40380245 -0.25177991 0.20506553
v -0.36687532 -0.25178003 0.26539102
v -0.32091349 -0.25177979 0.31915215
v -0.26715231 -0.25177956 0.36511391
v -0.2068269 -0.25177968 0.40204105
v -0.14149398 -0.25177979 0.42914027
v -0.07271013 -0.25177979 0.44561803
v -0.00220084 -0.25177979 0.45120156
v 0.06830846 -0.25177979 0.445618
v 0.13709232 -0.25177979 0.42914021
v 0.20242529 -0.25177979 0.40204102
v 0.26275069 -0.25177979 0.36511391
v 0.31651187 -0.25177979 0.31915221
v 0.3624737 -0.25177979 0.26539105
v 0.39940083 -0.25177979 0.20506552
v 0.42649999 -0.25177979 0.13973242
v 0.44297776 -0.25177979 0.0709485
v 0.42649999 -0.25177979 0.13973242
v 0.44856131 -0.25177979 0.00043921
v 0.44297776 -0.25177979 -0.07007004
v 0.37201545 -0.20064735 -0.19023296
v 0.33760643 -0.20064735 -0.24644466
v 0.39726651 -0.20064735 -0.12935524
v 0.40578893 -0.20055377 -0.13212429
v 0.37999913 -0.20055377 -0.19430082
v 0.34485608 -0.20055366 -0.25171182
v 0.29477885 -0.20064712 -0.2965399
v 0.24468358 -0.20064712 -0.3393676
v 0.30111474 -0.20055366 -0.30287579
v 0.24995077 -0.20055342 -0.34661722
v 0.18847172 -0.200647 -0.37377667
v 0.1275938 -0.200647 -0.39902791
v 0.19253963 -0.20055342 -0.38176036
v 0.13036293 -0.20055318 -0.40755036
v 0.06350037 -0.20064723 -0.41438213
v -0.00220082 -0.20064723 -0.41958499
v 0.06490207 -0.20055366 -0.42323211
v -0.00220082 -0.20055366 -0.42854601
v -0.06790202 -0.20064735 -0.41438222
v -0.13199542 -0.20064735 -0.399028
v -0.06930371 -0.20055377 -0.42323217
v -0.13476452 -0.20055366 -0.40755042
v -0.19287325 -0.20064735 -0.37377676
v -0.24908499 -0.20064735 -0.33936769
v -0.19694112 -0.20055377 -0.38176042
v -0.25435215 -0.20055366 -0.34661731
v -0.29918015 -0.20064735 -0.29654005
v -0.34200776 -0.20064735 -0.24644491
v -0.30551606 -0.20055377 -0.30287597
v -0.34925729 -0.20055366 -0.25171205
v -0.3764168 -0.20064735 -0.19023322
v -0.40166807 -0.20064735 -0.1293554
v -0.38440046 -0.20055377 -0.1943011
v -0.41019043 -0.20055366 -0.1321245
v -0.41702223 -0.20064735 -0.06526195
v -0.42222506 -0.20064735 0.00043932
v -0.42587218 -0.20055377 -0.06666364
v -0.43118602 -0.20055366 0.00043932
v -0.41702226 -0.20064735 0.06614053
v -0.40166807 -0.20064735 0.13023394
v -0.42587221 -0.20055377 0.06754222
v -0.41019046 -0.20055366 0.13300303
v -0.37641683 -0.20064735 0.19111183
v -0.34200779 -0.20064735 0.24732366
v -0.38440049 -0.20055377 0.19517973
v -0.34925735 -0.20055366 0.25259078
v -0.29918015 -0.20064735 0.2974188
v -0.24908499 -0.20064735 0.34024641
v -0.30551609 -0.20055377 0.30375469
v -0.25435212 -0.20055366 0.34749591
v -0.19287328 -0.20064735 0.3746554
v -0.13199547 -0.20064735 0.39990664
v -0.19694115 -0.20055377 0.38263911
v -0.13476455 -0.20055366 0.40842909
v -0.06790206 -0.20064735 0.41526079
v -0.00220084 -0.20064735 0.42046365
v -0.06930374 -0.20055377 0.4241108
v -0.00220084 -0.20055366 0.42942458
v 0.06350036 -0.20064735 0.41526079
v 0.12759377 -0.20064735 0.39990661
v 0.06490205 -0.20055377 0.4241108
v 0.13036285 -0.20055366 0.40842903
v 0.18847159 -0.20064735 0.37465537
v 0.24468336 -0.20064735 0.34024632
v 0.19253947 -0.20055377 0.38263905
v 0.2499505 -0.20055366 0.34749591
v 0.29477853 -0.20064735 0.29741877
v 0.33760616 -0.20064735 0.24732359
v 0.30111444 -0.20055377 0.30375463
v 0.34485576 -0.20055366 0.25259072
v 0.37201524 -0.20064735 0.19111177
v 0.39726645 -0.20064735 0.13023384
v 0.37999895 -0.20055377 0.19517964
v 0.40578887 -0.20055366 0.13300291
v 0.41262054 -0.20064735 0.06614038
v 0.41782331 -0.20064735 0.0004392
v 0.39726645 -0.20064735 0.13023384
v 0.40578887 -0.20055366 0.13300291
v 0.42147055 -0.20055377 0.06754207
v 0.42678431 -0.20055377 0.0004392
v 0.41262054 -0.20064735 -0.06526193
v 0.42147055 -0.20055377 -0.06666362
vn -0.05871 -0.99809 0.01908
vn -0.05447 -0.99813 0.02775
vn -0.05089 -0.99837 0.02593
vn -0.05426 -0.99837 0.01763
vn -0.04994 -0.99809 0.03629
vn -0.04616 -0.99837 0.03353
vn -0.05076 -0.99803 0.03688
vn -0.05591 -0.99803 0.02849
vn -0.05967 -0.99803 0.01939
vn -0.04322 -0.99813 0.04322
vn -0.04039 -0.99837 0.04039
vn -0.03629 -0.99809 0.04994
vn -0.03353 -0.99837 0.04616
vn -0.03688 -0.99803 0.05076
vn -0.04437 -0.99803 0.04437
vn -0.02775 -0.99813 0.05447
vn -0.02593 -0.99837 0.05089
vn -0.01908 -0.99809 0.05871
vn -0.01763 -0.99837 0.05426
vn -0.01939 -0.99803 0.05967
vn -0.02849 -0.99803 0.05591
vn -0.00956 -0.99813 0.06038
vn -0.00894 -0.99837 0.05641
vn 0 -0.99809 0.06173
vn 0 -0.99837 0.05705
vn 0 -0.99803 0.06274
vn -0.00982 -0.99803 0.06197
vn 0.00956 -0.99813 0.06038
vn 0.00894 -0.99837 0.05641
vn 0.01908 -0.99809 0.05871
vn 0.01763 -0.99837 0.05426
vn 0.01939 -0.99803 0.05967
vn 0.00982 -0.99803 0.06197
vn 0.02775 -0.99813 0.05447
vn 0.02593 -0.99837 0.05089
vn 0.03629 -0.99809 0.04994
vn 0.03353 -0.99837 0.04616
vn 0.03688 -0.99803 0.05076
vn 0.02849 -0.99803 0.05591
vn 0.04322 -0.99813 0.04322
vn 0.04039 -0.99837 0.04039
vn 0.04994 -0.99809 0.03629
vn 0.04616 -0.99837 0.03353
vn 0.05076 -0.99803 0.03688
vn 0.04437 -0.99803 0.04437
vn 0.05447 -0.99813 0.02775
vn 0.05089 -0.99837 0.02593
vn 0.05871 -0.99809 0.01908
vn 0.05426 -0.99837 0.01763
vn 0.05967 -0.99803 0.01939
vn 0.05591 -0.99803 0.02848
vn 0.06038 -0.99813 0.00956
vn 0.05641 -0.99837 0.00893
vn 0.06173 -0.99809 -0
vn 0.05705 -0.99837 0
vn 0.06274 -0.99803 0
vn 0.06197 -0.99803 0.00982
vn 0.06038 -0.99813 -0.00956
vn 0.05641 -0.99837 -0.00893
vn 0.05871 -0.99809 -0.01908
vn 0.05426 -0.99837 -0.01763
vn 0.05967 -0.99803 -0.01939
vn 0.06197 -0.99803 -0.00982
vn 0.05447 -0.99813 -0.02775
vn 0.05089 -0.99837 -0.02593
vn 0.04994 -0.99809 -0.03629
vn 0.04616 -0.99837 -0.03353
vn 0.05076 -0.99803 -0.03688
vn 0.05591 -0.99803 -0.02849
vn 0.04322 -0.99813 -0.04322
vn 0.04039 -0.99837 -0.04039
vn 0.03629 -0.99809 -0.04994
vn 0.03353 -0.99837 -0.04616
vn 0.03688 -0.99803 -0.05076
vn 0.04437 -0.99803 -0.04437
vn 0.02775 -0.99813 -0.05447
vn 0.02593 -0.99837 -0.05089
vn 0.01908 -0.99809 -0.05871
vn 0.01763 -0.99837 -0.05426
vn 0.01939 -0.99803 -0.05967
vn 0.02849 -0.99803 -0.05591
vn 0.00956 -0.99813 -0.06038
vn 0.00894 -0.99837 -0.05641
vn -0 -0.99809 -0.06173
vn -0 -0.99837 -0.05705
vn -0 -0.99803 -0.06274
vn 0.00982 -0.99803 -0.06197
vn -0.00956 -0.99813 -0.06038
vn -0.00894 -0.99837 -0.05641
vn -0.01908 -0.99809 -0.05871
vn -0.01763 -0.99837 -0.05426
vn -0.01939 -0.99803 -0.05967
vn -0.00982 -0.99803 -0.06197
vn -0.02775 -0.99813 -0.05447
vn -0.02593 -0.99837 -0.05089
vn -0.03629 -0.99809 -0.04994
vn -0.03353 -0.99837 -0.04616
vn -0.03688 -0.99803 -0.05076
vn -0.02849 -0.99803 -0.05591
vn -0.04322 -0.99813 -0.04322
vn -0.04039 -0.99837 -0.04039
vn -0.04994 -0.99809 -0.03629
vn -0.04616 -0.99837 -0.03353
vn -0.05076 -0.99803 -0.03688
vn -0.04437 -0.99803 -0.04437
vn -0.05447 -0.99813 -0.02775
vn -0.05089 -0.99837 -0.02593
vn -0.05871 -0.99809 -0.01908
vn -0.05426 -0.99837 -0.01763
vn -0.05967 -0.99803 -0.01939
vn -0.05591 -0.99803 -0.02849
vn -0.06038 -0.99813 -0.00956
vn -0.05641 -0.99837 -0.00893
vn -0.06173 -0.99809 0
vn -0.05705 -0.99837 0
vn -0.06274 -0.99803 -0
vn -0.06197 -0.99803 -0.00982
vn -0.06038 -0.99813 0.00956
vn -0.05641 -0.99837 0.00893
vn -0.06197 -0.99803 0.00982
vn -0.06099 -0.99765 0.03108
vn -0.0539 -0.99778 0.03916
vn -0.06336 -0.99778 0.02059
vn 0 -1 0
vn -0.0484 -0.99765 0.04841
vn -0.03916 -0.99778 0.0539
vn -0.03108 -0.99765 0.06099
vn -0.02059 -0.99778 0.06336
vn -0.01071 -0.99765 0.06761
vn 0 -0.99778 0.06662
vn 0.01071 -0.99765 0.06761
vn 0.02059 -0.99778 0.06336
vn 0.03108 -0.99765 0.06099
vn 0.03916 -0.99778 0.0539
vn 0.0484 -0.99765 0.0484
vn 0.0539 -0.99778 0.03916
vn 0.06099 -0.99765 0.03108
vn 0.06336 -0.99778 0.02059
vn 0.06761 -0.99765 0.01071
vn 0.06662 -0.99778 0
vn 0.06761 -0.99765 -0.01071
vn 0.06336 -0.99778 -0.02059
vn 0.06099 -0.99765 -0.03108
vn 0.0539 -0.99778 -0.03916
vn 0.0484 -0.99765 -0.0484
vn 0.03916 -0.99778 -0.0539
vn 0.03108 -0.99765 -0.06099
vn 0.02059 -0.99778 -0.06336
vn 0.01071 -0.99765 -0.06761
vn -0 -0.99778 -0.06662
vn -0.01071 -0.99765 -0.06761
vn -0.02059 -0.99778 -0.06336
vn -0.03108 -0.99765 -0.06099
vn -0.03916 -0.99778 -0.0539
vn -0.0484 -0.99765 -0.04841
vn -0.0539 -0.99778 -0.03916
vn -0.06099 -0.99765 -0.03108
vn -0.06336 -0.99778 -0.02059
vn -0.06761 -0.99765 -0.01071
vn -0.06662 -0.99778 0
vn -0.06761 -0.99765 0.01071
vn -0.04819 -0.99854 0.02455
vn -0.05142 -0.99854 0.01671
vn -0.04374 -0.99854 0.03178
vn 0.02666 -0.99946 -0.01937
vn 0.02932 -0.99946 -0.01494
vn 0.03134 -0.99946 -0.01018
vn -0.03824 -0.99854 0.03824
vn -0.03178 -0.99854 0.04374
vn 0.01937 -0.99946 -0.02666
vn 0.02327 -0.99946 -0.02327
vn -0.02455 -0.99854 0.04819
vn -0.01671 -0.99854 0.05142
vn 0.01018 -0.99946 -0.03134
vn 0.01494 -0.99946 -0.02932
vn -0.00846 -0.99854 0.05342
vn 0 -0.99854 0.05407
vn 0 -0.99946 -0.03296
vn 0.00515 -0.99946 -0.0325
vn 0.00846 -0.99854 0.05341
vn 0.01671 -0.99854 0.05142
vn -0.01018 -0.99946 -0.03134
vn -0.00515 -0.99946 -0.0325
vn 0.02455 -0.99854 0.04819
vn 0.03178 -0.99854 0.04374
vn -0.01937 -0.99946 -0.02666
vn -0.01494 -0.99946 -0.02932
vn 0.03824 -0.99854 0.03824
vn 0.04374 -0.99854 0.03178
vn -0.02666 -0.99946 -0.01937
vn -0.02327 -0.99946 -0.02327
vn 0.04819 -0.99854 0.02455
vn 0.05142 -0.99854 0.01671
vn -0.03134 -0.99946 -0.01018
vn -0.02932 -0.99946 -0.01494
vn 0.05342 -0.99854 0.00846
vn 0.05407 -0.99854 0
vn -0.03295 -0.99946 0
vn -0.0325 -0.99946 -0.00515
vn 0.05342 -0.99854 -0.00846
vn 0.05142 -0.99854 -0.01671
vn -0.03134 -0.99946 0.01018
vn -0.0325 -0.99946 0.00515
vn 0.04819 -0.99854 -0.02455
vn 0.04374 -0.99854 -0.03178
vn -0.02666 -0.99946 0.01937
vn -0.02932 -0.99946 0.01494
vn 0.03824 -0.99854 -0.03824
vn 0.03178 -0.99854 -0.04374
vn -0.01937 -0.99946 0.02666
vn -0.02327 -0.99946 0.02327
vn 0.02455 -0.99854 -0.04819
vn 0.01671 -0.99854 -0.05142
vn -0.01018 -0.99946 0.03134
vn -0.01494 -0.99946 0.02932
vn 0.00846 -0.99854 -0.05342
vn 0 -0.99854 -0.05407
vn 0 -0.99946 0.03295
vn -0.00515 -0.99946 0.0325
vn -0.00846 -0.99854 -0.05342
vn -0.01671 -0.99854 -0.05142
vn 0.01018 -0.99946 0.03134
vn 0.00515 -0.99946 0.0325
vn -0.02455 -0.99854 -0.04819
vn -0.03178 -0.99854 -0.04374
vn 0.01937 -0.99946 0.02666
vn 0.01494 -0.99946 0.02932
vn -0.03824 -0.99854 -0.03824
vn -0.04374 -0.99854 -0.03178
vn 0.02666 -0.99946 0.01937
vn 0.02327 -0.99946 0.02327
vn -0.04819 -0.99854 -0.02455
vn -0.05142 -0.99854 -0.01671
vn 0.03134 -0.99946 0.01018
vn 0.02932 -0.99946 0.01494
vn -0.05342 -0.99854 -0.00846
vn -0.05407 -0.99854 -0
vn 0.03295 -0.99946 0
vn 0.0325 -0.99946 0.00515
vn -0.05342 -0.99854 0.00846
vn 0.0325 -0.99946 -0.00515
vn 0.90897 -0.29418 -0.29534
vn 0.93859 0.16152 -0.3049
vn 0.97477 0.16207 -0.15346
vn 0.94434 -0.29332 -0.14894
vn 0.85669 0.43405 -0.27872
vn 0.88993 0.43385 -0.14073
vn 0.90105 0.43372 0.00233
vn 0.98625 0.16522 0.00394
vn 0.95755 -0.28826 0.00275
vn 0.2871 -0.95335 -0.09329
vn 0.29808 -0.95337 -0.04721
vn 0.54932 -0.81632 -0.17849
vn 0.57047 -0.81633 -0.09035
vn 0.57759 -0.81632 0
vn 0.30187 -0.95335 0
vn 0.72463 -0.64768 -0.23545
vn 0.75275 -0.64745 -0.11907
vn 0.76323 -0.64613 0.00066
vn 0.87937 0.1613 -0.44799
vn 0.80249 0.43411 -0.40934
vn 0.85157 -0.29421 -0.4339
vn 0.77322 -0.29418 -0.56178
vn 0.79848 0.16109 -0.58006
vn 0.72855 0.43416 -0.52983
vn 0.67886 -0.64769 -0.3459
vn 0.51463 -0.81633 -0.26222
vn 0.46728 -0.81633 -0.3395
vn 0.6164 -0.64768 -0.44784
vn 0.2689 -0.95337 -0.13701
vn 0.24422 -0.95335 -0.17744
vn 0.69793 0.16091 -0.69786
vn 0.63665 0.43424 -0.63727
vn 0.67581 -0.29421 -0.67581
vn 0.56178 -0.29418 -0.77322
vn 0.58022 0.16067 -0.79845
vn 0.52907 0.43433 -0.729
vn 0.53875 -0.64769 -0.53874
vn 0.40841 -0.81634 -0.40841
vn 0.3395 -0.81633 -0.46728
vn 0.44784 -0.64768 -0.6164
vn 0.2134 -0.95337 -0.2134
vn 0.17744 -0.95335 -0.24422
vn 0.44825 0.16026 -0.87943
vn 0.40845 0.43439 -0.80279
vn 0.4339 -0.29421 -0.85157
vn 0.29534 -0.29418 -0.90897
vn 0.30524 0.15963 -0.9388
vn 0.2777 0.43452 -0.85678
vn 0.3459 -0.64769 -0.67886
vn 0.26221 -0.81634 -0.51462
vn 0.17849 -0.81633 -0.54932
vn 0.23545 -0.64768 -0.72462
vn 0.13701 -0.95337 -0.2689
vn 0.09328 -0.95335 -0.2871
vn 0.15468 0.15884 -0.97511
vn 0.14011 0.43472 -0.8896
vn 0.14951 -0.29421 -0.94397
vn 0 -0.29418 -0.95575
vn 0.00025 0.15792 -0.98745
vn -0.00084 0.43501 -0.90042
vn 0.11919 -0.64769 -0.75252
vn 0.09035 -0.81634 -0.57047
vn -0 -0.81633 -0.57759
vn 0 -0.64768 -0.76192
vn 0.04721 -0.95337 -0.29808
vn 0 -0.95335 -0.30187
vn -0.15469 0.1572 -0.97538
vn -0.14181 0.43517 -0.88911
vn -0.14985 -0.29375 -0.94406
vn -0.29691 -0.29122 -0.90941
vn -0.30675 0.15801 -0.93858
vn -0.27964 0.43523 -0.85579
vn -0.11928 -0.64757 -0.75261
vn -0.09035 -0.81634 -0.57047
vn -0.17849 -0.81633 -0.54932
vn -0.23598 -0.64688 -0.72517
vn -0.04721 -0.95337 -0.29808
vn -0.09328 -0.95335 -0.2871
vn -0.45016 0.16105 -0.87831
vn -0.41019 0.43575 -0.80116
vn -0.4365 -0.28649 -0.85287
vn -0.56361 -0.28379 -0.77576
vn -0.57992 0.16299 -0.7982
vn -0.52937 0.43644 -0.72752
vn -0.34707 -0.64565 -0.6802
vn -0.26222 -0.81634 -0.51462
vn -0.3395 -0.81633 -0.46728
vn -0.4492 -0.64494 -0.61828
vn -0.13701 -0.95337 -0.2689
vn -0.17744 -0.95335 -0.24422
vn -0.69622 0.16093 -0.69956
vn -0.63579 0.4366 -0.63651
vn -0.67623 -0.28655 -0.67867
vn -0.77315 -0.29127 -0.56338
vn -0.79786 0.1576 -0.58188
vn -0.72758 0.43671 -0.52906
vn -0.53966 -0.64566 -0.54027
vn -0.40841 -0.81634 -0.40841
vn -0.46728 -0.81633 -0.3395
vn -0.61675 -0.64688 -0.44851
vn -0.2134 -0.95337 -0.2134
vn -0.24422 -0.95335 -0.17744
vn -0.8799 0.15631 -0.44871
vn -0.80142 0.43698 -0.40837
vn -0.85155 -0.29377 -0.43424
vn -0.90897 -0.29418 -0.29534
vn -0.93937 0.15662 -0.30505
vn -0.85543 0.43685 -0.27822
vn -0.67892 -0.64757 -0.34602
vn -0.51463 -0.81633 -0.26222
vn -0.54932 -0.81632 -0.17849
vn -0.72463 -0.64767 -0.23545
vn -0.2689 -0.95337 -0.13701
vn -0.2871 -0.95335 -0.09328
vn -0.97541 0.15743 -0.15426
vn -0.88861 0.43638 -0.14125
vn -0.94398 -0.29421 -0.14951
vn -0.95575 -0.29418 0
vn -0.9874 0.15825 0.00017
vn -0.90001 0.43586 -0.00044
vn -0.75252 -0.64769 -0.11919
vn -0.57047 -0.81633 -0.09035
vn -0.57759 -0.81632 0
vn -0.76192 -0.64767 0
vn -0.29808 -0.95337 -0.04721
vn -0.30187 -0.95335 -0
vn -0.97514 0.15879 0.15453
vn -0.88919 0.43542 0.14056
vn -0.94398 -0.29421 0.14951
vn -0.90897 -0.29418 0.29534
vn -0.93895 0.159 0.3051
vn -0.85633 0.43516 0.2781
vn -0.75252 -0.64769 0.11919
vn -0.57047 -0.81633 0.09035
vn -0.54932 -0.81632 0.17849
vn -0.72463 -0.64768 0.23545
vn -0.29808 -0.95337 0.04721
vn -0.2871 -0.95335 0.09328
vn -0.87969 0.15899 0.44819
vn -0.80228 0.43506 0.40875
vn -0.85157 -0.29421 0.4339
vn -0.77322 -0.29418 0.56178
vn -0.79879 0.1588 0.58027
vn -0.72836 0.4351 0.52932
vn -0.67886 -0.64769 0.3459
vn -0.51463 -0.81633 0.26222
vn -0.46728 -0.81633 0.3395
vn -0.6164 -0.64767 0.44784
vn -0.2689 -0.95337 0.13701
vn -0.24422 -0.95335 0.17744
vn -0.69824 0.15846 0.6981
vn -0.63644 0.4353 0.63675
vn -0.67581 -0.29421 0.67581
vn -0.56178 -0.29418 0.77322
vn -0.58051 0.15799 0.79878
vn -0.52892 0.43559 0.72836
vn -0.53875 -0.64769 0.53874
vn -0.40841 -0.81634 0.40841
vn -0.3395 -0.81633 0.46728
vn -0.44784 -0.64768 0.6164
vn -0.2134 -0.95337 0.2134
vn -0.17744 -0.95335 0.24422
vn -0.44843 0.15748 0.87984
vn -0.40848 0.43584 0.80199
vn -0.4339 -0.29421 0.85157
vn -0.29534 -0.29418 0.90897
vn -0.30521 0.15715 0.93923
vn -0.27808 0.43605 0.85588
vn -0.3459 -0.64769 0.67886
vn -0.26221 -0.81634 0.51462
vn -0.17849 -0.81633 0.54932
vn -0.23545 -0.64768 0.72462
vn -0.13701 -0.95337 0.2689
vn -0.09328 -0.95335 0.2871
vn -0.15366 0.15747 0.9755
vn -0.14062 0.43599 0.8889
vn -0.14894 -0.29333 0.94434
vn 0.0027 -0.2883 0.95754
vn 0.00359 0.16041 0.98704
vn 0.00154 0.43578 0.90005
vn -0.11906 -0.64744 0.75276
vn -0.09035 -0.81634 0.57047
vn -0 -0.81633 0.57759
vn 0.00068 -0.64607 0.76328
vn -0.04721 -0.95337 0.29808
vn -0 -0.95335 0.30187
vn 0.16043 0.1677 0.9727
vn 0.14403 0.43601 0.88834
vn 0.15494 -0.277 0.9483
vn 0.30281 -0.26242 0.91621
vn 0.31038 0.17695 0.934
vn 0.28171 0.43638 0.85452
vn 0.12096 -0.6431 0.75617
vn 0.09035 -0.81634 0.57047
vn 0.17849 -0.81633 0.54932
vn 0.23882 -0.6392 0.73102
vn 0.04721 -0.95337 0.29808
vn 0.09328 -0.95335 0.2871
vn 0.45123 0.18532 0.87295
vn 0.41168 0.43641 0.80004
vn 0.44341 -0.2489 0.86107
vn 0.57397 -0.23726 0.78375
vn 0.58107 0.19277 0.7907
vn 0.53161 0.43624 0.726
vn 0.35144 -0.63556 0.68742
vn 0.26222 -0.81634 0.51462
vn 0.3395 -0.81633 0.46728
vn 0.45609 -0.63236 0.62618
vn 0.13701 -0.95337 0.2689
vn 0.17744 -0.95335 0.24422
vn 0.69554 0.19947 0.69024
vn 0.63803 0.43631 0.63447
vn 0.69002 -0.22842 0.6868
vn 0.78675 -0.22755 0.5738
vn 0.79133 0.20176 0.57714
vn 0.72739 0.4362 0.52976
vn 0.54951 -0.63001 0.54874
vn 0.40841 -0.81634 0.40841
vn 0.46728 -0.81633 0.3395
vn 0.62804 -0.62992 0.45691
vn 0.2134 -0.95337 0.2134
vn 0.24422 -0.95335 0.17744
vn 0.87026 0.19576 0.45202
vn 0.79988 0.43527 0.4132
vn 0.8625 -0.23904 0.44603
vn 0.91677 -0.25801 0.3049
vn 0.93188 0.18441 0.3124
vn 0.85473 0.43442 0.2841
vn 0.68895 -0.6332 0.35273
vn 0.51463 -0.81633 0.26222
vn 0.54932 -0.81632 0.17849
vn 0.73159 -0.6383 0.23946
vn 0.2689 -0.95337 0.13701
vn 0.2871 -0.95335 0.09328
vn 0.97158 0.17313 0.1614
vn 0.88905 0.43398 0.14576
vn 0.94846 -0.27613 0.15551
vn 0.7562 -0.64304 0.12106
vn 0.57047 -0.81633 0.09035
vn 0.29808 -0.95337 0.04721
vn 0.75838 0.52368 -0.3881
vn 0.80991 0.52348 -0.26459
vn 0.68821 0.52389 -0.5019
vn 0.70338 0.49108 -0.51391
vn 0.77503 0.49142 -0.39729
vn 0.82747 0.49175 -0.27107
vn 0.60104 0.52409 -0.60339
vn 0.49892 0.52446 -0.68995
vn 0.50965 0.49069 -0.70674
vn 0.61419 0.49076 -0.618
vn 0.38432 0.52495 -0.75942
vn 0.26 0.52583 -0.80988
vn 0.26486 0.49096 -0.82994
vn 0.39229 0.49071 -0.77802
vn 0.12941 0.52701 -0.83995
vn -0.00392 0.52856 -0.84889
vn -0.00583 0.49206 -0.87054
vn 0.13099 0.49135 -0.86105
vn -0.13627 0.53008 -0.83693
vn -0.26442 0.53114 -0.80497
vn -0.27284 0.49386 -0.82562
vn -0.14158 0.49296 -0.85846
vn -0.38645 0.53154 -0.75374
vn -0.49953 0.53222 -0.68353
vn -0.5145 0.49513 -0.7001
vn -0.39805 0.49415 -0.7729
vn -0.59978 0.53361 -0.59627
vn -0.6845 0.53503 -0.49519
vn -0.7029 0.49957 -0.50632
vn -0.6171 0.49739 -0.60975
vn -0.75265 0.53537 -0.38326
vn -0.80329 0.53452 -0.2627
vn -0.82297 0.50009 -0.2695
vn -0.77186 0.50027 -0.39239
vn -0.8354 0.5328 -0.13503
vn -0.84735 0.53103 -0.00228
vn -0.86694 0.4984 -0.00327
vn -0.85521 0.49925 -0.13918
vn -0.83793 0.52973 0.13142
vn -0.8072 0.5291 0.26169
vn -0.82531 0.49746 0.26721
vn -0.85692 0.49779 0.13379
vn -0.75619 0.52888 0.38532
vn -0.68609 0.52915 0.49929
vn -0.70135 0.4973 0.51068
vn -0.77308 0.49723 0.39383
vn -0.59893 0.52975 0.60054
vn -0.49727 0.53059 0.68643
vn -0.50913 0.49725 0.70251
vn -0.61238 0.49738 0.61449
vn -0.3839 0.53128 0.75522
vn -0.26164 0.53172 0.8055
vn -0.26891 0.49596 0.82566
vn -0.39393 0.49662 0.77343
vn -0.1332 0.53168 0.8364
vn -0.00055 0.53118 0.84726
vn -0.00116 0.49471 0.86906
vn -0.13718 0.49531 0.85782
vn 0.13312 0.53013 0.8374
vn 0.26358 0.52895 0.80669
vn 0.2697 0.49202 0.82776
vn 0.13585 0.49354 0.85905
vn 0.38688 0.52757 0.7563
vn 0.50024 0.52567 0.68806
vn 0.51203 0.4891 0.70612
vn 0.39611 0.49053 0.77619
vn 0.60221 0.52289 0.60327
vn 0.68959 0.52028 0.50377
vn 0.70544 0.48569 0.5162
vn 0.61612 0.48705 0.61901
vn 0.75986 0.51922 0.39117
vn 0.81135 0.51991 0.26722
vn 0.82976 0.48748 0.27178
vn 0.77733 0.48592 0.39954
vn 0.84252 0.52129 0.1357
vn 0.85262 0.52254 0.00041
vn 0.87118 0.49096 -0.00086
vn 0.86122 0.48941 0.13703
vn 0.84161 0.52315 -0.13424
vn 0.8598 0.49162 -0.13804
vn 0.75224 0.36933 -0.54564
vn 0.75441 0.3621 -0.54749
vn 0.83106 0.36118 -0.42295
vn 0.82853 0.36917 -0.42102
vn 0.7572 0.35187 -0.55031
vn 0.83419 0.35077 -0.42554
vn 0.89054 0.34998 -0.29061
vn 0.88682 0.36052 -0.2891
vn 0.88369 0.36907 -0.28788
vn 0.73429 0.41681 -0.53581
vn 0.80883 0.41791 -0.4137
vn 0.7466 0.38379 -0.54342
vn 0.82228 0.38494 -0.41914
vn 0.87702 0.38581 -0.28633
vn 0.86306 0.41879 -0.28239
vn 0.74979 0.3759 -0.54453
vn 0.82576 0.37657 -0.4199
vn 0.88057 0.37708 -0.28705
vn 0.92085 0.36056 -0.14843
vn 0.91743 0.36927 -0.14817
vn 0.92495 0.34983 -0.14858
vn 0.93665 0.35026 -0.00166
vn 0.93249 0.36118 -0.00233
vn 0.92913 0.36974 -0.0028
vn 0.8965 0.41888 -0.14434
vn 0.91071 0.38603 -0.14693
vn 0.92256 0.38583 -0.00264
vn 0.90828 0.41837 -0.00191
vn 0.91421 0.37736 -0.14769
vn 0.926 0.3775 -0.00292
vn 0.5507 0.35409 -0.75588
vn 0.66202 0.3529 -0.6612
vn 0.65953 0.3627 -0.65838
vn 0.54887 0.36323 -0.75286
vn 0.65749 0.36905 -0.65689
vn 0.54715 0.36846 -0.75157
vn 0.65509 0.37483 -0.65602
vn 0.65208 0.38245 -0.65462
vn 0.54172 0.38103 -0.74924
vn 0.54475 0.37339 -0.75089
vn 0.64124 0.41574 -0.64496
vn 0.53236 0.41488 -0.73788
vn 0.2901 0.35716 -0.88785
vn 0.42557 0.3555 -0.83217
vn 0.42456 0.36395 -0.82903
vn 0.28975 0.36505 -0.88475
vn 0.42337 0.36768 -0.82799
vn 0.28905 0.36699 -0.88418
vn 0.42104 0.37152 -0.82747
vn 0.41797 0.3794 -0.82544
vn 0.28392 0.37766 -0.88134
vn 0.28694 0.36944 -0.88385
vn 0.41019 0.41403 -0.8126
vn 0.27769 0.41327 -0.86724
vn 0.00205 0.36025 -0.93285
vn 0.14801 0.35881 -0.9216
vn 0.14797 0.3663 -0.91866
vn 0.00187 0.36746 -0.93004
vn 0.14746 0.36639 -0.9187
vn 0.00114 0.36599 -0.93062
vn 0.14557 0.36732 -0.91863
vn 0.14284 0.37582 -0.91562
vn -0.00243 0.37421 -0.92734
vn -0.00047 0.36558 -0.93078
vn 0.13838 0.41243 -0.90042
vn -0.00452 0.41171 -0.9113
vn -0.28574 0.36143 -0.88754
vn -0.14417 0.36109 -0.92132
vn -0.14449 0.36813 -0.91848
vn -0.28598 0.3684 -0.88459
vn -0.14553 0.36567 -0.9193
vn -0.28759 0.36536 -0.88533
vn -0.14691 0.36436 -0.9196
vn -0.14792 0.37302 -0.91596
vn -0.29 0.37229 -0.88165
vn -0.28946 0.3635 -0.88548
vn -0.14709 0.41125 -0.89958
vn -0.2859 0.41118 -0.86556
vn -0.5902 0.35763 -0.72371
vn -0.43174 0.36111 -0.82656
vn -0.43153 0.36863 -0.82334
vn -0.58836 0.3682 -0.71991
vn -0.43162 0.36605 -0.82444
vn -0.58176 0.37087 -0.72389
vn -0.43045 0.36434 -0.82581
vn -0.42734 0.37294 -0.82359
vn -0.5569 0.37914 -0.73899
vn -0.5697 0.37257 -0.73255
vn -0.41857 0.41155 -0.80958
vn -0.54164 0.41416 -0.7315
vn -0.78883 0.34327 -0.50981
vn -0.71761 0.34944 -0.60244
vn -0.71293 0.36621 -0.59801
vn -0.78141 0.36603 -0.50539
vn -0.70049 0.38026 -0.60392
vn -0.7687 0.39043 -0.50663
vn -0.68169 0.3897 -0.61921
vn -0.66562 0.39194 -0.63508
vn -0.7478 0.40441 -0.52655
vn -0.75467 0.40669 -0.51486
vn -0.64862 0.4194 -0.63513
vn -0.73622 0.4245 -0.52705
vn -0.89159 0.34183 -0.29703
vn -0.84066 0.34155 -0.42028
vn -0.83162 0.36722 -0.4166
vn -0.88211 0.368 -0.29404
vn -0.82047 0.39565 -0.41266
vn -0.87125 0.39628 -0.28964
vn -0.81239 0.41439 -0.41023
vn -0.81382 0.41011 -0.4117
vn -0.86652 0.41074 -0.28361
vn -0.864 0.41489 -0.28526
vn -0.80661 0.42691 -0.40881
vn -0.8594 0.42753 -0.28044
vn -0.93967 0.34204 -0.00449
vn -0.92716 0.34194 -0.15316
vn -0.91748 0.36792 -0.15119
vn -0.92987 0.36785 -0.00451
vn -0.90628 0.39566 -0.14868
vn -0.9185 0.3954 -0.00433
vn -0.89836 0.41405 -0.14664
vn -0.90019 0.41034 -0.14585
vn -0.91202 0.41014 -0.00325
vn -0.91037 0.41377 -0.004
vn -0.8924 0.42756 -0.14427
vn -0.90403 0.42745 -0.00287
vn -0.89349 0.34242 0.29055
vn -0.9284 0.34223 0.14472
vn -0.91881 0.36798 0.14274
vn -0.88418 0.36817 0.28752
vn -0.90772 0.39527 0.14074
vn -0.87357 0.39543 0.28375
vn -0.89976 0.41346 0.1396
vn -0.90129 0.40983 0.14046
vn -0.86782 0.40981 0.28097
vn -0.86613 0.41355 0.28072
vn -0.89331 0.42722 0.13961
vn -0.86024 0.42712 0.2785
vn -0.75698 0.34164 0.55701
vn -0.83575 0.34219 0.42945
vn -0.82679 0.36804 0.4254
vn -0.74886 0.3678 0.5513
vn -0.81677 0.39589 0.41971
vn -0.73978 0.39666 0.54349
vn -0.81014 0.41436 0.4147
vn -0.81237 0.41032 0.41436
vn -0.73648 0.41129 0.53706
vn -0.73394 0.41575 0.53711
vn -0.80569 0.42716 0.41038
vn -0.73087 0.42744 0.5321
vn -0.59214 0.34259 0.72939
vn -0.66967 0.34113 0.65967
vn -0.66268 0.36709 0.65276
vn -0.58628 0.36586 0.72279
vn -0.6534 0.39592 0.64523
vn -0.57347 0.3903 0.72028
vn -0.64548 0.41501 0.64119
vn -0.64497 0.4109 0.64434
vn -0.54497 0.40537 0.73395
vn -0.55648 0.40676 0.72448
vn -0.63871 0.42729 0.6399
vn -0.5334 0.42546 0.73108
vn -0.33462 0.35434 0.8732
vn -0.495 0.34788 0.79621
vn -0.49053 0.36525 0.79118
vn -0.33164 0.36565 0.86966
vn -0.47569 0.37976 0.79341
vn -0.32264 0.37032 0.87107
vn -0.45214 0.39003 0.80215
vn -0.43149 0.39375 0.81165
vn -0.29515 0.3827 0.87546
vn -0.30845 0.37439 0.87446
vn -0.4154 0.42146 0.80611
vn -0.2839 0.41756 0.86316
vn 0.0056 0.35492 0.93488
vn -0.15136 0.35585 0.9222
vn -0.14965 0.36431 0.91917
vn 0.00612 0.36295 0.93179
vn -0.14822 0.36575 0.91884
vn 0.00551 0.36543 0.93082
vn -0.14749 0.36821 0.91797
vn -0.14675 0.37829 0.91398
vn 0.00058 0.37886 0.92545
vn 0.00317 0.36898 0.92943
vn -0.14394 0.41567 0.89805
vn -0.00079 0.41552 0.90958
vn 0.29328 0.3539 0.88811
vn 0.15025 0.3543 0.92298
vn 0.1497 0.36239 0.91993
vn 0.29199 0.36221 0.88518
vn 0.14902 0.366 0.9186
vn 0.29065 0.36657 0.88383
vn 0.14757 0.3705 0.91704
vn 0.14558 0.38011 0.91341
vn 0.28644 0.38118 0.87901
vn 0.28878 0.37165 0.88232
vn 0.14231 0.41553 0.89838
vn 0.28148 0.4154 0.86499
vn 0.55374 0.35243 0.75443
vn 0.42916 0.35325 0.83129
vn 0.42742 0.3621 0.82837
vn 0.55163 0.36197 0.75145
vn 0.42546 0.36744 0.82702
vn 0.54938 0.3685 0.74993
vn 0.42287 0.37317 0.82579
vn 0.4199 0.38235 0.8231
vn 0.5433 0.38365 0.74675
vn 0.54655 0.37496 0.74879
vn 0.4131 0.41526 0.8105
vn 0.53451 0.41526 0.73611
vn 0.7584 0.35128 0.54903
vn 0.66433 0.35164 0.65956
vn 0.66154 0.36184 0.65683
vn 0.75483 0.36212 0.54691
vn 0.65892 0.36934 0.6553
vn 0.75185 0.37011 0.54565
vn 0.6561 0.37632 0.65415
vn 0.65302 0.38454 0.65245
vn 0.74626 0.38497 0.54304
vn 0.74909 0.3772 0.54459
vn 0.64285 0.41502 0.64381
vn 0.73518 0.41494 0.53604
vn 0.89062 0.35103 0.28908
vn 0.83442 0.35116 0.42477
vn 0.83046 0.36245 0.42304
vn 0.88655 0.3624 0.28757
vn 0.82745 0.37062 0.42187
vn 0.88353 0.37067 0.28631
vn 0.82479 0.37763 0.42084
vn 0.82201 0.38507 0.41954
vn 0.87791 0.38522 0.28439
vn 0.88086 0.37774 0.28529
vn 0.8099 0.41526 0.41428
vn 0.86473 0.41617 0.28116
vn 0.92509 0.35068 0.14574
vn 0.92095 0.36186 0.14458
vn 0.91779 0.37023 0.14354
vn 0.9149 0.37759 0.14278
vn 0.91167 0.38546 0.14239
vn 0.89773 0.41733 0.14115
vn 0.93235 0.32944 -0.14899
vn 0.94415 0.32951 -0.00099
vn 0.89753 0.32977 -0.29273
vn 0.90987 0.29043 -0.29629
vn 0.94514 0.29006 -0.15028
vn 0.95704 0.28995 -0.00049
vn 0.94536 0.28985 0.14924
vn 0.9326 0.32953 0.14717
vn 0.91037 0.28993 0.29524
vn 0.89801 0.32963 0.29141
vn 0.85294 0.29024 0.43388
vn 0.84138 0.32988 0.42809
vn 0.77469 0.29089 0.56147
vn 0.76445 0.33047 0.55354
vn 0.67765 0.29169 0.67506
vn 0.66912 0.33131 0.66522
vn 0.56411 0.29266 0.7721
vn 0.55737 0.33241 0.76081
vn 0.43684 0.29359 0.85028
vn 0.43191 0.33348 0.838
vn 0.29865 0.29444 0.9078
vn 0.2953 0.33435 0.89499
vn 0.15308 0.29497 0.94316
vn 0.15136 0.33476 0.93007
vn 0.00443 0.29531 0.95539
vn 0.00506 0.33504 0.94219
vn -0.15413 0.29485 0.94303
vn -0.15271 0.33498 0.92977
vn -0.33144 0.29 0.8978
vn -0.33386 0.33125 0.8825
vn -0.48966 0.27854 0.82622
vn -0.49365 0.32142 0.80808
vn -0.59718 0.26799 0.75602
vn -0.59493 0.31278 0.74042
vn -0.6863 0.26359 0.67788
vn -0.67703 0.30958 0.66768
vn -0.77855 0.26324 0.56971
vn -0.76646 0.30965 0.56272
vn -0.85887 0.2634 0.43927
vn -0.84603 0.31001 0.43374
vn -0.91733 0.26343 0.29851
vn -0.9041 0.31008 0.29403
vn -0.95285 0.26361 0.15026
vn -0.93927 0.31 0.14718
vn -0.96454 0.26391 -0.00277
vn -0.95074 0.30997 -0.00389
vn -0.95192 0.26396 -0.15546
vn -0.93815 0.30984 -0.15449
vn -0.91572 0.26407 -0.30286
vn -0.90231 0.3098 -0.29977
vn -0.86177 0.26509 -0.43252
vn -0.85013 0.31035 -0.4254
vn -0.80117 0.27009 -0.53403
vn -0.79457 0.31418 -0.51956
vn -0.72042 0.28101 -0.63405
vn -0.71908 0.32357 -0.615
vn -0.59257 0.29295 -0.75036
vn -0.59084 0.33455 -0.73416
vn -0.43875 0.29836 -0.84763
vn -0.43383 0.33951 -0.83458
vn -0.29232 0.29904 -0.90836
vn -0.2877 0.34021 -0.89526
vn -0.1477 0.29866 -0.94286
vn -0.14517 0.33998 -0.92916
vn 0.00117 0.29808 -0.95454
vn 0.00176 0.33934 -0.94066
vn 0.14998 0.29725 -0.94295
vn 0.14847 0.33827 -0.92926
vn 0.29533 0.29634 -0.90827
vn 0.29163 0.33701 -0.89519
vn 0.43397 0.29517 -0.8512
vn 0.42828 0.33552 -0.83905
vn 0.56201 0.29392 -0.77315
vn 0.55456 0.334 -0.76217
vn 0.6761 0.2927 -0.67617
vn 0.66699 0.33257 -0.66672
vn 0.77358 0.29177 -0.56253
vn 0.763 0.33147 -0.55494
vn 0.84059 0.33049 -0.42917
vn 0.85219 0.291 -0.43485
vn 0.95859 0.24082 -0.15202
vn 0.9706 0.2407 -0.00019
vn 0.92292 0.24105 -0.3002
vn 0.93336 0.19184 -0.30338
vn 0.96936 0.19171 -0.15357
vn 0.98147 0.19164 -5E-05
vn 0.96941 0.19161 0.15336
vn 0.95872 0.24065 0.15148
vn 0.93351 0.19174 0.30299
vn 0.92323 0.24078 0.29945
vn 0.87459 0.19192 0.44526
vn 0.86497 0.24102 0.44015
vn 0.79415 0.19216 0.57654
vn 0.78547 0.24142 0.56987
vn 0.69429 0.19238 0.69351
vn 0.68684 0.24185 0.68539
vn 0.57737 0.19266 0.79343
vn 0.57143 0.24237 0.78404
vn 0.44626 0.1929 0.87386
vn 0.44207 0.24288 0.86347
vn 0.30421 0.19323 0.9328
vn 0.30187 0.24346 0.92174
vn 0.15478 0.19357 0.9688
vn 0.15428 0.24395 0.95744
vn 0.00167 0.19392 0.98102
vn 0.00317 0.24439 0.96967
vn -0.15677 0.19343 0.96851
vn -0.15567 0.24388 0.95723
vn -0.32272 0.18912 0.92741
vn -0.32763 0.2389 0.9141
vn -0.47495 0.17952 0.86151
vn -0.48318 0.22756 0.84543
vn -0.59564 0.17014 0.78503
vn -0.59758 0.21671 0.77197
vn -0.70007 0.16575 0.69457
vn -0.69465 0.21181 0.68745
vn -0.79747 0.16497 0.58036
vn -0.78972 0.21108 0.57601
vn -0.87865 0.16489 0.44809
vn -0.87058 0.21106 0.44445
vn -0.93787 0.16503 0.30524
vn -0.92944 0.21115 0.30257
vn -0.97403 0.16552 0.15448
vn -0.96532 0.21161 0.15291
vn -0.98611 0.16608 -0.00097
vn -0.97722 0.21221 -0.0017
vn -0.97363 0.16635 -0.15614
vn -0.96462 0.21252 -0.15601
vn -0.93711 0.16656 -0.30674
vn -0.92817 0.21276 -0.30534
vn -0.87989 0.16759 -0.44464
vn -0.87244 0.21394 -0.43941
vn -0.80872 0.17213 -0.56245
vn -0.80636 0.21912 -0.54934
vn -0.7175 0.18135 -0.67253
vn -0.72014 0.22987 -0.65464
vn -0.59324 0.19067 -0.78212
vn -0.59379 0.24108 -0.76766
vn -0.44882 0.19483 -0.87213
vn -0.44446 0.24611 -0.86133
vn -0.30241 0.1953 -0.93295
vn -0.29786 0.24665 -0.9222
vn -0.15308 0.19499 -0.96878
vn -0.1507 0.24624 -0.95742
vn 0.00018 0.19469 -0.98087
vn 0.00057 0.24577 -0.96933
vn 0.15351 0.1943 -0.96886
vn 0.15187 0.24518 -0.95751
vn 0.30314 0.19394 -0.933
vn 0.29962 0.24461 -0.92217
vn 0.44543 0.1935 -0.87416
vn 0.44032 0.2439 -0.86408
vn 0.57676 0.19306 -0.79378
vn 0.57018 0.24314 -0.78472
vn 0.69387 0.19258 -0.69387
vn 0.68597 0.24237 -0.68608
vn 0.7939 0.19223 -0.57687
vn 0.78489 0.24179 -0.57052
vn 0.86453 0.24133 -0.44086
vn 0.87438 0.19196 -0.44565
vn 0.80766 0.05798 -0.5868
vn 0.70592 0.05798 -0.70592
vn 0.70654 0.03997 -0.70654
vn 0.80837 0.03997 -0.58732
vn 0.5868 0.05798 -0.80766
vn 0.58732 0.03997 -0.80837
vn 0.58736 -0.03809 -0.80843
vn 0.70659 -0.03808 -0.70659
vn 0.80843 -0.03809 -0.58736
vn 0.45323 0.05798 -0.88951
vn 0.45363 0.03997 -0.89029
vn 0.30849 0.05798 -0.94946
vn 0.30877 0.03997 -0.9503
vn 0.30879 -0.03809 -0.95037
vn 0.45366 -0.03808 -0.89036
vn 0.15617 0.05798 -0.98603
vn 0.15631 0.03997 -0.9869
vn 0 0.05798 -0.99832
vn 0 0.03997 -0.9992
vn 0 -0.03809 -0.99927
vn 0.15632 -0.03809 -0.98697
vn -0.15617 0.05798 -0.98603
vn -0.15631 0.03997 -0.9869
vn -0.3085 0.05798 -0.94946
vn -0.30877 0.03997 -0.9503
vn -0.30879 -0.03809 -0.95037
vn -0.15632 -0.03809 -0.98697
vn -0.45323 0.05798 -0.88951
vn -0.45363 0.03997 -0.89029
vn -0.5868 0.05798 -0.80765
vn -0.58732 0.03997 -0.80837
vn -0.58736 -0.03809 -0.80843
vn -0.45366 -0.03809 -0.89036
vn -0.70592 0.05798 -0.70592
vn -0.70654 0.03997 -0.70654
vn -0.80766 0.05798 -0.5868
vn -0.80837 0.03997 -0.58732
vn -0.80843 -0.03809 -0.58736
vn -0.70659 -0.03809 -0.70659
vn -0.88951 0.05798 -0.45323
vn -0.89029 0.03997 -0.45363
vn -0.94946 0.05798 -0.3085
vn -0.9503 0.03997 -0.30877
vn -0.95037 -0.03809 -0.30879
vn -0.89036 -0.03809 -0.45366
vn -0.98603 0.05798 -0.15617
vn -0.9869 0.03997 -0.15631
vn -0.99832 0.05798 -0
vn -0.9992 0.03997 0
vn -0.99927 -0.03809 0
vn -0.98697 -0.03808 -0.15632
vn -0.98603 0.05798 0.15617
vn -0.9869 0.03997 0.15631
vn -0.94946 0.05798 0.3085
vn -0.9503 0.03997 0.30877
vn -0.95037 -0.03809 0.30879
vn -0.98697 -0.03808 0.15632
vn -0.88951 0.05798 0.45323
vn -0.89029 0.03997 0.45363
vn -0.80766 0.05798 0.5868
vn -0.80837 0.03997 0.58732
vn -0.80843 -0.03809 0.58736
vn -0.89036 -0.03809 0.45366
vn -0.70592 0.05798 0.70592
vn -0.70654 0.03997 0.70654
vn -0.5868 0.05798 0.80765
vn -0.58732 0.03997 0.80837
vn -0.58736 -0.03809 0.80843
vn -0.70659 -0.03809 0.70659
vn -0.45323 0.05798 0.88951
vn -0.45363 0.03997 0.89029
vn -0.3085 0.05798 0.94946
vn -0.30877 0.03997 0.9503
vn -0.30879 -0.03809 0.95037
vn -0.45366 -0.03808 0.89036
vn -0.15617 0.05798 0.98603
vn -0.15631 0.03997 0.9869
vn -0 0.05798 0.99832
vn -0 0.03997 0.9992
vn 0 -0.03809 0.99927
vn -0.15632 -0.03809 0.98697
vn 0.15617 0.05798 0.98603
vn 0.15631 0.03997 0.9869
vn 0.3085 0.05798 0.94946
vn 0.30877 0.03997 0.9503
vn 0.30879 -0.03809 0.95037
vn 0.15632 -0.03809 0.98697
vn 0.45323 0.05798 0.88951
vn 0.45363 0.03997 0.89029
vn 0.5868 0.05798 0.80765
vn 0.58732 0.03997 0.80837
vn 0.58736 -0.03809 0.80843
vn 0.45366 -0.03809 0.89036
vn 0.70592 0.05798 0.70592
vn 0.70654 0.03997 0.70654
vn 0.80766 0.05798 0.5868
vn 0.80837 0.03997 0.58732
vn 0.80843 -0.03809 0.58736
vn 0.70659 -0.03809 0.70659
vn 0.88951 0.05798 0.45323
vn 0.89029 0.03997 0.45363
vn 0.94946 0.05798 0.3085
vn 0.9503 0.03997 0.30877
vn 0.95037 -0.03809 0.30879
vn 0.89036 -0.03809 0.45366
vn 0.98603 0.05798 0.15617
vn 0.9869 0.03997 0.15631
vn 0.99832 0.05798 0
vn 0.9992 0.03997 0
vn 0.99927 -0.03809 0
vn 0.98697 -0.03809 0.15632
vn 0.98603 0.05798 -0.15617
vn 0.9869 0.03997 -0.1563
vn 0.94946 0.05798 -0.30849
vn 0.9503 0.03997 -0.30877
vn 0.95037 -0.03809 -0.30879
vn 0.98697 -0.03808 -0.15632
vn 0.88951 0.05798 -0.45323
vn 0.89029 0.03997 -0.45363
vn 0.89036 -0.03808 -0.45366
vn 0.8206 -0.38962 -0.41811
vn 0.87586 -0.38973 -0.28458
vn 0.74505 -0.38973 -0.54131
vn 0.72324 -0.44812 -0.52546
vn 0.79649 -0.44821 -0.40583
vn 0.85022 -0.44812 -0.27625
vn 0.65123 -0.38962 -0.65123
vn 0.54131 -0.38973 -0.74505
vn 0.52547 -0.44812 -0.72324
vn 0.6321 -0.44821 -0.6321
vn 0.41812 -0.38962 -0.8206
vn 0.28458 -0.38973 -0.87586
vn 0.27625 -0.44812 -0.85022
vn 0.40583 -0.44821 -0.7965
vn 0.14407 -0.38962 -0.90964
vn 0 -0.38973 -0.92093
vn 0 -0.44812 -0.89397
vn 0.13984 -0.44821 -0.88292
vn -0.14407 -0.38962 -0.90964
vn -0.28458 -0.38973 -0.87586
vn -0.27625 -0.44812 -0.85022
vn -0.13984 -0.44821 -0.88292
vn -0.41812 -0.38962 -0.8206
vn -0.54131 -0.38973 -0.74505
vn -0.52547 -0.44812 -0.72324
vn -0.40584 -0.44821 -0.79649
vn -0.65123 -0.38962 -0.65123
vn -0.74505 -0.38973 -0.54131
vn -0.72324 -0.44812 -0.52546
vn -0.6321 -0.44822 -0.6321
vn -0.8206 -0.38962 -0.41812
vn -0.87586 -0.38973 -0.28458
vn -0.85022 -0.44812 -0.27625
vn -0.79649 -0.44821 -0.40583
vn -0.90964 -0.38962 -0.14407
vn -0.92093 -0.38973 0
vn -0.89397 -0.44812 0
vn -0.88292 -0.44821 -0.13984
vn -0.90964 -0.38962 0.14407
vn -0.87586 -0.38973 0.28458
vn -0.85022 -0.44812 0.27625
vn -0.88292 -0.44821 0.13984
vn -0.8206 -0.38962 0.41812
vn -0.74505 -0.38973 0.54131
vn -0.72324 -0.44812 0.52547
vn -0.79649 -0.44821 0.40583
vn -0.65123 -0.38962 0.65123
vn -0.54131 -0.38973 0.74505
vn -0.52546 -0.44812 0.72324
vn -0.6321 -0.44821 0.6321
vn -0.41812 -0.38962 0.8206
vn -0.28458 -0.38973 0.87586
vn -0.27625 -0.44812 0.85022
vn -0.40584 -0.44821 0.79649
vn -0.14407 -0.38962 0.90964
vn 0 -0.38973 0.92093
vn 0 -0.44812 0.89397
vn -0.13984 -0.44821 0.88292
vn 0.14407 -0.38962 0.90964
vn 0.28458 -0.38973 0.87586
vn 0.27625 -0.44812 0.85022
vn 0.13984 -0.44821 0.88292
vn 0.41812 -0.38962 0.8206
vn 0.54131 -0.38973 0.74505
vn 0.52546 -0.44812 0.72324
vn 0.40583 -0.44821 0.79649
vn 0.65123 -0.38962 0.65123
vn 0.74505 -0.38973 0.54131
vn 0.72324 -0.44812 0.52547
vn 0.6321 -0.44821 0.6321
vn 0.8206 -0.38962 0.41812
vn 0.87586 -0.38973 0.28458
vn 0.85022 -0.44812 0.27625
vn 0.79649 -0.44821 0.40583
vn 0.90964 -0.38962 0.14407
vn 0.92093 -0.38973 0
vn 0.89397 -0.44812 0
vn 0.88292 -0.44822 0.13984
vn 0.90964 -0.38962 -0.14407
vn 0.88292 -0.44821 -0.13984
vn 0.97564 0.15572 -0.15452
vn 0.9878 0.1557 -0
vn 0.93944 0.15582 -0.30525
vn 0.941 0.14506 -0.30574
vn 0.97725 0.14499 -0.15477
vn 0.98944 0.14497 0
vn 0.97725 0.145 0.15475
vn 0.97565 0.15571 0.15446
vn 0.94101 0.14512 0.30568
vn 0.93949 0.15584 0.30508
vn 0.88159 0.14528 0.44911
vn 0.88018 0.156 0.44826
vn 0.80045 0.14548 0.58147
vn 0.79921 0.15622 0.5804
vn 0.69965 0.14571 0.69947
vn 0.69863 0.15644 0.69818
vn 0.58161 0.14599 0.80026
vn 0.58083 0.15671 0.7988
vn 0.44924 0.14624 0.88136
vn 0.44871 0.15694 0.87979
vn 0.30582 0.14646 0.94076
vn 0.30556 0.15718 0.93911
vn 0.15492 0.14663 0.97698
vn 0.15498 0.15739 0.9753
vn 0.00025 0.14682 0.98916
vn 0.00068 0.15761 0.9875
vn -0.15619 0.14626 0.97684
vn -0.15691 0.15709 0.97504
vn -0.31259 0.14273 0.9391
vn -0.31755 0.15345 0.93574
vn -0.45953 0.13535 0.87779
vn -0.46682 0.14563 0.87228
vn -0.58859 0.12807 0.79822
vn -0.59241 0.13796 0.79374
vn -0.70264 0.12462 0.70055
vn -0.70253 0.13433 0.69886
vn -0.80271 0.12403 0.58333
vn -0.8016 0.13369 0.58273
vn -0.88409 0.12407 0.45055
vn -0.88295 0.13367 0.45004
vn -0.94365 0.12424 0.30675
vn -0.94241 0.13384 0.30651
vn -0.97999 0.12451 0.15527
vn -0.97873 0.13419 0.15517
vn -0.9922 0.12469 -0.00023
vn -0.99091 0.1345 -0.0005
vn -0.97992 0.12469 -0.1556
vn -0.97855 0.1346 -0.15596
vn -0.94351 0.1247 -0.30699
vn -0.94206 0.13468 -0.30721
vn -0.88458 0.12544 -0.4492
vn -0.88379 0.13549 -0.44784
vn -0.80636 0.12915 -0.57715
vn -0.80852 0.13933 -0.57174
vn -0.70815 0.13652 -0.69274
vn -0.71327 0.14704 -0.6853
vn -0.58733 0.1437 -0.79649
vn -0.59093 0.15463 -0.79176
vn -0.45044 0.14696 -0.88063
vn -0.45072 0.15803 -0.87856
vn -0.30556 0.14736 -0.9407
vn -0.30492 0.15844 -0.93911
vn -0.15467 0.14705 -0.97696
vn -0.15436 0.15814 -0.97528
vn 3E-05 0.14677 -0.98917
vn 4E-05 0.15786 -0.98746
vn 0.15477 0.14648 -0.97703
vn 0.1545 0.15755 -0.97535
vn 0.30572 0.14622 -0.94083
vn 0.30519 0.15726 -0.93922
vn 0.44916 0.14594 -0.88145
vn 0.44839 0.15694 -0.87995
vn 0.58153 0.14572 -0.80037
vn 0.58056 0.15665 -0.79901
vn 0.6996 0.14549 -0.69957
vn 0.69843 0.15634 -0.69839
vn 0.80044 0.14532 -0.58153
vn 0.79911 0.15611 -0.58057
vn 0.88011 0.15592 -0.44844
vn 0.88158 0.14516 -0.44917
vn 0.97561 0.15593 -0.15451
vn 0.98777 0.15592 0
vn 0.93942 0.15601 -0.30522
vn 0.9399 0.15278 -0.30538
vn 0.9761 0.15272 -0.15459
vn 0.98827 0.15272 0
vn 0.93989 0.15278 0.30538
vn 0.93941 0.15604 0.30522
vn 0.97561 0.15594 0.15451
vn 0.9761 0.15272 0.15459
vn 0.79951 0.15295 0.58086
vn 0.79906 0.15635 0.58056
vn 0.88007 0.15617 0.44842
vn 0.88054 0.15284 0.44864
vn 0.58087 0.15321 0.79945
vn 0.58053 0.15681 0.799
vn 0.69839 0.15655 0.69839
vn 0.69879 0.15306 0.69876
vn 0.30538 0.15354 0.93977
vn 0.30521 0.1573 0.9392
vn 0.44839 0.15705 0.87993
vn 0.44864 0.15336 0.88045
vn 3E-05 0.15391 0.98808
vn 7E-05 0.15777 0.98748
vn 0.15453 0.15752 0.97535
vn 0.1546 0.15371 0.97595
vn -0.30589 0.1513 0.93997
vn -0.30795 0.1537 0.93891
vn -0.15505 0.15727 0.97531
vn -0.15465 0.15362 0.97595
vn -0.58226 0.14117 0.80065
vn -0.58434 0.13843 0.79962
vn -0.45291 0.14607 0.87951
vn -0.44976 0.14625 0.88109
vn -0.8012 0.13851 0.58214
vn -0.80167 0.13427 0.5825
vn -0.70107 0.1348 0.70024
vn -0.70031 0.13879 0.70021
vn -0.94185 0.13878 0.30604
vn -0.94239 0.1346 0.30625
vn -0.8829 0.13441 0.44991
vn -0.88239 0.13865 0.44963
vn -0.99031 0.13887 -0
vn -0.99086 0.1349 -6E-05
vn -0.97867 0.13479 0.15501
vn -0.97812 0.13884 0.15492
vn -0.94185 0.13878 -0.30604
vn -0.94236 0.13481 -0.30624
vn -0.97865 0.13486 -0.15508
vn -0.97812 0.13884 -0.15492
vn -0.80113 0.14156 -0.5815
vn -0.80278 0.13928 -0.57978
vn -0.88307 0.13548 -0.44925
vn -0.88238 0.13914 -0.44951
vn -0.58135 0.15167 -0.79939
vn -0.58293 0.1545 -0.7977
vn -0.70245 0.14698 -0.69639
vn -0.69998 0.14664 -0.69895
vn -0.30529 0.15428 -0.93968
vn -0.30507 0.15835 -0.93907
vn -0.44882 0.15792 -0.87956
vn -0.44864 0.15398 -0.88035
vn 3E-05 0.15391 -0.98808
vn 4E-05 0.15776 -0.98748
vn -0.15442 0.15805 -0.97528
vn -0.15453 0.15408 -0.9759
vn 0.30538 0.15354 -0.93977
vn 0.30521 0.15719 -0.93922
vn 0.15452 0.15746 -0.97536
vn 0.1546 0.15371 -0.97595
vn 0.58087 0.15321 -0.79945
vn 0.58056 0.15668 -0.799
vn 0.4484 0.15692 -0.87995
vn 0.44864 0.15336 -0.88045
vn 0.79951 0.15295 -0.58086
vn 0.79909 0.15627 -0.58054
vn 0.69842 0.15645 -0.69838
vn 0.69879 0.15306 -0.69876
vn 0.88009 0.15611 -0.44841
vn 0.88054 0.15284 -0.44864
vn 0.70504 0.07653 -0.70503
vn 0.80665 0.07653 -0.58606
vn 0.58606 0.07655 -0.80664
vn 0.45266 0.07656 -0.88839
vn 0.30811 0.07658 -0.94826
vn 0.15598 0.07659 -0.98479
vn 1E-05 0.07661 -0.99706
vn -0.15597 0.07662 -0.98479
vn -0.3081 0.07664 -0.94826
vn -0.45266 0.0766 -0.88839
vn -0.58608 0.07639 -0.80664
vn -0.70509 0.0759 -0.70504
vn -0.80672 0.07543 -0.5861
vn -0.88848 0.0752 -0.45271
vn -0.94836 0.07517 -0.30814
vn -0.98489 0.07517 -0.15599
vn -0.99717 0.07518 -0
vn -0.98489 0.07517 0.15599
vn -0.94836 0.07517 0.30814
vn -0.88848 0.07516 0.45271
vn -0.80673 0.07515 0.58613
vn -0.7051 0.07517 0.70511
vn -0.58613 0.0754 0.8067
vn -0.45271 0.07587 0.88842
vn -0.30813 0.07635 0.94828
vn -0.15597 0.07657 0.98479
vn 1E-05 0.07661 0.99706
vn 0.15598 0.07659 0.98479
vn 0.30811 0.07658 0.94826
vn 0.45266 0.07656 0.88839
vn 0.58606 0.07655 0.80664
vn 0.70504 0.07653 0.70503
vn 0.80665 0.07653 0.58606
vn 0.8884 0.07651 0.45266
vn 0.94827 0.07651 0.30811
vn 0.98479 0.0765 0.15597
vn 0.99707 0.07651 0
vn 0.98479 0.0765 -0.15597
vn 0.94827 0.07651 -0.30811
vn 0.8884 0.07651 -0.45266
vn -0.94483 -0.11429 0.30699
vn -0.88517 -0.11428 0.45102
vn -0.86425 -0.24321 0.44036
vn -0.92249 -0.24323 0.29973
vn -0.80372 -0.11429 0.58393
vn -0.78472 -0.24323 0.57013
vn -0.76429 -0.3279 0.55529
vn -0.84175 -0.32787 0.4289
vn -0.89848 -0.3279 0.29193
vn -0.70247 -0.11428 0.70247
vn -0.68587 -0.24321 0.68587
vn -0.58393 -0.11429 0.80372
vn -0.57013 -0.24323 0.78472
vn -0.55529 -0.3279 0.76429
vn -0.66802 -0.32787 0.66802
vn -0.45102 -0.11428 0.88517
vn -0.44036 -0.24321 0.86425
vn -0.30699 -0.11429 0.94483
vn -0.29973 -0.24323 0.92249
vn -0.29193 -0.3279 0.89848
vn -0.4289 -0.32787 0.84175
vn -0.15541 -0.11428 0.98122
vn -0.15173 -0.24321 0.95803
vn 0 -0.11429 0.99345
vn 0 -0.24323 0.96997
vn 0 -0.3279 0.94471
vn -0.14778 -0.32787 0.93309
vn 0.15541 -0.11428 0.98122
vn 0.15173 -0.24321 0.95803
vn 0.30699 -0.11429 0.94482
vn 0.29974 -0.24323 0.92249
vn 0.29193 -0.3279 0.89848
vn 0.14778 -0.32787 0.93309
vn 0.45102 -0.11428 0.88517
vn 0.44036 -0.24321 0.86425
vn 0.58393 -0.11429 0.80372
vn 0.57013 -0.24323 0.78472
vn 0.55529 -0.3279 0.76429
vn 0.4289 -0.32787 0.84175
vn 0.70247 -0.11428 0.70247
vn 0.68587 -0.24321 0.68587
vn 0.80372 -0.11429 0.58393
vn 0.78472 -0.24323 0.57013
vn 0.76429 -0.3279 0.55529
vn 0.66802 -0.32787 0.66802
vn 0.88517 -0.11428 0.45102
vn 0.86425 -0.24321 0.44036
vn 0.94483 -0.11429 0.30699
vn 0.92249 -0.24323 0.29974
vn 0.89848 -0.3279 0.29193
vn 0.84175 -0.32787 0.4289
vn 0.98122 -0.11428 0.15541
vn 0.95803 -0.24321 0.15173
vn 0.99345 -0.11429 -0
vn 0.96997 -0.24323 -0
vn 0.94471 -0.3279 -0
vn 0.93309 -0.32787 0.14778
vn 0.98122 -0.11428 -0.15541
vn 0.95803 -0.24321 -0.15173
vn 0.94483 -0.11429 -0.30699
vn 0.92249 -0.24323 -0.29973
vn 0.89848 -0.3279 -0.29193
vn 0.93309 -0.32787 -0.14778
vn 0.88517 -0.11428 -0.45102
vn 0.86425 -0.24321 -0.44036
vn 0.80372 -0.11429 -0.58393
vn 0.78472 -0.24323 -0.57013
vn 0.76429 -0.3279 -0.55529
vn 0.84175 -0.32787 -0.4289
vn 0.70247 -0.11428 -0.70247
vn 0.68587 -0.24321 -0.68588
vn 0.58393 -0.11429 -0.80372
vn 0.57013 -0.24323 -0.78472
vn 0.55529 -0.3279 -0.76429
vn 0.66802 -0.32787 -0.66802
vn 0.45102 -0.11428 -0.88517
vn 0.44036 -0.24321 -0.86425
vn 0.30699 -0.11429 -0.94483
vn 0.29973 -0.24323 -0.92249
vn 0.29193 -0.3279 -0.89848
vn 0.4289 -0.32787 -0.84175
vn 0.15541 -0.11428 -0.98122
vn 0.15173 -0.24321 -0.95803
vn 0 -0.11429 -0.99345
vn 0 -0.24323 -0.96997
vn -0 -0.3279 -0.94471
vn 0.14778 -0.32787 -0.93309
vn -0.15541 -0.11428 -0.98122
vn -0.15173 -0.24321 -0.95803
vn -0.30699 -0.11429 -0.94483
vn -0.29973 -0.24323 -0.92249
vn -0.29193 -0.3279 -0.89848
vn -0.14778 -0.32787 -0.93309
vn -0.45102 -0.11428 -0.88517
vn -0.44036 -0.24321 -0.86425
vn -0.58393 -0.11429 -0.80372
vn -0.57013 -0.24323 -0.78472
vn -0.55529 -0.3279 -0.76429
vn -0.4289 -0.32787 -0.84175
vn -0.70247 -0.11428 -0.70247
vn -0.68587 -0.24321 -0.68587
vn -0.80372 -0.11429 -0.58393
vn -0.78472 -0.24323 -0.57013
vn -0.76429 -0.3279 -0.55529
vn -0.66802 -0.32787 -0.66802
vn -0.88517 -0.11428 -0.45102
vn -0.86425 -0.24321 -0.44036
vn -0.94483 -0.11429 -0.30699
vn -0.92249 -0.24323 -0.29973
vn -0.89848 -0.3279 -0.29193
vn -0.84175 -0.32787 -0.4289
vn -0.98122 -0.11428 -0.15541
vn -0.95803 -0.24321 -0.15173
vn -0.99345 -0.11429 -0
vn -0.96997 -0.24323 -0
vn -0.94471 -0.3279 -0
vn -0.93309 -0.32787 -0.14778
vn -0.98122 -0.11428 0.1554
vn -0.95803 -0.24321 0.15173
vn -0.93309 -0.32787 0.14778
vn -0.82765 -0.37036 0.42171
vn -0.88342 -0.37039 0.28704
vn -0.75148 -0.37039 0.54598
vn -0.74292 -0.3959 0.53976
vn -0.81822 -0.39587 0.4169
vn -0.87335 -0.3959 0.28377
vn -0.65682 -0.37036 0.65682
vn -0.54598 -0.37039 0.75148
vn -0.53976 -0.3959 0.74292
vn -0.64934 -0.39587 0.64934
vn -0.42171 -0.37036 0.82765
vn -0.28704 -0.37039 0.88342
vn -0.28377 -0.3959 0.87335
vn -0.4169 -0.39587 0.81822
vn -0.14531 -0.37036 0.91745
vn -0 -0.37039 0.92888
vn -0 -0.3959 0.9183
vn -0.14365 -0.39587 0.907
vn 0.14531 -0.37036 0.91745
vn 0.28704 -0.37039 0.88342
vn 0.28377 -0.3959 0.87335
vn 0.14365 -0.39587 0.907
vn 0.42171 -0.37036 0.82764
vn 0.54598 -0.37039 0.75148
vn 0.53976 -0.3959 0.74292
vn 0.4169 -0.39587 0.81822
vn 0.65682 -0.37036 0.65682
vn 0.75148 -0.37039 0.54598
vn 0.74292 -0.3959 0.53976
vn 0.64934 -0.39587 0.64934
vn 0.82764 -0.37036 0.42171
vn 0.88342 -0.37039 0.28704
vn 0.87335 -0.3959 0.28377
vn 0.81822 -0.39587 0.4169
vn 0.91745 -0.37036 0.14531
vn 0.92888 -0.37039 -0
vn 0.9183 -0.3959 -0
vn 0.907 -0.39587 0.14365
vn 0.91745 -0.37036 -0.14531
vn 0.88342 -0.37039 -0.28704
vn 0.87335 -0.3959 -0.28377
vn 0.907 -0.39587 -0.14365
vn 0.82765 -0.37036 -0.42171
vn 0.75148 -0.37039 -0.54598
vn 0.74292 -0.3959 -0.53976
vn 0.81822 -0.39587 -0.4169
vn 0.65682 -0.37036 -0.65682
vn 0.54598 -0.37039 -0.75148
vn 0.53976 -0.3959 -0.74292
vn 0.64934 -0.39587 -0.64934
vn 0.42171 -0.37036 -0.82764
vn 0.28704 -0.37039 -0.88342
vn 0.28377 -0.3959 -0.87335
vn 0.4169 -0.39587 -0.81822
vn 0.14531 -0.37036 -0.91745
vn 0 -0.37039 -0.92888
vn -0 -0.3959 -0.9183
vn 0.14365 -0.39587 -0.907
vn -0.14531 -0.37036 -0.91745
vn -0.28704 -0.37039 -0.88342
vn -0.28377 -0.3959 -0.87335
vn -0.14365 -0.39587 -0.907
vn -0.42171 -0.37036 -0.82764
vn -0.54598 -0.37039 -0.75148
vn -0.53976 -0.3959 -0.74292
vn -0.4169 -0.39587 -0.81822
vn -0.65682 -0.37036 -0.65682
vn -0.75148 -0.37039 -0.54598
vn -0.74292 -0.3959 -0.53976
vn -0.64934 -0.39587 -0.64934
vn -0.82765 -0.37036 -0.42171
vn -0.88342 -0.37039 -0.28704
vn -0.87335 -0.3959 -0.28377
vn -0.81822 -0.39587 -0.4169
vn -0.91745 -0.37036 -0.14531
vn -0.92888 -0.37039 -0
vn -0.9183 -0.3959 -0
vn -0.907 -0.39587 -0.14365
vn -0.91745 -0.37036 0.14531
vn -0.907 -0.39587 0.14365
vn -0.80296 -0.43344 0.40913
vn -0.85706 -0.43348 0.27847
vn -0.72906 -0.43348 0.52969
vn -0.72373 -0.44692 0.52582
vn -0.79708 -0.44689 0.40614
vn -0.85079 -0.44692 0.27644
vn -0.63723 -0.43344 0.63723
vn -0.52969 -0.43348 0.72906
vn -0.52582 -0.44692 0.72373
vn -0.63257 -0.44689 0.63257
vn -0.40913 -0.43344 0.80296
vn -0.27847 -0.43348 0.85706
vn -0.27644 -0.44692 0.85079
vn -0.40614 -0.44689 0.79708
vn -0.14097 -0.43344 0.89009
vn 0 -0.43348 0.90116
vn -0 -0.44692 0.89458
vn -0.13994 -0.44689 0.88357
vn 0.14097 -0.43344 0.89009
vn 0.27847 -0.43348 0.85706
vn 0.27644 -0.44692 0.85079
vn 0.13994 -0.44689 0.88357
vn 0.40913 -0.43344 0.80296
vn 0.52969 -0.43348 0.72906
vn 0.52582 -0.44692 0.72373
vn 0.40614 -0.44689 0.79708
vn 0.63723 -0.43344 0.63723
vn 0.72906 -0.43348 0.52969
vn 0.72373 -0.44692 0.52582
vn 0.63257 -0.44689 0.63257
vn 0.80296 -0.43344 0.40913
vn 0.85706 -0.43348 0.27847
vn 0.85079 -0.44692 0.27644
vn 0.79708 -0.44689 0.40614
vn 0.89009 -0.43344 0.14097
vn 0.90116 -0.43348 0
vn 0.89458 -0.44692 0
vn 0.88357 -0.44689 0.13994
vn 0.89009 -0.43344 -0.14097
vn 0.85706 -0.43348 -0.27847
vn 0.85079 -0.44692 -0.27644
vn 0.88357 -0.44689 -0.13994
vn 0.80296 -0.43344 -0.40913
vn 0.72906 -0.43348 -0.52969
vn 0.72373 -0.44692 -0.52582
vn 0.79708 -0.44689 -0.40614
vn 0.63723 -0.43344 -0.63723
vn 0.52969 -0.43348 -0.72906
vn 0.52582 -0.44692 -0.72373
vn 0.63257 -0.44689 -0.63257
vn 0.40913 -0.43344 -0.80296
vn 0.27847 -0.43348 -0.85706
vn 0.27644 -0.44692 -0.85079
vn 0.40614 -0.44689 -0.79708
vn 0.14097 -0.43344 -0.89009
vn -0 -0.43348 -0.90116
vn -0 -0.44692 -0.89458
vn 0.13994 -0.44689 -0.88357
vn -0.14097 -0.43344 -0.89009
vn -0.27847 -0.43348 -0.85706
vn -0.27644 -0.44692 -0.85079
vn -0.13994 -0.44689 -0.88357
vn -0.40913 -0.43344 -0.80296
vn -0.52969 -0.43348 -0.72906
vn -0.52582 -0.44692 -0.72373
vn -0.40614 -0.44689 -0.79708
vn -0.63723 -0.43344 -0.63723
vn -0.72906 -0.43348 -0.52969
vn -0.72373 -0.44692 -0.52582
vn -0.63257 -0.44689 -0.63257
vn -0.80296 -0.43344 -0.40913
vn -0.85706 -0.43348 -0.27847
vn -0.85079 -0.44692 -0.27644
vn -0.79708 -0.44689 -0.40613
vn -0.89009 -0.43344 -0.14097
vn -0.90116 -0.43348 -0
vn -0.89458 -0.44692 -0
vn -0.88357 -0.44689 -0.13994
vn -0.89009 -0.43344 0.14097
vn -0.88357 -0.44689 0.13994
vn -0.88589 -0.10701 0.45138
vn -0.94547 -0.1082 0.3072
vn -0.80427 -0.1082 0.58434
vn -0.20352 0.96784 0.14787
vn -0.28002 0.94933 0.14268
vn -0.23926 0.96784 0.07774
vn -0.70305 -0.10701 0.70305
vn -0.58434 -0.1082 0.80427
vn -0.14787 0.96784 0.20352
vn -0.22222 0.94933 0.22222
vn -0.45139 -0.10701 0.88589
vn -0.3072 -0.1082 0.94547
vn -0.07774 0.96784 0.23926
vn -0.14268 0.94933 0.28002
vn -0.15553 -0.10701 0.98202
vn -0 -0.1082 0.99413
vn -0 0.96784 0.25157
vn -0.04916 0.94933 0.3104
vn 0.15553 -0.10701 0.98202
vn 0.3072 -0.1082 0.94547
vn 0.07774 0.96784 0.23926
vn 0.04916 0.94933 0.3104
vn 0.45139 -0.10701 0.88589
vn 0.58434 -0.1082 0.80427
vn 0.14787 0.96784 0.20353
vn 0.14268 0.94933 0.28002
vn 0.70305 -0.10701 0.70305
vn 0.80427 -0.1082 0.58433
vn 0.20352 0.96784 0.14787
vn 0.22222 0.94933 0.22222
vn 0.88589 -0.10701 0.45139
vn 0.94547 -0.1082 0.3072
vn 0.23926 0.96784 0.07774
vn 0.28002 0.94933 0.14268
vn 0.98202 -0.10701 0.15553
vn 0.99413 -0.1082 0
vn 0.25157 0.96784 0
vn 0.3104 0.94933 0.04916
vn 0.98202 -0.10701 -0.15553
vn 0.94547 -0.1082 -0.3072
vn 0.23926 0.96784 -0.07774
vn 0.3104 0.94933 -0.04916
vn 0.88589 -0.10701 -0.45139
vn 0.80427 -0.1082 -0.58434
vn 0.20352 0.96784 -0.14787
vn 0.28002 0.94933 -0.14268
vn 0.70305 -0.10701 -0.70305
vn 0.58433 -0.1082 -0.80427
vn 0.14787 0.96784 -0.20352
vn 0.22222 0.94933 -0.22222
vn 0.45139 -0.10701 -0.88589
vn 0.3072 -0.1082 -0.94547
vn 0.07774 0.96784 -0.23926
vn 0.14268 0.94933 -0.28002
vn 0.15553 -0.10701 -0.98202
vn -0 -0.1082 -0.99413
vn -0 0.96784 -0.25157
vn 0.04916 0.94933 -0.3104
vn -0.15553 -0.10701 -0.98202
vn -0.3072 -0.1082 -0.94547
vn -0.07774 0.96784 -0.23926
vn -0.04916 0.94933 -0.3104
vn -0.45139 -0.10701 -0.88589
vn -0.58434 -0.1082 -0.80427
vn -0.14787 0.96784 -0.20353
vn -0.14268 0.94933 -0.28002
vn -0.70305 -0.10701 -0.70305
vn -0.80427 -0.1082 -0.58433
vn -0.20353 0.96784 -0.14787
vn -0.22222 0.94933 -0.22222
vn -0.88589 -0.10701 -0.45138
vn -0.94547 -0.1082 -0.3072
vn -0.23926 0.96784 -0.07774
vn -0.28002 0.94933 -0.14268
vn -0.98202 -0.10701 -0.15553
vn -0.99413 -0.1082 -0
vn -0.25157 0.96784 -0
vn -0.3104 0.94933 -0.04916
vn -0.98202 -0.10701 0.15553
vn -0.3104 0.94933 0.04916
vn 0.02301 0.99967 -0.01172
vn 0.01936 0.99979 -0.00629
vn 0.01646 0.99979 -0.01196
vn 0 1 0
vn 0.01826 0.99967 -0.01826
vn 0.01196 0.99979 -0.01646
vn 0.01172 0.99967 -0.02301
vn 0.00629 0.99979 -0.01936
vn 0.00404 0.99967 -0.02551
vn -0 0.99979 -0.02035
vn -0.00404 0.99967 -0.02551
vn -0.00629 0.99979 -0.01936
vn -0.01172 0.99967 -0.02301
vn -0.01196 0.99979 -0.01646
vn -0.01826 0.99967 -0.01826
vn -0.01646 0.99979 -0.01196
vn -0.02301 0.99967 -0.01172
vn -0.01936 0.99979 -0.00629
vn -0.02551 0.99967 -0.00404
vn -0.02035 0.99979 -0
vn -0.02551 0.99967 0.00404
vn -0.01936 0.99979 0.00629
vn -0.02301 0.99967 0.01172
vn -0.01646 0.99979 0.01196
vn -0.01826 0.99967 0.01826
vn -0.01196 0.99979 0.01646
vn -0.01172 0.99967 0.02301
vn -0.00629 0.99979 0.01936
vn -0.00404 0.99967 0.02551
vn 0 0.99979 0.02035
vn 0.00404 0.99967 0.02551
vn 0.00629 0.99979 0.01936
vn 0.01172 0.99967 0.02301
vn 0.01196 0.99979 0.01646
vn 0.01826 0.99967 0.01826
vn 0.01646 0.99979 0.01196
vn 0.02301 0.99967 0.01172
vn 0.01936 0.99979 0.00629
vn 0.02551 0.99967 0.00404
vn 0.02035 0.99979 0
vn 0.02551 0.99967 -0.00404
vn -0.55616 0.72623 0.40407
vn -0.79796 0.16477 0.57975
vn -0.87884 0.16472 0.44779
vn -0.61258 0.72617 0.31213
vn -0.80865 0.03021 0.58752
vn -0.8906 0.0302 0.45378
vn -0.95062 0.03021 0.30887
vn -0.93806 0.16477 0.30479
vn -0.6538 0.72624 0.21243
vn -0.69745 0.16472 0.69745
vn -0.70678 0.0302 0.70678
vn -0.48615 0.72617 0.48615
vn -0.40407 0.72623 0.55616
vn -0.57975 0.16477 0.79796
vn -0.58752 0.03021 0.80865
vn -0.9742 0.16472 0.15429
vn -0.67905 0.72617 0.10755
vn -0.98724 0.0302 0.15636
vn -0.99954 0.03021 -0
vn -0.98633 0.16477 -0
vn -0.68745 0.72624 0
vn -0.44779 0.16472 0.87884
vn -0.45378 0.0302 0.8906
vn -0.31213 0.72617 0.61258
vn -0.21243 0.72623 0.6538
vn -0.30479 0.16477 0.93806
vn -0.30887 0.03021 0.95062
vn -0.15429 0.16472 0.9742
vn -0.15636 0.0302 0.98724
vn -0.10755 0.72617 0.67905
vn -0 0.72624 0.68745
vn -0 0.16477 0.98633
vn -0 0.03021 0.99954
vn 0.15429 0.16472 0.9742
vn 0.15636 0.0302 0.98724
vn 0.10755 0.72617 0.67905
vn 0.21243 0.72624 0.6538
vn 0.30479 0.16477 0.93806
vn 0.30888 0.03021 0.95062
vn 0.44779 0.16472 0.87883
vn 0.45379 0.0302 0.8906
vn 0.31213 0.72617 0.61258
vn 0.40407 0.72624 0.55615
vn 0.57975 0.16477 0.79796
vn 0.58752 0.03021 0.80865
vn 0.69745 0.16472 0.69745
vn 0.70678 0.0302 0.70678
vn 0.48615 0.72617 0.48614
vn 0.55616 0.72624 0.40407
vn 0.79796 0.16477 0.57975
vn 0.80865 0.03021 0.58752
vn 0.87883 0.16472 0.44779
vn 0.8906 0.0302 0.45378
vn 0.61258 0.72617 0.31213
vn 0.6538 0.72624 0.21243
vn 0.93806 0.16477 0.30479
vn 0.95062 0.03021 0.30887
vn 0.9742 0.16472 0.15429
vn 0.98724 0.0302 0.15636
vn 0.67905 0.72617 0.10755
vn 0.68745 0.72624 0
vn 0.98633 0.16477 0
vn 0.99954 0.03021 -0
vn 0.9742 0.16472 -0.15429
vn 0.98724 0.0302 -0.15636
vn 0.67905 0.72617 -0.10755
vn 0.6538 0.72624 -0.21243
vn 0.93806 0.16477 -0.30479
vn 0.95062 0.03021 -0.30887
vn 0.87883 0.16472 -0.44779
vn 0.8906 0.0302 -0.45378
vn 0.61258 0.72617 -0.31212
vn 0.55616 0.72624 -0.40407
vn 0.79796 0.16477 -0.57975
vn 0.80865 0.03021 -0.58752
vn 0.69745 0.16472 -0.69745
vn 0.70678 0.0302 -0.70678
vn 0.48615 0.72617 -0.48614
vn 0.40407 0.72624 -0.55615
vn 0.57975 0.16477 -0.79796
vn 0.58752 0.03021 -0.80865
vn 0.44779 0.16472 -0.87883
vn 0.45378 0.0302 -0.8906
vn 0.31213 0.72617 -0.61258
vn 0.21243 0.72624 -0.6538
vn 0.30479 0.16477 -0.93806
vn 0.30887 0.03021 -0.95062
vn 0.15429 0.16472 -0.9742
vn 0.15636 0.0302 -0.98724
vn 0.10755 0.72617 -0.67905
vn -0 0.72624 -0.68744
vn -0 0.16477 -0.98633
vn -0 0.03021 -0.99954
vn -0.15429 0.16472 -0.9742
vn -0.15636 0.0302 -0.98724
vn -0.10755 0.72617 -0.67905
vn -0.21243 0.72624 -0.6538
vn -0.30479 0.16477 -0.93806
vn -0.30887 0.03021 -0.95062
vn -0.44779 0.16472 -0.87883
vn -0.45378 0.0302 -0.8906
vn -0.31213 0.72617 -0.61258
vn -0.40407 0.72623 -0.55616
vn -0.57975 0.16477 -0.79796
vn -0.58752 0.03021 -0.80865
vn -0.69745 0.16472 -0.69745
vn -0.70678 0.0302 -0.70678
vn -0.48615 0.72617 -0.48615
vn -0.55615 0.72624 -0.40407
vn -0.79796 0.16477 -0.57975
vn -0.80865 0.03021 -0.58752
vn -0.87883 0.16472 -0.44779
vn -0.8906 0.0302 -0.45378
vn -0.61258 0.72617 -0.31213
vn -0.6538 0.72624 -0.21243
vn -0.93806 0.16477 -0.30479
vn -0.95062 0.03021 -0.30887
vn -0.9742 0.16472 -0.15429
vn -0.98724 0.0302 -0.15636
vn -0.67905 0.72617 -0.10755
vn -0.89062 -0.0296 0.45379
vn -0.95064 -0.0296 0.30888
vn -0.80866 -0.0296 0.58753
vn -0.7068 -0.0296 0.7068
vn -0.58753 -0.0296 0.80866
vn -0.45379 -0.0296 0.89062
vn -0.30888 -0.0296 0.95064
vn -0.15636 -0.0296 0.98726
vn -0 -0.0296 0.99956
vn 0.15636 -0.0296 0.98726
vn 0.30888 -0.0296 0.95064
vn 0.45379 -0.0296 0.89062
vn 0.58753 -0.0296 0.80866
vn 0.7068 -0.0296 0.7068
vn 0.80866 -0.0296 0.58753
vn 0.89062 -0.0296 0.45379
vn 0.95064 -0.0296 0.30888
vn 0.98726 -0.0296 0.15636
vn 0.99956 -0.0296 -0
vn 0.98726 -0.0296 -0.15636
vn 0.95064 -0.0296 -0.30888
vn 0.89062 -0.0296 -0.45379
vn 0.80866 -0.0296 -0.58753
vn 0.7068 -0.0296 -0.7068
vn 0.58753 -0.0296 -0.80866
vn 0.45379 -0.0296 -0.89062
vn 0.30888 -0.0296 -0.95064
vn 0.15636 -0.0296 -0.98726
vn 0 -0.0296 -0.99956
vn -0.15636 -0.0296 -0.98726
vn -0.30888 -0.0296 -0.95064
vn -0.45379 -0.0296 -0.89062
vn -0.58753 -0.0296 -0.80866
vn -0.7068 -0.0296 -0.7068
vn -0.80866 -0.0296 -0.58753
vn -0.89062 -0.0296 -0.45379
vn -0.95064 -0.0296 -0.30888
vn -0.98726 -0.0296 -0.15636
vn -0.99956 -0.0296 -0
vn -0.98726 -0.0296 0.15636
vn 0.7824 0.2544 -0.56845
vn 0.61463 0.65024 -0.44656
vn 0.67687 0.65031 -0.34488
vn 0.86169 0.25441 -0.43905
vn 0.19808 0.96956 -0.14391
vn 0.21805 0.96959 -0.1111
vn 0.23285 0.96956 -0.07566
vn 0.72255 0.65024 -0.23477
vn 0.91977 0.2544 -0.29885
vn 0.53717 0.65031 -0.53716
vn 0.17305 0.96959 -0.17305
vn 0.68384 0.25441 -0.68384
vn 0.56845 0.2544 -0.7824
vn 0.44656 0.65024 -0.61463
vn 0.14391 0.96957 -0.19807
vn 0.75032 0.65031 -0.11883
vn 0.95519 0.25441 -0.15128
vn 0.24171 0.96959 -0.03828
vn 0.24484 0.96956 -0
vn 0.75973 0.65024 0
vn 0.9671 0.2544 0
vn 0.34488 0.65031 -0.67687
vn 0.1111 0.96959 -0.21804
vn 0.43905 0.25441 -0.86169
vn 0.29885 0.2544 -0.91977
vn 0.23477 0.65024 -0.72255
vn 0.07566 0.96957 -0.23285
vn 0.11883 0.65031 -0.75032
vn 0.03828 0.96959 -0.2417
vn 0.15128 0.25441 -0.95519
vn -0 0.2544 -0.9671
vn -0 0.65024 -0.75973
vn -0 0.96956 -0.24484
vn -0.11884 0.65031 -0.75032
vn -0.03828 0.96959 -0.24172
vn -0.15128 0.25441 -0.95519
vn -0.29885 0.2544 -0.91977
vn -0.23477 0.65024 -0.72255
vn -0.07566 0.96956 -0.23286
vn -0.34488 0.65031 -0.67687
vn -0.1111 0.96959 -0.21805
vn -0.43905 0.25441 -0.86169
vn -0.56845 0.2544 -0.7824
vn -0.44656 0.65024 -0.61464
vn -0.14391 0.96956 -0.19807
vn -0.53717 0.65031 -0.53716
vn -0.17305 0.96959 -0.17304
vn -0.68384 0.25441 -0.68384
vn -0.7824 0.2544 -0.56845
vn -0.61463 0.65024 -0.44656
vn -0.19808 0.96956 -0.14391
vn -0.67687 0.65031 -0.34489
vn -0.21805 0.96959 -0.1111
vn -0.86169 0.25441 -0.43905
vn -0.91977 0.2544 -0.29885
vn -0.72255 0.65024 -0.23477
vn -0.23285 0.96956 -0.07566
vn -0.75032 0.65031 -0.11884
vn -0.24171 0.96959 -0.03828
vn -0.95519 0.25441 -0.15128
vn -0.9671 0.2544 0
vn -0.75973 0.65024 -0
vn -0.24484 0.96956 -0
vn -0.75032 0.65031 0.11884
vn -0.24171 0.96959 0.03828
vn -0.95519 0.25441 0.15128
vn -0.91977 0.2544 0.29885
vn -0.72255 0.65024 0.23477
vn -0.23285 0.96956 0.07566
vn -0.67687 0.65031 0.34488
vn -0.21805 0.96959 0.1111
vn -0.86169 0.25441 0.43905
vn -0.7824 0.2544 0.56845
vn -0.61463 0.65024 0.44656
vn -0.19808 0.96956 0.14391
vn -0.53717 0.65031 0.53717
vn -0.17305 0.96959 0.17305
vn -0.68384 0.25441 0.68384
vn -0.56845 0.2544 0.7824
vn -0.44656 0.65024 0.61464
vn -0.14391 0.96956 0.19808
vn -0.34488 0.65031 0.67687
vn -0.1111 0.96959 0.21805
vn -0.43906 0.25441 0.86169
vn -0.29885 0.2544 0.91977
vn -0.23477 0.65024 0.72255
vn -0.07566 0.96956 0.23285
vn -0.11884 0.65031 0.75032
vn -0.03828 0.96959 0.24171
vn -0.15128 0.25441 0.95519
vn 0 0.2544 0.9671
vn 0 0.65024 0.75973
vn 0 0.96956 0.24484
vn 0.11884 0.65031 0.75032
vn 0.03828 0.96959 0.24171
vn 0.15128 0.25441 0.95519
vn 0.29885 0.2544 0.91977
vn 0.23477 0.65024 0.72255
vn 0.07566 0.96956 0.23285
vn 0.34488 0.65031 0.67687
vn 0.1111 0.96959 0.21805
vn 0.43905 0.25441 0.86169
vn 0.56845 0.2544 0.7824
vn 0.44656 0.65024 0.61464
vn 0.14391 0.96956 0.19808
vn 0.53717 0.65031 0.53717
vn 0.17305 0.96959 0.17304
vn 0.68384 0.25441 0.68384
vn 0.7824 0.2544 0.56845
vn 0.61463 0.65024 0.44656
vn 0.19808 0.96956 0.14391
vn 0.67687 0.65031 0.34488
vn 0.21805 0.96959 0.1111
vn 0.86169 0.25441 0.43905
vn 0.91977 0.2544 0.29885
vn 0.72255 0.65024 0.23477
vn 0.23285 0.96956 0.07566
vn 0.75032 0.65031 0.11884
vn 0.24171 0.96959 0.03828
vn 0.95519 0.25441 0.15128
vn 0.89096 0.01025 -0.45397
vn 0.95101 0.01025 -0.309
vn 0.80897 0.01025 -0.58775
vn 0.70707 0.01025 -0.70707
vn 0.58775 0.01025 -0.80897
vn 0.45397 0.01025 -0.89096
vn 0.309 0.01025 -0.95101
vn 0.15642 0.01025 -0.98764
vn 0 0.01025 -0.99995
vn -0.15642 0.01025 -0.98764
vn -0.309 0.01025 -0.95101
vn -0.45397 0.01025 -0.89096
vn -0.58776 0.01025 -0.80897
vn -0.70707 0.01025 -0.70707
vn -0.80897 0.01025 -0.58776
vn -0.89096 0.01025 -0.45397
vn -0.95101 0.01025 -0.309
vn -0.98764 0.01025 -0.15642
vn -0.99995 0.01025 0
vn -0.98764 0.01025 0.15642
vn -0.95101 0.01025 0.309
vn -0.89096 0.01025 0.45397
vn -0.80897 0.01025 0.58775
vn -0.70707 0.01025 0.70707
vn -0.58776 0.01025 0.80897
vn -0.45397 0.01025 0.89096
vn -0.309 0.01025 0.95101
vn -0.15642 0.01025 0.98764
vn 0 0.01025 0.99995
vn 0.15642 0.01025 0.98764
vn 0.309 0.01025 0.95101
vn 0.45397 0.01025 0.89096
vn 0.58775 0.01025 0.80897
vn 0.70707 0.01025 0.70707
vn 0.80897 0.01025 0.58776
vn 0.89096 0.01025 0.45397
vn 0.95101 0.01025 0.309
vn 0.98764 0.01025 0.15642
vn 0.99995 0.01025 0
vn 0.98764 0.01025 -0.15642
vn -0.30309 0.94037 0.15443
vn -0.27505 0.94043 0.19984
vn -0.32334 0.94043 0.10506
vn -0.24053 0.94036 0.24054
vn -0.19984 0.94043 0.27506
vn -0.15443 0.94037 0.30309
vn -0.10506 0.94043 0.32335
vn -0.05322 0.94036 0.33598
vn -0 0.94043 0.33999
vn 0.05321 0.94037 0.33598
vn 0.10506 0.94043 0.32334
vn 0.15443 0.94037 0.30309
vn 0.19984 0.94043 0.27505
vn 0.24053 0.94037 0.24053
vn 0.27505 0.94043 0.19984
vn 0.30309 0.94037 0.15443
vn 0.32335 0.94043 0.10506
vn 0.33598 0.94037 0.05321
vn 0.33999 0.94043 0
vn 0.33598 0.94037 -0.05321
vn 0.32335 0.94043 -0.10506
vn 0.30309 0.94037 -0.15443
vn 0.27505 0.94043 -0.19983
vn 0.24053 0.94037 -0.24053
vn 0.19984 0.94043 -0.27505
vn 0.15443 0.94037 -0.30309
vn 0.10506 0.94043 -0.32335
vn 0.05321 0.94037 -0.33598
vn -0 0.94043 -0.33998
vn -0.05321 0.94037 -0.33598
vn -0.10506 0.94043 -0.32334
vn -0.15443 0.94037 -0.30309
vn -0.19984 0.94043 -0.27505
vn -0.24053 0.94036 -0.24054
vn -0.27505 0.94043 -0.19984
vn -0.30309 0.94037 -0.15443
vn -0.32334 0.94043 -0.10506
vn -0.33598 0.94037 -0.05321
vn -0.33998 0.94043 -0
vn -0.33597 0.94037 0.05321
vt 0.73951 0.31201
vt 0.73271 0.30586
vt 0.71187 0.32099
vt 0.72045 0.33105
vt 0.72897 0.29749
vt 0.70496 0.30971
vt 0.68304 0.32087
vt 0.69196 0.33543
vt 0.70304 0.34843
vt 0.72441 0.28954
vt 0.69991 0.29749
vt 0.72343 0.28043
vt 0.69682 0.28463
vt 0.67253 0.28847
vt 0.67651 0.30508
vt 0.72155 0.27146
vt 0.6958 0.27145
vt 0.72344 0.26249
vt 0.69683 0.25826
vt 0.67254 0.2544
vt 0.6712 0.27143
vt 0.72442 0.25338
vt 0.69993 0.24541
vt 0.72899 0.24543
vt 0.70499 0.23319
vt 0.68308 0.22201
vt 0.67655 0.2378
vt 0.73274 0.23707
vt 0.71191 0.22192
vt 0.73954 0.23093
vt 0.7205 0.21187
vt 0.70312 0.19446
vt 0.69203 0.20745
vt 0.74569 0.22413
vt 0.73057 0.20329
vt 0.75406 0.22039
vt 0.74184 0.19638
vt 0.73069 0.17446
vt 0.71612 0.18338
vt 0.76201 0.21583
vt 0.75406 0.19133
vt 0.77112 0.21485
vt 0.76692 0.18824
vt 0.76309 0.16395
vt 0.74648 0.16793
vt 0.78009 0.21297
vt 0.78011 0.18722
vt 0.78906 0.21486
vt 0.79329 0.18825
vt 0.79715 0.16396
vt 0.78012 0.16262
vt 0.79817 0.21584
vt 0.80615 0.19135
vt 0.80612 0.22041
vt 0.81836 0.19641
vt 0.82954 0.1745
vt 0.81376 0.16797
vt 0.81448 0.22416
vt 0.82963 0.20333
vt 0.82063 0.23096
vt 0.83969 0.21192
vt 0.85709 0.19454
vt 0.8441 0.18344
vt 0.82742 0.23711
vt 0.84827 0.22199
vt 0.83117 0.24548
vt 0.85518 0.23326
vt 0.8771 0.22211
vt 0.86817 0.20754
vt 0.83573 0.25343
vt 0.86023 0.24548
vt 0.8367 0.26254
vt 0.86331 0.25834
vt 0.88761 0.25451
vt 0.88362 0.2379
vt 0.83858 0.27151
vt 0.86434 0.27153
vt 0.83669 0.28048
vt 0.8633 0.28471
vt 0.88759 0.28857
vt 0.88893 0.27154
vt 0.83571 0.28959
vt 0.8602 0.29757
vt 0.83114 0.29754
vt 0.85514 0.30978
vt 0.87705 0.32096
vt 0.88359 0.30518
vt 0.82739 0.3059
vt 0.84822 0.32105
vt 0.82059 0.31205
vt 0.83963 0.33111
vt 0.85701 0.34851
vt 0.86811 0.33552
vt 0.81444 0.31884
vt 0.82957 0.33969
vt 0.80607 0.32258
vt 0.81829 0.3466
vt 0.82945 0.36852
vt 0.84401 0.35959
vt 0.79812 0.32715
vt 0.80607 0.35165
vt 0.78901 0.32812
vt 0.79321 0.35473
vt 0.79705 0.37903
vt 0.81366 0.37504
vt 0.78004 0.33
vt 0.78003 0.35576
vt 0.77107 0.32811
vt 0.76684 0.35472
vt 0.76298 0.37901
vt 0.78001 0.38035
vt 0.76196 0.32713
vt 0.75399 0.35162
vt 0.75401 0.32256
vt 0.74177 0.34656
vt 0.73059 0.36847
vt 0.74638 0.37501
vt 0.74565 0.31881
vt 0.7305 0.33964
vt 0.71604 0.35953
vt 0.74976 0.29349
vt 0.75091 0.28632
vt 0.75693 0.29461
vt 0.78007 0.27149
vt 0.74445 0.28304
vt 0.74776 0.27659
vt 0.74262 0.27147
vt 0.74776 0.26636
vt 0.74446 0.2599
vt 0.75093 0.25662
vt 0.74978 0.24946
vt 0.75695 0.24835
vt 0.75807 0.24118
vt 0.76523 0.24233
vt 0.76851 0.23587
vt 0.77496 0.23918
vt 0.78008 0.23404
vt 0.7852 0.23918
vt 0.79166 0.23588
vt 0.79493 0.24235
vt 0.80209 0.2412
vt 0.80321 0.24837
vt 0.81037 0.24949
vt 0.80922 0.25665
vt 0.81569 0.25993
vt 0.81238 0.26638
vt 0.81752 0.2715
vt 0.81237 0.27662
vt 0.81568 0.28307
vt 0.80921 0.28635
vt 0.81035 0.29351
vt 0.80319 0.29463
vt 0.80207 0.30179
vt 0.79491 0.30064
vt 0.79162 0.30711
vt 0.78517 0.3038
vt 0.78005 0.30893
vt 0.77494 0.30379
vt 0.76848 0.3071
vt 0.7652 0.30063
vt 0.75804 0.30177
vt 0.67773 0.34576
vt 0.6906 0.36086
vt 0.66736 0.32884
vt 0.65668 0.33428
vt 0.66803 0.3528
vt 0.68212 0.36933
vt 0.65979 0.3105
vt 0.65515 0.29121
vt 0.64332 0.29308
vt 0.64839 0.3142
vt 0.65362 0.27142
vt 0.65517 0.25164
vt 0.64334 0.24976
vt 0.64163 0.27142
vt 0.65983 0.23235
vt 0.66742 0.21402
vt 0.65674 0.20857
vt 0.64843 0.22864
vt 0.6778 0.19711
vt 0.69069 0.18202
vt 0.68222 0.17354
vt 0.66811 0.19006
vt 0.70579 0.16915
vt 0.72271 0.15878
vt 0.71728 0.1481
vt 0.69875 0.15945
vt 0.74105 0.15121
vt 0.76035 0.14657
vt 0.75848 0.13474
vt 0.73736 0.13981
vt 0.78013 0.14504
vt 0.79991 0.14659
vt 0.80179 0.13476
vt 0.78014 0.13305
vt 0.8192 0.15125
vt 0.83754 0.15884
vt 0.84298 0.14816
vt 0.82291 0.13985
vt 0.85444 0.16922
vt 0.86953 0.18211
vt 0.87801 0.17364
vt 0.86149 0.15953
vt 0.8824 0.19721
vt 0.89277 0.21413
vt 0.90345 0.2087
vt 0.8921 0.19017
vt 0.90035 0.23247
vt 0.90498 0.25177
vt 0.91682 0.2499
vt 0.91175 0.22877
vt 0.90652 0.27155
vt 0.90496 0.29133
vt 0.9168 0.29321
vt 0.9185 0.27156
vt 0.90031 0.31062
vt 0.89272 0.32895
vt 0.90339 0.3344
vt 0.9117 0.31433
vt 0.88233 0.34586
vt 0.86944 0.36095
vt 0.87791 0.36943
vt 0.89202 0.35291
vt 0.85434 0.37382
vt 0.83742 0.38419
vt 0.84286 0.39487
vt 0.86138 0.38352
vt 0.81908 0.39177
vt 0.79979 0.3964
vt 0.80166 0.40824
vt 0.82278 0.40317
vt 0.78 0.39794
vt 0.76022 0.39638
vt 0.75834 0.40822
vt 0.78 0.40992
vt 0.74093 0.39173
vt 0.7226 0.38413
vt 0.71715 0.39481
vt 0.73722 0.40312
vt 0.70569 0.37375
vt 0.69864 0.38344
vt 0.78763 0.82581
vt 0.77632 0.8331
vt 0.78951 0.85553
vt 0.80052 0.84939
vt 0.76312 0.84145
vt 0.77578 0.86303
vt 0.78693 0.8855
vt 0.80118 0.87885
vt 0.8134 0.87297
vt 0.67661 0.37484
vt 0.69406 0.38974
vt 0.67156 0.3799
vt 0.68987 0.39553
vt 0.71038 0.40812
vt 0.71361 0.40175
vt 0.66447 0.38704
vt 0.68397 0.40369
vt 0.65481 0.39674
vt 0.67723 0.41303
vt 0.69965 0.42931
vt 0.70583 0.4171
vt 0.76177 0.8116
vt 0.74916 0.82076
vt 0.77193 0.80414
vt 0.75623 0.78247
vt 0.74593 0.79111
vt 0.73393 0.80103
vt 0.64783 0.36752
vt 0.63853 0.37432
vt 0.65595 0.36158
vt 0.64337 0.34106
vt 0.63442 0.34566
vt 0.62224 0.3519
vt 0.66173 0.35738
vt 0.64974 0.33781
vt 0.72885 0.7717
vt 0.71751 0.78234
vt 0.73799 0.76302
vt 0.71974 0.74357
vt 0.7106 0.75342
vt 0.69997 0.76472
vt 0.62462 0.32196
vt 0.61368 0.32555
vt 0.63418 0.31882
vt 0.62856 0.29542
vt 0.61863 0.29702
vt 0.60511 0.2992
vt 0.64098 0.3166
vt 0.63562 0.29429
vt 0.69126 0.73634
vt 0.68138 0.74824
vt 0.69927 0.7266
vt 0.67879 0.70963
vt 0.67093 0.72047
vt 0.66183 0.7329
vt 0.61663 0.27145
vt 0.60511 0.27149
vt 0.6267 0.27142
vt 0.62858 0.24743
vt 0.61864 0.24588
vt 0.60511 0.24378
vt 0.63384 0.27141
vt 0.63565 0.24854
vt 0.64972 0.7058
vt 0.64143 0.71871
vt 0.65648 0.69516
vt 0.63416 0.68069
vt 0.62766 0.69248
vt 0.62021 0.70579
vt 0.62464 0.22095
vt 0.61368 0.21742
vt 0.63422 0.22403
vt 0.64343 0.2018
vt 0.63445 0.19725
vt 0.62224 0.19107
vt 0.64102 0.22623
vt 0.6498 0.20503
vt 0.60476 0.68064
vt 0.5982 0.69427
vt 0.61013 0.6693
vt 0.5861 0.65791
vt 0.58113 0.67032
vt 0.57547 0.68428
vt 0.64787 0.17539
vt 0.63853 0.16865
vt 0.65602 0.18129
vt 0.67165 0.16298
vt 0.66452 0.15589
vt 0.65481 0.14623
vt 0.66181 0.18548
vt 0.67672 0.16803
vt 0.55689 0.66154
vt 0.55209 0.67594
vt 0.56088 0.64935
vt 0.53566 0.64079
vt 0.53213 0.65418
vt 0.52823 0.66895
vt 0.68403 0.13924
vt 0.67723 0.12995
vt 0.68997 0.14737
vt 0.71049 0.13479
vt 0.7059 0.12584
vt 0.69965 0.11366
vt 0.69418 0.15315
vt 0.71374 0.14116
vt 0.507 0.64812
vt 0.50406 0.66302
vt 0.50945 0.63548
vt 0.48324 0.63018
vt 0.48153 0.64363
vt 0.4796 0.65857
vt 0.7296 0.11604
vt 0.726 0.1051
vt 0.73273 0.1256
vt 0.75614 0.11998
vt 0.75453 0.11005
vt 0.75236 0.09653
vt 0.73495 0.1324
vt 0.75726 0.12704
vt 0.45579 0.64101
vt 0.45486 0.65601
vt 0.45654 0.62843
vt 0.42984 0.62669
vt 0.42992 0.64016
vt 0.42998 0.65522
vt 0.7801 0.10805
vt 0.78007 0.09653
vt 0.78013 0.11812
vt 0.80412 0.12
vt 0.80567 0.11006
vt 0.80778 0.09653
vt 0.78014 0.12526
vt 0.80301 0.12706
vt 0.40406 0.641
vt 0.40511 0.65612
vt 0.40316 0.62844
vt 0.37649 0.63018
vt 0.37831 0.64353
vt 0.38035 0.65863
vt 0.83061 0.11606
vt 0.83413 0.1051
vt 0.82752 0.12564
vt 0.84976 0.13485
vt 0.8543 0.12587
vt 0.86049 0.11366
vt 0.82532 0.13244
vt 0.84652 0.14122
vt 0.3528 0.64773
vt 0.3558 0.66272
vt 0.35031 0.63537
vt 0.32413 0.64057
vt 0.3276 0.65354
vt 0.33155 0.66833
vt 0.87616 0.13929
vt 0.8829 0.12995
vt 0.87027 0.14744
vt 0.88857 0.16307
vt 0.89567 0.15594
vt 0.90532 0.14623
vt 0.86607 0.15323
vt 0.88352 0.16813
vt 0.30281 0.66089
vt 0.30769 0.67541
vt 0.29879 0.64895
vt 0.27344 0.65733
vt 0.27854 0.6698
vt 0.28433 0.68397
vt 0.91231 0.17545
vt 0.92161 0.16865
vt 0.90418 0.18139
vt 0.91676 0.20191
vt 0.92572 0.19732
vt 0.9379 0.19107
vt 0.89841 0.1856
vt 0.9104 0.20516
vt 0.2549 0.68027
vt 0.26157 0.69402
vt 0.2494 0.66893
vt 0.22535 0.68053
vt 0.23199 0.69224
vt 0.2395 0.7055
vt 0.93551 0.22102
vt 0.94646 0.21742
vt 0.92595 0.22415
vt 0.93157 0.24756
vt 0.94151 0.24595
vt 0.95502 0.24378
vt 0.91916 0.22637
vt 0.92451 0.24868
vt 0.20989 0.70564
vt 0.21822 0.71836
vt 0.20299 0.6951
vt 0.18064 0.70968
vt 0.18873 0.72045
vt 0.19782 0.73256
vt 0.9435 0.27152
vt 0.95502 0.27149
vt 0.93344 0.27155
vt 0.93155 0.29554
vt 0.9415 0.29709
vt 0.95502 0.2992
vt 0.92629 0.27156
vt 0.92449 0.29443
vt 0.1686 0.73662
vt 0.17842 0.74811
vt 0.16046 0.72707
vt 0.14028 0.74446
vt 0.14963 0.75409
vt 0.16018 0.76497
vt 0.93549 0.32203
vt 0.94646 0.32555
vt 0.92591 0.31894
vt 0.9167 0.34118
vt 0.92568 0.34572
vt 0.9379 0.3519
vt 0.91911 0.31674
vt 0.91033 0.33794
vt 0.13194 0.77282
vt 0.14328 0.78311
vt 0.12232 0.76412
vt 0.10436 0.78377
vt 0.11549 0.79265
vt 0.12761 0.80234
vt 0.91227 0.36758
vt 0.92161 0.37432
vt 0.90411 0.36169
vt 0.88848 0.37999
vt 0.89562 0.38709
vt 0.90532 0.39674
vt 0.89832 0.35749
vt 0.88342 0.37494
vt 0.10026 0.81345
vt 0.11306 0.82247
vt 0.08901 0.80556
vt 0.07365 0.82735
vt 0.08631 0.83516
vt 0.09978 0.84344
vt 0.8761 0.40373
vt 0.8829 0.41303
vt 0.87017 0.3956
vt 0.84965 0.40818
vt 0.85424 0.41714
vt 0.86048 0.42931
vt 0.86596 0.38983
vt 0.84639 0.40181
vt 0.07376 0.8577
vt 0.08793 0.86521
vt 0.06113 0.85096
vt 0.0486 0.87458
vt 0.06236 0.88096
vt 0.07711 0.88767
vt 0.83054 0.42693
vt 0.83413 0.43788
vt 0.8274 0.41737
vt 0.804 0.42299
vt 0.8056 0.43293
vt 0.80778 0.44644
vt 0.82518 0.41058
vt 0.80287 0.41593
vt 0.05189 0.90483
vt 0.06696 0.91069
vt 0.03895 0.89947
vt 0.0293 0.92435
vt 0.04189 0.92901
vt 0.05449 0.93367
vt 0.78003 0.43492
vt 0.78007 0.44644
vt 0.78 0.42486
vt 0.75601 0.42297
vt 0.75446 0.43292
vt 0.75236 0.44644
vt 0.78 0.41771
vt 0.75712 0.41591
vt 0.80756 0.93215
vt 0.82034 0.92757
vt 0.81118 0.903
vt 0.79637 0.90883
vt 0.83313 0.92299
vt 0.82327 0.89798
vt 0.72953 0.42691
vt 0.726 0.43788
vt 0.73261 0.41733
vt 0.73481 0.41053
vt 0.73162 0.8333
vt 0.74474 0.85288
vt 0.71729 0.81461
vt 0.69871 0.82969
vt 0.71205 0.84722
vt 0.72425 0.86555
vt 0.7018 0.7969
vt 0.68525 0.78017
vt 0.66885 0.79729
vt 0.68428 0.81305
vt 0.66774 0.76444
vt 0.64932 0.74974
vt 0.63538 0.76845
vt 0.65254 0.7824
vt 0.63006 0.73614
vt 0.61003 0.72369
vt 0.5987 0.74358
vt 0.6174 0.7555
vt 0.58927 0.7125
vt 0.56782 0.70277
vt 0.55932 0.72329
vt 0.57934 0.73274
vt 0.5457 0.69474
vt 0.52308 0.68808
vt 0.5174 0.70917
vt 0.53861 0.71553
vt 0.50017 0.68247
vt 0.47698 0.67827
vt 0.47407 0.70006
vt 0.49586 0.70392
vt 0.45355 0.67585
vt 0.43001 0.6752
vt 0.43002 0.69741
vt 0.45209 0.69788
vt 0.40648 0.67632
vt 0.38306 0.67899
vt 0.38602 0.70147
vt 0.40797 0.69872
vt 0.35982 0.68298
vt 0.33686 0.68833
vt 0.3427 0.71039
vt 0.36423 0.70533
vt 0.31427 0.69507
vt 0.29214 0.70318
vt 0.30077 0.72438
vt 0.32152 0.71676
vt 0.27056 0.71262
vt 0.24961 0.72337
vt 0.26084 0.7432
vt 0.28051 0.73319
vt 0.22939 0.73542
vt 0.21001 0.74879
vt 0.22361 0.7669
vt 0.24183 0.75442
vt 0.1916 0.76351
vt 0.17425 0.77948
vt 0.18993 0.79566
vt 0.2063 0.7807
vt 0.15808 0.79661
vt 0.14302 0.81474
vt 0.16017 0.82853
vt 0.17457 0.81164
vt 0.12899 0.83371
vt 0.11629 0.85355
vt 0.13466 0.86476
vt 0.14675 0.84621
vt 0.10519 0.87427
vt 0.09532 0.89566
vt 0.11536 0.90441
vt 0.12429 0.88426
vt 0.0863 0.91753
vt 0.07772 0.93964
vt 0.10095 0.94561
vt 0.10759 0.92496
vt 0.7761 0.91627
vt 0.78432 0.93848
vt 0.76712 0.89442
vt 0.74509 0.90428
vt 0.75366 0.92445
vt 0.76108 0.9448
vt 0.75662 0.87327
vt 0.73528 0.88461
vt 0.75242 0.5176
vt 0.73894 0.53136
vt 0.7495 0.5421
vt 0.76337 0.52917
vt 0.72578 0.54488
vt 0.73578 0.555
vt 0.74535 0.56553
vt 0.75963 0.55329
vt 0.77431 0.54073
vt 0.68094 0.8441
vt 0.69336 0.86052
vt 0.66393 0.85789
vt 0.67548 0.87324
vt 0.68608 0.88921
vt 0.70473 0.87765
vt 0.6476 0.87114
vt 0.65835 0.88542
vt 0.63202 0.88382
vt 0.64159 0.89733
vt 0.65115 0.91084
vt 0.66821 0.90029
vt 0.76935 0.56494
vt 0.78438 0.55337
vt 0.75453 0.57646
vt 0.76325 0.5878
vt 0.77861 0.57707
vt 0.79444 0.566
vt 0.71501 0.89542
vt 0.69568 0.90577
vt 0.70431 0.92282
vt 0.72421 0.91373
vt 0.67716 0.91571
vt 0.65904 0.92545
vt 0.66693 0.94006
vt 0.68521 0.93161
vt 0.70449 0.52589
vt 0.71532 0.53518
vt 0.72793 0.52105
vt 0.71652 0.51117
vt 0.74062 0.50689
vt 0.72883 0.49618
vt 0.63601 0.85746
vt 0.62087 0.87143
vt 0.65145 0.84323
vt 0.63812 0.82931
vt 0.6236 0.84447
vt 0.60971 0.85903
vt 0.66752 0.82846
vt 0.65317 0.81363
vt 0.68186 0.5086
vt 0.69335 0.51701
vt 0.70478 0.50173
vt 0.69268 0.49275
vt 0.71627 0.48644
vt 0.70371 0.47669
vt 0.61043 0.83225
vt 0.59712 0.84805
vt 0.62397 0.81619
vt 0.60908 0.80387
vt 0.59656 0.82077
vt 0.58453 0.83706
vt 0.63798 0.79962
vt 0.62199 0.78646
vt 0.65777 0.49337
vt 0.66997 0.50073
vt 0.68022 0.48426
vt 0.66745 0.47624
vt 0.69053 0.46771
vt 0.67734 0.45874
vt 0.58205 0.81001
vt 0.57076 0.82745
vt 0.59349 0.79234
vt 0.57727 0.78163
vt 0.56696 0.80002
vt 0.557 0.81783
vt 0.60524 0.7742
vt 0.58782 0.76285
vt 0.63268 0.48004
vt 0.64536 0.48644
vt 0.65445 0.46866
vt 0.64115 0.46163
vt 0.66362 0.4507
vt 0.6499 0.44266
vt 0.55135 0.79084
vt 0.5423 0.80978
vt 0.56048 0.77177
vt 0.54308 0.7631
vt 0.53518 0.78271
vt 0.5276 0.80173
vt 0.56978 0.75245
vt 0.5511 0.74334
vt 0.60644 0.46903
vt 0.61968 0.47423
vt 0.62749 0.45524
vt 0.61355 0.44951
vt 0.63542 0.43596
vt 0.62093 0.42926
vt 0.51844 0.77587
vt 0.5119 0.79574
vt 0.52504 0.75594
vt 0.50653 0.75011
vt 0.50125 0.77026
vt 0.49619 0.78975
vt 0.53175 0.73588
vt 0.51189 0.7298
vt 0.57945 0.4605
vt 0.59302 0.46445
vt 0.59938 0.44447
vt 0.58501 0.44014
vt 0.60586 0.42408
vt 0.59078 0.41889
vt 0.48373 0.76579
vt 0.47981 0.78606
vt 0.48769 0.74542
vt 0.46861 0.74213
vt 0.46596 0.76265
vt 0.46343 0.78236
vt 0.49172 0.72485
vt 0.4713 0.72131
vt 0.55191 0.45443
vt 0.56574 0.45716
vt 0.57047 0.43656
vt 0.5558 0.43367
vt 0.57528 0.41552
vt 0.55978 0.41215
vt 0.44801 0.76103
vt 0.44664 0.78129
vt 0.44938 0.7405
vt 0.43005 0.74032
vt 0.42997 0.76073
vt 0.42985 0.78021
vt 0.45072 0.71944
vt 0.43005 0.71916
vt 0.52402 0.45075
vt 0.538 0.45229
vt 0.54104 0.4314
vt 0.5262 0.42977
vt 0.5441 0.41008
vt 0.52841 0.40801
vt 0.4119 0.76157
vt 0.41304 0.78141
vt 0.4107 0.74135
vt 0.39143 0.74358
vt 0.39391 0.76355
vt 0.39623 0.78262
vt 0.40939 0.7204
vt 0.38881 0.72294
vt 0.49591 0.44932
vt 0.50997 0.44981
vt 0.51132 0.42878
vt 0.49644 0.42828
vt 0.51268 0.40731
vt 0.49695 0.40661
vt 0.37611 0.76671
vt 0.37979 0.78612
vt 0.37235 0.74697
vt 0.35351 0.75149
vt 0.35857 0.77095
vt 0.36335 0.78963
vt 0.3684 0.72658
vt 0.34824 0.73138
vt 0.46788 0.44944
vt 0.48189 0.44916
vt 0.4816 0.42811
vt 0.46679 0.42847
vt 0.48129 0.40661
vt 0.46563 0.40661
vt 0.34134 0.77621
vt 0.34755 0.79497
vt 0.335 0.75712
vt 0.31689 0.76387
vt 0.32451 0.78254
vt 0.33175 0.80031
vt 0.32841 0.73737
vt 0.309 0.74454
vt 0.43989 0.45172
vt 0.45388 0.45029
vt 0.45199 0.42954
vt 0.4372 0.43127
vt 0.45004 0.40838
vt 0.43446 0.41015
vt 0.30819 0.79004
vt 0.31695 0.80798
vt 0.29928 0.77178
vt 0.28221 0.7808
vt 0.2924 0.79863
vt 0.30215 0.81564
vt 0.29007 0.75287
vt 0.2717 0.76233
vt 0.41197 0.45634
vt 0.42592 0.45374
vt 0.42243 0.43363
vt 0.40767 0.43658
vt 0.41886 0.4132
vt 0.40326 0.41625
vt 0.27716 0.80826
vt 0.28839 0.8253
vt 0.26574 0.79091
vt 0.2499 0.80203
vt 0.26247 0.81881
vt 0.27462 0.83495
vt 0.25396 0.77294
vt 0.23692 0.78468
vt 0.38425 0.46329
vt 0.39804 0.45951
vt 0.39291 0.44006
vt 0.37832 0.4442
vt 0.38768 0.42034
vt 0.3721 0.42444
vt 0.24834 0.83018
vt 0.26179 0.84603
vt 0.2347 0.8141
vt 0.22035 0.82716
vt 0.235 0.84242
vt 0.24896 0.85712
vt 0.22068 0.79758
vt 0.20531 0.81157
vt 0.35748 0.47281
vt 0.37075 0.46775
vt 0.36406 0.44908
vt 0.35006 0.45462
vt 0.35725 0.43017
vt 0.34239 0.4359
vt 0.2227 0.85559
vt 0.23811 0.86978
vt 0.20705 0.84123
vt 0.1947 0.85615
vt 0.21132 0.86953
vt 0.22726 0.88244
vt 0.19095 0.82655
vt 0.17753 0.84241
vt 0.33152 0.48447
vt 0.34439 0.47838
vt 0.33625 0.46069
vt 0.32265 0.46732
vt 0.32796 0.44278
vt 0.31353 0.44967
vt 0.20077 0.88407
vt 0.21798 0.89623
vt 0.18322 0.87173
vt 0.1728 0.88798
vt 0.19113 0.89922
vt 0.20869 0.91001
vt 0.16502 0.85899
vt 0.15374 0.87637
vt 0.30669 0.49838
vt 0.31893 0.49111
vt 0.3093 0.47453
vt 0.2963 0.48243
vt 0.29948 0.45778
vt 0.28543 0.46589
vt 0.18251 0.91495
vt 0.20099 0.92482
vt 0.16365 0.90493
vt 0.15569 0.92239
vt 0.17496 0.93115
vt 0.19329 0.93962
vt 0.14401 0.89459
vt 0.13566 0.9134
vt 0.28357 0.51489
vt 0.29489 0.50636
vt 0.28379 0.4911
vt 0.27151 0.50017
vt 0.27244 0.47567
vt 0.25946 0.48545
vt 0.16854 0.94771
vt 0.18782 0.95516
vt 0.1489 0.9402
vt 0.14304 0.95817
vt 0.16269 0.96444
vt 0.18234 0.9707
vt 0.12852 0.93256
vt 0.12199 0.95189
vt 0.77147 0.59956
vt 0.78738 0.58966
vt 0.77911 0.61162
vt 0.7959 0.60248
vt 0.81268 0.59334
vt 0.80356 0.57967
vt 0.67949 0.9707
vt 0.69918 0.96437
vt 0.69241 0.94789
vt 0.67321 0.95538
vt 0.71886 0.95804
vt 0.712 0.94029
vt 0.73997 0.95142
vt 0.73236 0.93247
vt 0.7401 0.58786
vt 0.74835 0.59841
vt 0.73141 0.57767
vt 0.71778 0.58978
vt 0.72603 0.59927
vt 0.73386 0.60906
vt 0.74122 0.61911
vt 0.75609 0.60929
vt 0.74805 0.62905
vt 0.76358 0.62034
vt 0.30547 0.5428
vt 0.31556 0.53607
vt 0.30549 0.52128
vt 0.29452 0.52885
vt 0.32614 0.52948
vt 0.31665 0.51401
vt 0.33705 0.52336
vt 0.32819 0.50734
vt 0.34826 0.51771
vt 0.34006 0.50123
vt 0.35975 0.51256
vt 0.35223 0.49564
vt 0.37146 0.50787
vt 0.36463 0.49054
vt 0.38334 0.50365
vt 0.37719 0.48593
vt 0.3954 0.49991
vt 0.38996 0.48186
vt 0.40763 0.4967
vt 0.40295 0.47838
vt 0.41997 0.49406
vt 0.41607 0.4755
vt 0.43239 0.49203
vt 0.42923 0.4732
vt 0.44485 0.49052
vt 0.44243 0.47146
vt 0.45733 0.48944
vt 0.45566 0.47024
vt 0.46982 0.4888
vt 0.46889 0.46953
vt 0.4823 0.48861
vt 0.48212 0.46931
vt 0.49479 0.48879
vt 0.49536 0.46948
vt 0.50726 0.48927
vt 0.50861 0.46995
vt 0.51971 0.49015
vt 0.52185 0.47086
vt 0.53212 0.49155
vt 0.53502 0.47232
vt 0.54448 0.49344
vt 0.54814 0.47434
vt 0.55677 0.49582
vt 0.56117 0.47689
vt 0.56896 0.49869
vt 0.57411 0.47998
vt 0.58103 0.50207
vt 0.58691 0.48363
vt 0.59296 0.50597
vt 0.59957 0.48785
vt 0.60475 0.51042
vt 0.61208 0.49264
vt 0.61637 0.51539
vt 0.62439 0.49798
vt 0.62779 0.52083
vt 0.63644 0.50385
vt 0.63898 0.52675
vt 0.64825 0.51022
vt 0.64995 0.53315
vt 0.65985 0.51706
vt 0.66063 0.54002
vt 0.67114 0.52439
vt 0.67098 0.54734
vt 0.68206 0.53224
vt 0.68101 0.5551
vt 0.69263 0.54055
vt 0.69072 0.56324
vt 0.7029 0.54925
vt 0.7001 0.57175
vt 0.71281 0.55834
vt 0.72231 0.56782
vt 0.70913 0.5806
vt 0.71228 0.61081
vt 0.71973 0.61994
vt 0.70444 0.60194
vt 0.69149 0.61406
vt 0.69894 0.62239
vt 0.70608 0.63096
vt 0.71292 0.63972
vt 0.72681 0.62929
vt 0.71934 0.64846
vt 0.7337 0.63876
vt 0.32479 0.57152
vt 0.33399 0.56588
vt 0.32507 0.55096
vt 0.31513 0.55716
vt 0.34362 0.56033
vt 0.33514 0.54494
vt 0.35345 0.55506
vt 0.34548 0.53928
vt 0.36348 0.55015
vt 0.35607 0.53403
vt 0.37371 0.54564
vt 0.36691 0.52923
vt 0.38412 0.54153
vt 0.37795 0.52487
vt 0.39469 0.53784
vt 0.38917 0.52094
vt 0.40541 0.53458
vt 0.40054 0.51747
vt 0.41624 0.53179
vt 0.41205 0.51449
vt 0.42718 0.52953
vt 0.42368 0.51206
vt 0.43823 0.52789
vt 0.4354 0.51026
vt 0.44931 0.52668
vt 0.44716 0.50894
vt 0.46036 0.52572
vt 0.45891 0.50794
vt 0.47141 0.5251
vt 0.47066 0.50732
vt 0.48248 0.5249
vt 0.48242 0.50713
vt 0.49354 0.52508
vt 0.49417 0.50731
vt 0.50459 0.52559
vt 0.50591 0.50781
vt 0.51561 0.52647
vt 0.51762 0.50869
vt 0.52662 0.52775
vt 0.52931 0.51003
vt 0.53757 0.52945
vt 0.54095 0.51182
vt 0.54845 0.53158
vt 0.55252 0.51406
vt 0.55925 0.53408
vt 0.564 0.51673
vt 0.56998 0.53691
vt 0.57538 0.51981
vt 0.58059 0.54021
vt 0.58664 0.52339
vt 0.59106 0.54411
vt 0.59775 0.52755
vt 0.60136 0.54851
vt 0.6087 0.53223
vt 0.61148 0.55334
vt 0.61947 0.53733
vt 0.62141 0.55858
vt 0.63004 0.54289
vt 0.63111 0.56425
vt 0.64037 0.5489
vt 0.64056 0.57032
vt 0.65043 0.55535
vt 0.64975 0.57678
vt 0.6602 0.56222
vt 0.65868 0.58359
vt 0.66968 0.56947
vt 0.66732 0.59075
vt 0.67885 0.5771
vt 0.67567 0.59823
vt 0.6877 0.58507
vt 0.69625 0.59335
vt 0.68374 0.606
vt 0.95289 0.91045
vt 0.95284 0.90066
vt 0.92249 0.90062
vt 0.92255 0.91038
vt 0.95278 0.89088
vt 0.92244 0.89087
vt 0.89175 0.89087
vt 0.89179 0.9006
vt 0.89184 0.91033
vt 0.95273 0.88111
vt 0.9224 0.88111
vt 0.95268 0.87134
vt 0.92236 0.87135
vt 0.89169 0.87138
vt 0.89172 0.88113
vt 0.95263 0.86158
vt 0.92232 0.8616
vt 0.95259 0.85182
vt 0.92229 0.85184
vt 0.89164 0.85188
vt 0.89166 0.86163
vt 0.95256 0.84206
vt 0.92227 0.84208
vt 0.95253 0.8323
vt 0.92224 0.83233
vt 0.8916 0.83237
vt 0.89162 0.84212
vt 0.9525 0.82255
vt 0.92222 0.82257
vt 0.95248 0.8128
vt 0.9222 0.81282
vt 0.89158 0.81285
vt 0.89159 0.82261
vt 0.95246 0.80305
vt 0.92219 0.80306
vt 0.95244 0.7933
vt 0.92218 0.79331
vt 0.89155 0.79333
vt 0.89156 0.80309
vt 0.95243 0.78355
vt 0.92217 0.78355
vt 0.95242 0.7738
vt 0.92216 0.7738
vt 0.89154 0.77381
vt 0.89155 0.78357
vt 0.95242 0.76405
vt 0.92216 0.76404
vt 0.95242 0.7543
vt 0.92215 0.75429
vt 0.89153 0.75429
vt 0.89154 0.76405
vt 0.95242 0.74455
vt 0.92216 0.74453
vt 0.95243 0.73481
vt 0.92216 0.73478
vt 0.89154 0.73476
vt 0.89153 0.74453
vt 0.95244 0.72506
vt 0.92217 0.72503
vt 0.95246 0.71531
vt 0.92218 0.71527
vt 0.89155 0.71524
vt 0.89154 0.725
vt 0.95248 0.70556
vt 0.9222 0.70552
vt 0.95251 0.69582
vt 0.92222 0.69576
vt 0.89157 0.69572
vt 0.89156 0.70548
vt 0.95254 0.68607
vt 0.92224 0.68601
vt 0.95257 0.67632
vt 0.92227 0.67626
vt 0.89162 0.6762
vt 0.89159 0.68596
vt 0.95262 0.66657
vt 0.92231 0.66651
vt 0.95267 0.65682
vt 0.92236 0.65676
vt 0.8917 0.6567
vt 0.89165 0.66645
vt 0.95273 0.64706
vt 0.92242 0.64701
vt 0.95279 0.6373
vt 0.9225 0.63726
vt 0.89184 0.63721
vt 0.89176 0.64695
vt 0.95286 0.62754
vt 0.92259 0.62752
vt 0.95294 0.61777
vt 0.92271 0.61779
vt 0.89212 0.61777
vt 0.89196 0.62748
vt 0.95302 0.60799
vt 0.92287 0.60806
vt 0.95308 0.59819
vt 0.92306 0.59836
vt 0.89268 0.59842
vt 0.89235 0.60808
vt 0.95312 0.58837
vt 0.92331 0.58868
vt 0.96227 0.57842
vt 0.92358 0.57901
vt 0.88489 0.57959
vt 0.89315 0.58879
vt 0.96199 0.96986
vt 0.95293 0.95967
vt 0.92298 0.95903
vt 0.92311 0.96872
vt 0.953 0.94977
vt 0.92286 0.94934
vt 0.89236 0.94902
vt 0.89271 0.95858
vt 0.88424 0.96758
vt 0.95302 0.9399
vt 0.92276 0.93961
vt 0.95299 0.93007
vt 0.92268 0.92987
vt 0.89201 0.92973
vt 0.89215 0.93939
vt 0.95295 0.92025
vt 0.92261 0.92013
vt 0.89191 0.92004
vt 0.87925 0.92009
vt 0.87936 0.9298
vt 0.87918 0.91038
vt 0.87498 0.91048
vt 0.87505 0.92023
vt 0.87516 0.92999
vt 0.87913 0.90065
vt 0.87909 0.89091
vt 0.8749 0.89098
vt 0.87493 0.90073
vt 0.87906 0.88117
vt 0.87904 0.87143
vt 0.87485 0.87148
vt 0.87487 0.88123
vt 0.87902 0.86168
vt 0.879 0.85192
vt 0.87482 0.85196
vt 0.87483 0.86172
vt 0.87899 0.84217
vt 0.87897 0.83241
vt 0.87479 0.83245
vt 0.8748 0.84221
vt 0.87896 0.82265
vt 0.87895 0.81289
vt 0.87476 0.81292
vt 0.87477 0.82269
vt 0.87894 0.80313
vt 0.87893 0.79337
vt 0.87474 0.7934
vt 0.87475 0.80316
vt 0.87892 0.7836
vt 0.87891 0.77384
vt 0.87473 0.77387
vt 0.87474 0.78363
vt 0.87891 0.76408
vt 0.87891 0.75431
vt 0.87472 0.75434
vt 0.87473 0.7641
vt 0.87891 0.74455
vt 0.87891 0.73478
vt 0.87473 0.73481
vt 0.87472 0.74457
vt 0.87891 0.72502
vt 0.87892 0.71525
vt 0.87473 0.71527
vt 0.87473 0.72504
vt 0.87893 0.70549
vt 0.87894 0.69572
vt 0.87475 0.69574
vt 0.87474 0.7055
vt 0.87896 0.68596
vt 0.87898 0.67619
vt 0.87479 0.6762
vt 0.87477 0.68597
vt 0.87901 0.66643
vt 0.87905 0.65667
vt 0.87486 0.65665
vt 0.87482 0.66642
vt 0.87911 0.64691
vt 0.87919 0.63716
vt 0.87499 0.63709
vt 0.87491 0.64687
vt 0.87931 0.62741
vt 0.87949 0.61767
vt 0.87528 0.61749
vt 0.87511 0.6273
vt 0.87974 0.60793
vt 0.88013 0.59817
vt 0.87596 0.59776
vt 0.87554 0.60767
vt 0.88072 0.58837
vt 0.88141 0.57855
vt 0.87793 0.5775
vt 0.8766 0.58773
vt 0.88029 0.95889
vt 0.88086 0.9686
vt 0.87981 0.94918
vt 0.87567 0.94959
vt 0.87621 0.95952
vt 0.87748 0.96963
vt 0.87952 0.93949
vt 0.87534 0.93976
vt 0.68613 0.63394
vt 0.69298 0.64202
vt 0.67903 0.62609
vt 0.66943 0.6355
vt 0.67627 0.643
vt 0.6829 0.65072
vt 0.68934 0.65865
vt 0.69959 0.65029
vt 0.69285 0.66887
vt 0.7061 0.65867
vt 0.34148 0.60063
vt 0.34863 0.59245
vt 0.34232 0.58076
vt 0.33313 0.58608
vt 0.3576 0.5875
vt 0.35157 0.57557
vt 0.36665 0.5828
vt 0.36095 0.57064
vt 0.3758 0.57838
vt 0.37048 0.56601
vt 0.38506 0.57428
vt 0.38015 0.56175
vt 0.39443 0.57055
vt 0.38996 0.55786
vt 0.40392 0.56722
vt 0.39992 0.55438
vt 0.41352 0.56429
vt 0.41001 0.55131
vt 0.42321 0.56176
vt 0.42019 0.54867
vt 0.43298 0.55965
vt 0.43048 0.54651
vt 0.44283 0.55803
vt 0.44085 0.54491
vt 0.45273 0.5568
vt 0.45127 0.54371
vt 0.46264 0.55587
vt 0.46167 0.54278
vt 0.47257 0.55529
vt 0.47208 0.54217
vt 0.4825 0.55508
vt 0.4825 0.54197
vt 0.49244 0.55523
vt 0.49292 0.54213
vt 0.50236 0.5557
vt 0.50333 0.54263
vt 0.51226 0.55652
vt 0.51371 0.54348
vt 0.52212 0.55772
vt 0.52407 0.54472
vt 0.53193 0.5593
vt 0.53437 0.54634
vt 0.54167 0.56125
vt 0.5446 0.54837
vt 0.55133 0.56355
vt 0.55475 0.55075
vt 0.56092 0.56615
vt 0.56484 0.55342
vt 0.57041 0.56913
vt 0.57482 0.55652
vt 0.57974 0.57259
vt 0.58466 0.56016
vt 0.58892 0.57649
vt 0.59432 0.56429
vt 0.5979 0.58082
vt 0.60381 0.56884
vt 0.6067 0.58555
vt 0.6131 0.57379
vt 0.61531 0.59065
vt 0.62219 0.57914
vt 0.62371 0.5961
vt 0.63105 0.58486
vt 0.6319 0.60189
vt 0.63967 0.59093
vt 0.63987 0.60801
vt 0.64806 0.59735
vt 0.64761 0.61444
vt 0.65619 0.60409
vt 0.65511 0.62118
vt 0.66407 0.61114
vt 0.67168 0.61848
vt 0.66238 0.62821
vt 0.67179 0.64712
vt 0.67831 0.65468
vt 0.66507 0.63976
vt 0.66343 0.64135
vt 0.67 0.64876
vt 0.67656 0.65617
vt 0.68899 0.67182
vt 0.69092 0.67035
vt 0.68466 0.66246
vt 0.68278 0.66399
vt 0.36142 0.59496
vt 0.36035 0.59291
vt 0.35152 0.59776
vt 0.35268 0.59989
vt 0.34271 0.60273
vt 0.34395 0.60482
vt 0.37915 0.58607
vt 0.37822 0.58399
vt 0.36925 0.58831
vt 0.37029 0.59051
vt 0.3972 0.57841
vt 0.39645 0.57631
vt 0.38729 0.57997
vt 0.38817 0.58224
vt 0.41568 0.57235
vt 0.4151 0.57019
vt 0.40573 0.57306
vt 0.40644 0.57538
vt 0.4345 0.5678
vt 0.4341 0.56562
vt 0.42456 0.5677
vt 0.42509 0.57008
vt 0.45359 0.56485
vt 0.45337 0.56271
vt 0.44371 0.56397
vt 0.44405 0.56632
vt 0.47284 0.56332
vt 0.47278 0.5612
vt 0.46307 0.56178
vt 0.46322 0.56408
vt 0.49214 0.56329
vt 0.49222 0.56114
vt 0.4825 0.561
vt 0.48249 0.56331
vt 0.51139 0.56452
vt 0.51162 0.5624
vt 0.50193 0.5616
vt 0.50177 0.5639
vt 0.53047 0.56723
vt 0.53084 0.56514
vt 0.52126 0.56359
vt 0.52093 0.56588
vt 0.54927 0.5714
vt 0.5498 0.56932
vt 0.54036 0.56706
vt 0.53987 0.56932
vt 0.56769 0.57695
vt 0.56841 0.57486
vt 0.55916 0.5719
vt 0.55848 0.57418
vt 0.58556 0.58405
vt 0.58646 0.58204
vt 0.57751 0.57824
vt 0.57663 0.5805
vt 0.60271 0.59286
vt 0.60379 0.5909
vt 0.59521 0.58627
vt 0.59414 0.58845
vt 0.61914 0.60307
vt 0.62038 0.6012
vt 0.61218 0.59588
vt 0.61093 0.59796
vt 0.63477 0.61462
vt 0.63615 0.61285
vt 0.62837 0.60686
vt 0.62696 0.60884
vt 0.64954 0.62741
vt 0.65105 0.62574
vt 0.64371 0.61914
vt 0.64215 0.62102
vt 0.65817 0.63263
vt 0.65648 0.63438
vt 0.9667 0.91048
vt 0.96664 0.90068
vt 0.96443 0.90068
vt 0.96449 0.91048
vt 0.96658 0.89088
vt 0.96437 0.89089
vt 0.96653 0.88111
vt 0.96431 0.88111
vt 0.96647 0.87133
vt 0.96426 0.87134
vt 0.96642 0.86157
vt 0.96421 0.86157
vt 0.96638 0.85181
vt 0.96417 0.85181
vt 0.96634 0.84205
vt 0.96413 0.84205
vt 0.96631 0.8323
vt 0.9641 0.8323
vt 0.96628 0.82254
vt 0.96407 0.82254
vt 0.96626 0.81279
vt 0.96404 0.81279
vt 0.96624 0.80304
vt 0.96402 0.80304
vt 0.96622 0.7933
vt 0.96401 0.79329
vt 0.96621 0.78355
vt 0.964 0.78355
vt 0.9662 0.7738
vt 0.96399 0.7738
vt 0.9662 0.76406
vt 0.96398 0.76405
vt 0.9662 0.75431
vt 0.96399 0.75431
vt 0.9662 0.74457
vt 0.96399 0.74456
vt 0.96621 0.73482
vt 0.964 0.73482
vt 0.96622 0.72508
vt 0.96401 0.72507
vt 0.96624 0.71534
vt 0.96403 0.71533
vt 0.96626 0.70559
vt 0.96405 0.70558
vt 0.96629 0.69585
vt 0.96408 0.69584
vt 0.96632 0.6861
vt 0.96411 0.68609
vt 0.96636 0.67635
vt 0.96415 0.67635
vt 0.96641 0.6666
vt 0.96419 0.6666
vt 0.96646 0.65685
vt 0.96425 0.65684
vt 0.96652 0.64709
vt 0.9643 0.64709
vt 0.96658 0.63733
vt 0.96437 0.63732
vt 0.96665 0.62755
vt 0.96443 0.62755
vt 0.96671 0.61777
vt 0.96449 0.61776
vt 0.96676 0.60794
vt 0.96455 0.60795
vt 0.96681 0.59812
vt 0.96456 0.59812
vt 0.96674 0.58819
vt 0.96453 0.58824
vt 0.96668 0.57826
vt 0.96447 0.57834
vt 0.96641 0.97006
vt 0.9666 0.96001
vt 0.96439 0.95994
vt 0.9642 0.96996
vt 0.96679 0.94996
vt 0.96453 0.94995
vt 0.9668 0.94005
vt 0.96458 0.94002
vt 0.96681 0.93015
vt 0.96458 0.93015
vt 0.96675 0.92031
vt 0.96454 0.9203
vt 0.05475 0.19381
vt 0.06025 0.20047
vt 0.06883 0.19343
vt 0.06285 0.18651
vt 0.06576 0.20714
vt 0.07449 0.2006
vt 0.08572 0.19222
vt 0.07966 0.18455
vt 0.07326 0.17715
vt 0.07063 0.21427
vt 0.07982 0.20803
vt 0.0755 0.22139
vt 0.08479 0.21568
vt 0.09674 0.20835
vt 0.09142 0.20017
vt 0.07969 0.22893
vt 0.08941 0.22355
vt 0.08388 0.23646
vt 0.09366 0.23162
vt 0.10622 0.22541
vt 0.10168 0.21678
vt 0.08736 0.24434
vt 0.09753 0.23987
vt 0.09084 0.25222
vt 0.10102 0.24829
vt 0.1141 0.24326
vt 0.11037 0.23425
vt 0.09357 0.26038
vt 0.10411 0.25686
vt 0.09631 0.26854
vt 0.10681 0.26556
vt 0.12029 0.26175
vt 0.11741 0.25243
vt 0.09828 0.27691
vt 0.1091 0.27438
vt 0.10025 0.28528
vt 0.11098 0.28329
vt 0.12475 0.28072
vt 0.12274 0.27119
vt 0.10144 0.2938
vt 0.11245 0.29227
vt 0.10264 0.30232
vt 0.1135 0.30131
vt 0.12745 0.30003
vt 0.12632 0.29035
vt 0.10304 0.31091
vt 0.11413 0.31039
vt 0.10344 0.31949
vt 0.11435 0.31949
vt 0.12835 0.3195
vt 0.12813 0.30975
vt 0.10304 0.32808
vt 0.11414 0.32859
vt 0.10265 0.33667
vt 0.11351 0.33767
vt 0.12746 0.33896
vt 0.12813 0.32924
vt 0.10146 0.34518
vt 0.11247 0.34671
vt 0.10028 0.3537
vt 0.111 0.3557
vt 0.12477 0.35826
vt 0.12634 0.34864
vt 0.09831 0.36207
vt 0.10913 0.3646
vt 0.09634 0.37044
vt 0.10684 0.37341
vt 0.12032 0.37723
vt 0.12277 0.3678
vt 0.09361 0.37859
vt 0.10415 0.38211
vt 0.09088 0.38674
vt 0.10106 0.39067
vt 0.11413 0.39571
vt 0.11744 0.38655
vt 0.0874 0.39461
vt 0.09758 0.39908
vt 0.08393 0.40248
vt 0.09371 0.40733
vt 0.10626 0.41355
vt 0.1104 0.40472
vt 0.07974 0.41
vt 0.08946 0.41539
vt 0.07555 0.41752
vt 0.08484 0.42324
vt 0.09678 0.43059
vt 0.10172 0.42218
vt 0.07068 0.42464
vt 0.07987 0.43088
vt 0.06581 0.43175
vt 0.07454 0.43829
vt 0.08575 0.44669
vt 0.09145 0.43876
vt 0.06031 0.43839
vt 0.06888 0.44545
vt 0.0548 0.44504
vt 0.06288 0.45235
vt 0.07328 0.46173
vt 0.07969 0.45435
vt 0.04869 0.45116
vt 0.05658 0.45898
vt 0.04259 0.45729
vt 0.04997 0.46532
vt 0.05947 0.4756
vt 0.06654 0.46882
vt 0.03594 0.46283
vt 0.04307 0.47136
vt 0.0293 0.46838
vt 0.03602 0.47726
vt 0.04275 0.48613
vt 0.05209 0.48207
vt 0.0293 0.1704
vt 0.03593 0.17596
vt 0.04306 0.16744
vt 0.03603 0.16154
vt 0.04256 0.18152
vt 0.04995 0.1735
vt 0.05946 0.16324
vt 0.05209 0.15675
vt 0.04275 0.15268
vt 0.04866 0.18767
vt 0.05655 0.17986
vt 0.06652 0.17004
vt 0.095 0.17201
vt 0.08801 0.16394
vt 0.10161 0.18039
vt 0.11974 0.16687
vt 0.1125 0.15769
vt 0.10485 0.14885
vt 0.10782 0.18906
vt 0.11363 0.198
vt 0.13292 0.18617
vt 0.12656 0.17637
vt 0.11903 0.2072
vt 0.12399 0.21664
vt 0.14428 0.20662
vt 0.13883 0.19626
vt 0.12851 0.22629
vt 0.13259 0.23615
vt 0.1537 0.22802
vt 0.14924 0.21721
vt 0.1362 0.24617
vt 0.13935 0.25636
vt 0.16112 0.2502
vt 0.15767 0.23903
vt 0.14203 0.26668
vt 0.14423 0.27711
vt 0.16647 0.27298
vt 0.16405 0.26153
vt 0.14594 0.28763
vt 0.14717 0.29822
vt 0.16969 0.29614
vt 0.16835 0.28452
vt 0.14791 0.30885
vt 0.14816 0.3195
vt 0.17077 0.31951
vt 0.1705 0.30782
vt 0.14792 0.33016
vt 0.14718 0.34079
vt 0.1697 0.34288
vt 0.17051 0.33121
vt 0.14596 0.35138
vt 0.14425 0.3619
vt 0.16648 0.36605
vt 0.16836 0.3545
vt 0.14205 0.37233
vt 0.13938 0.38264
vt 0.16113 0.38882
vt 0.16407 0.3775
vt 0.13623 0.39282
vt 0.13261 0.40285
vt 0.15372 0.411
vt 0.15768 0.4
vt 0.12854 0.4127
vt 0.12402 0.42235
vt 0.14428 0.4324
vt 0.14925 0.42181
vt 0.11905 0.43178
vt 0.11365 0.44097
vt 0.13292 0.45283
vt 0.13884 0.44275
vt 0.10784 0.4499
vt 0.10161 0.45855
vt 0.11972 0.47212
vt 0.12654 0.46263
vt 0.095 0.46691
vt 0.088 0.47497
vt 0.1048 0.49009
vt 0.11247 0.48128
vt 0.08064 0.48269
vt 0.07294 0.49008
vt 0.0883 0.50661
vt 0.09674 0.49854
vt 0.0649 0.49712
vt 0.0567 0.50399
vt 0.07066 0.52185
vt 0.07951 0.51429
vt 0.06494 0.1417
vt 0.05675 0.1348
vt 0.07297 0.14878
vt 0.08839 0.13227
vt 0.07961 0.12455
vt 0.07076 0.11693
vt 0.08066 0.15619
vt 0.09681 0.14037
vt 0.12985 0.14344
vt 0.12153 0.13384
vt 0.13772 0.15341
vt 0.15576 0.13984
vt 0.14724 0.12905
vt 0.13824 0.11868
vt 0.14512 0.16375
vt 0.15205 0.17441
vt 0.17126 0.16255
vt 0.16377 0.15101
vt 0.15847 0.18539
vt 0.16439 0.19665
vt 0.18461 0.18661
vt 0.17821 0.17442
vt 0.16978 0.20818
vt 0.17464 0.21994
vt 0.19569 0.2118
vt 0.19044 0.19908
vt 0.17895 0.23192
vt 0.18271 0.24409
vt 0.20442 0.23792
vt 0.20036 0.22476
vt 0.1859 0.25641
vt 0.18852 0.26887
vt 0.2107 0.26473
vt 0.20787 0.25125
vt 0.19057 0.28144
vt 0.19203 0.29409
vt 0.2145 0.29201
vt 0.21292 0.27832
vt 0.19291 0.30679
vt 0.19321 0.31952
vt 0.21577 0.31952
vt 0.21545 0.30575
vt 0.19291 0.33225
vt 0.19204 0.34496
vt 0.2145 0.34703
vt 0.21545 0.33329
vt 0.19057 0.35761
vt 0.18853 0.37017
vt 0.21071 0.37431
vt 0.21292 0.36072
vt 0.18591 0.38263
vt 0.18272 0.39496
vt 0.20442 0.40113
vt 0.20788 0.3878
vt 0.17896 0.40713
vt 0.17464 0.41911
vt 0.19569 0.42725
vt 0.20036 0.41429
vt 0.16978 0.43087
vt 0.16438 0.4424
vt 0.18459 0.45246
vt 0.19043 0.43998
vt 0.15846 0.45366
vt 0.15202 0.46463
vt 0.17122 0.47652
vt 0.17818 0.46464
vt 0.14508 0.47529
vt 0.13766 0.48561
vt 0.15568 0.49922
vt 0.16371 0.48805
vt 0.12977 0.49557
vt 0.12143 0.50514
vt 0.1381 0.52035
vt 0.14714 0.51
vt 0.11266 0.51431
vt 0.10348 0.52305
vt 0.11865 0.53968
vt 0.1286 0.53026
vt 0.09392 0.53134
vt 0.08417 0.5394
vt 0.09768 0.55695
vt 0.10827 0.54861
vt 0.09411 0.10752
vt 0.08439 0.0994
vt 0.10364 0.11587
vt 0.11887 0.09928
vt 0.10854 0.09031
vt 0.09802 0.08188
vt 0.11279 0.12464
vt 0.12878 0.10875
vt 0.16491 0.11432
vt 0.15519 0.10314
vt 0.1741 0.12594
vt 0.19288 0.11166
vt 0.1827 0.0994
vt 0.17253 0.08715
vt 0.18274 0.13799
vt 0.19081 0.15042
vt 0.21085 0.13796
vt 0.20187 0.12481
vt 0.19831 0.16321
vt 0.2052 0.17634
vt 0.22631 0.16579
vt 0.21858 0.15187
vt 0.21149 0.18977
vt 0.21714 0.20348
vt 0.23914 0.19493
vt 0.23272 0.18036
vt 0.22217 0.21744
vt 0.22654 0.23161
vt 0.24923 0.22513
vt 0.24418 0.21003
vt 0.23026 0.24597
vt 0.23332 0.26049
vt 0.2565 0.25613
vt 0.25286 0.24063
vt 0.2357 0.27513
vt 0.2374 0.28987
vt 0.26089 0.28766
vt 0.2587 0.27189
vt 0.23843 0.30467
vt 0.23877 0.3195
vt 0.26236 0.31947
vt 0.26163 0.30357
vt 0.23843 0.33433
vt 0.23741 0.34914
vt 0.2609 0.35128
vt 0.26163 0.33538
vt 0.23571 0.36388
vt 0.23333 0.37852
vt 0.25652 0.38283
vt 0.25871 0.36706
vt 0.23028 0.39304
vt 0.22656 0.40741
vt 0.24926 0.41384
vt 0.25289 0.39833
vt 0.22218 0.42159
vt 0.21715 0.43555
vt 0.23916 0.44406
vt 0.24421 0.42895
vt 0.21149 0.44927
vt 0.20519 0.46271
vt 0.22632 0.47322
vt 0.23274 0.45864
vt 0.19829 0.47584
vt 0.19078 0.48865
vt 0.21084 0.50109
vt 0.21858 0.48716
vt 0.18268 0.50108
vt 0.17402 0.51313
vt 0.19282 0.52742
vt 0.20183 0.51425
vt 0.1648 0.52476
vt 0.15504 0.53594
vt 0.17239 0.55197
vt 0.18261 0.53969
vt 0.14476 0.54663
vt 0.13396 0.55681
vt 0.14964 0.57449
vt 0.16102 0.56323
vt 0.12268 0.56644
vt 0.11114 0.5758
vt 0.1246 0.59464
vt 0.13712 0.58456
vt 0.123 0.07256
vt 0.11154 0.06316
vt 0.13422 0.08222
vt 0.1499 0.06464
vt 0.13748 0.05454
vt 0.12506 0.04444
vt 0.14495 0.09243
vt 0.16121 0.07589
vt 0.0293 0.9707
vt 0.26744 0.10474
vt 0.27092 0.10438
vt 0.26983 0.09552
vt 0.26635 0.09582
vt 0.29442 0.10108
vt 0.29333 0.09232
vt 0.29234 0.08355
vt 0.26884 0.08664
vt 0.26535 0.08685
vt 0.27208 0.11322
vt 0.29558 0.10983
vt 0.26861 0.11363
vt 0.26984 0.12249
vt 0.27329 0.12205
vt 0.29679 0.11858
vt 0.26799 0.07771
vt 0.26448 0.07781
vt 0.29146 0.07478
vt 0.29074 0.066
vt 0.26735 0.06876
vt 0.26387 0.06868
vt 0.27456 0.13087
vt 0.29804 0.12732
vt 0.27111 0.13133
vt 0.27241 0.14016
vt 0.27586 0.13968
vt 0.29934 0.13606
vt 0.2772 0.14848
vt 0.30067 0.1448
vt 0.27376 0.14898
vt 0.27513 0.1578
vt 0.27857 0.15728
vt 0.30203 0.15354
vt 0.27997 0.16608
vt 0.30342 0.16227
vt 0.27653 0.1666
vt 0.27796 0.17541
vt 0.2814 0.17487
vt 0.30484 0.171
vt 0.28286 0.18366
vt 0.30629 0.17972
vt 0.27942 0.18421
vt 0.28091 0.19301
vt 0.28434 0.19245
vt 0.30776 0.18844
vt 0.28585 0.20123
vt 0.30926 0.19716
vt 0.28242 0.2018
vt 0.28395 0.21059
vt 0.28738 0.21001
vt 0.31078 0.20587
vt 0.28894 0.21878
vt 0.31233 0.21458
vt 0.28551 0.21937
vt 0.2871 0.22815
vt 0.29053 0.22755
vt 0.31391 0.22329
vt 0.29214 0.23631
vt 0.31551 0.23199
vt 0.28871 0.23693
vt 0.29035 0.2457
vt 0.29377 0.24508
vt 0.31713 0.24069
vt 0.29543 0.25383
vt 0.31878 0.24938
vt 0.29201 0.25446
vt 0.2937 0.26322
vt 0.29712 0.26258
vt 0.32046 0.25807
vt 0.29883 0.27133
vt 0.32216 0.26675
vt 0.29541 0.27198
vt 0.29714 0.28073
vt 0.30056 0.28007
vt 0.32388 0.27542
vt 0.30232 0.2888
vt 0.32563 0.28409
vt 0.29891 0.28947
vt 0.3007 0.29821
vt 0.30411 0.29752
vt 0.32741 0.29275
vt 0.30592 0.30624
vt 0.32922 0.30141
vt 0.30251 0.30695
vt 0.30436 0.31568
vt 0.30777 0.31496
vt 0.33105 0.31005
vt 0.30964 0.32366
vt 0.33292 0.31869
vt 0.30624 0.3244
vt 0.30815 0.33313
vt 0.31156 0.33236
vt 0.33482 0.32731
vt 0.31352 0.34105
vt 0.33677 0.33593
vt 0.31012 0.34185
vt 0.31213 0.35058
vt 0.31553 0.34973
vt 0.33876 0.34452
vt 0.31762 0.3584
vt 0.34082 0.3531
vt 0.31423 0.35931
vt 0.31643 0.36806
vt 0.3198 0.36706
vt 0.34297 0.36164
vt 0.32213 0.3757
vt 0.34523 0.37015
vt 0.31878 0.37682
vt 0.32141 0.38557
vt 0.32467 0.38429
vt 0.34765 0.37859
vt 0.32753 0.39281
vt 0.35027 0.38695
vt 0.32443 0.39429
vt 0.32707 0.40333
vt 0.33055 0.40129
vt 0.33402 0.39926
vt 0.27075 0.05136
vt 0.26683 0.05076
vt 0.26702 0.05977
vt 0.29023 0.05723
vt 0.26291 0.05017
vt 0.26362 0.05948
vt 0.35543 0.08342
vt 0.35437 0.07481
vt 0.35654 0.09202
vt 0.43797 0.0801
vt 0.43681 0.07167
vt 0.43566 0.06324
vt 0.35771 0.10062
vt 0.35892 0.10921
vt 0.44037 0.0969
vt 0.43917 0.0885
vt 0.36017 0.1178
vt 0.36145 0.12638
vt 0.44286 0.11367
vt 0.44161 0.10528
vt 0.36276 0.13496
vt 0.3641 0.14353
vt 0.44546 0.1304
vt 0.44416 0.12203
vt 0.36547 0.1521
vt 0.36686 0.16067
vt 0.44816 0.14711
vt 0.44681 0.13875
vt 0.36828 0.16923
vt 0.36973 0.17778
vt 0.45096 0.16379
vt 0.44956 0.15545
vt 0.3712 0.18633
vt 0.3727 0.19488
vt 0.45386 0.18045
vt 0.45241 0.17212
vt 0.37422 0.20342
vt 0.37577 0.21196
vt 0.45686 0.1971
vt 0.45536 0.18878
vt 0.37734 0.22049
vt 0.37894 0.22902
vt 0.45997 0.21372
vt 0.45842 0.20541
vt 0.38057 0.23754
vt 0.38222 0.24606
vt 0.46319 0.23032
vt 0.46158 0.22202
vt 0.3839 0.25458
vt 0.3856 0.26309
vt 0.4665 0.24691
vt 0.46485 0.23861
vt 0.38733 0.27159
vt 0.38909 0.28009
vt 0.46993 0.26348
vt 0.46822 0.25519
vt 0.39087 0.28858
vt 0.39268 0.29707
vt 0.47347 0.28004
vt 0.4717 0.27176
vt 0.39452 0.30554
vt 0.3964 0.31402
vt 0.47711 0.29659
vt 0.47529 0.28832
vt 0.39831 0.32248
vt 0.40026 0.33094
vt 0.48088 0.31315
vt 0.479 0.30487
vt 0.40226 0.33938
vt 0.40432 0.3478
vt 0.48475 0.32974
vt 0.48281 0.32145
vt 0.40645 0.35621
vt 0.40867 0.36459
vt 0.48872 0.34641
vt 0.48673 0.33808
vt 0.411 0.37293
vt 0.41338 0.38125
vt 0.49274 0.36325
vt 0.49073 0.35483
vt 0.35172 0.04895
vt 0.35099 0.04033
vt 0.35249 0.05758
vt 0.43343 0.04632
vt 0.43233 0.03781
vt 0.43123 0.0293
vt 0.35339 0.0662
vt 0.43454 0.05478
vt 0.86381 0.91068
vt 0.86212 0.91091
vt 0.8622 0.92057
vt 0.86493 0.9205
vt 0.86043 0.91115
vt 0.86051 0.9206
vt 0.8606 0.93006
vt 0.86228 0.93022
vt 0.86397 0.93038
vt 0.86043 0.91033
vt 0.86212 0.91051
vt 0.86208 0.9009
vt 0.86039 0.90092
vt 0.86482 0.90087
vt 0.86374 0.89109
vt 0.86205 0.8913
vt 0.86036 0.89152
vt 0.86228 0.93066
vt 0.86253 0.94044
vt 0.86526 0.9403
vt 0.8606 0.93093
vt 0.86084 0.94051
vt 0.86109 0.95008
vt 0.86278 0.95021
vt 0.86447 0.95034
vt 0.86036 0.89073
vt 0.86205 0.89091
vt 0.86203 0.88133
vt 0.86034 0.88134
vt 0.86476 0.88131
vt 0.8637 0.87154
vt 0.86201 0.87175
vt 0.86032 0.87195
vt 0.86032 0.87117
vt 0.86201 0.87136
vt 0.862 0.86178
vt 0.86031 0.86179
vt 0.86473 0.86177
vt 0.86367 0.85201
vt 0.86198 0.85221
vt 0.86029 0.85241
vt 0.86029 0.85164
vt 0.86198 0.85182
vt 0.86197 0.84225
vt 0.86028 0.84226
vt 0.8647 0.84224
vt 0.86364 0.83248
vt 0.86195 0.83268
vt 0.86026 0.83288
vt 0.86026 0.8321
vt 0.86195 0.83229
vt 0.86194 0.82272
vt 0.86025 0.82272
vt 0.86467 0.82271
vt 0.86362 0.81295
vt 0.86193 0.81314
vt 0.86024 0.81334
vt 0.86024 0.81257
vt 0.86193 0.81276
vt 0.86192 0.80318
vt 0.86023 0.80319
vt 0.86465 0.80318
vt 0.8636 0.79341
vt 0.86191 0.79361
vt 0.86022 0.79381
vt 0.86022 0.79303
vt 0.86191 0.79322
vt 0.8619 0.78365
vt 0.86021 0.78365
vt 0.86463 0.78364
vt 0.86359 0.77388
vt 0.8619 0.77407
vt 0.86021 0.77427
vt 0.86021 0.77349
vt 0.8619 0.77369
vt 0.86189 0.76411
vt 0.86021 0.76411
vt 0.86462 0.76411
vt 0.86358 0.75434
vt 0.86189 0.75453
vt 0.8602 0.75473
vt 0.8602 0.75396
vt 0.86189 0.75415
vt 0.86189 0.74457
vt 0.8602 0.74457
vt 0.86462 0.74457
vt 0.86358 0.7348
vt 0.86189 0.73499
vt 0.8602 0.73519
vt 0.8602 0.73441
vt 0.86189 0.73461
vt 0.8619 0.72503
vt 0.86021 0.72503
vt 0.86463 0.72503
vt 0.86359 0.71525
vt 0.8619 0.71545
vt 0.86021 0.71564
vt 0.86021 0.71487
vt 0.8619 0.71506
vt 0.86191 0.70548
vt 0.86022 0.70548
vt 0.86464 0.70548
vt 0.86361 0.6957
vt 0.86192 0.69589
vt 0.86023 0.69609
vt 0.86023 0.69531
vt 0.86192 0.69551
vt 0.86193 0.68592
vt 0.86024 0.68591
vt 0.86466 0.68593
vt 0.86363 0.67614
vt 0.86194 0.67633
vt 0.86026 0.67652
vt 0.86026 0.67573
vt 0.86195 0.67593
vt 0.86197 0.66633
vt 0.86028 0.66632
vt 0.8647 0.66635
vt 0.86369 0.65654
vt 0.862 0.65672
vt 0.86031 0.65691
vt 0.86031 0.65611
vt 0.862 0.65632
vt 0.86205 0.64668
vt 0.86036 0.64667
vt 0.86479 0.64672
vt 0.8638 0.63686
vt 0.86211 0.63704
vt 0.86042 0.63722
vt 0.86042 0.63639
vt 0.86211 0.63663
vt 0.86224 0.62691
vt 0.86055 0.62687
vt 0.86497 0.62698
vt 0.86406 0.61703
vt 0.86237 0.6172
vt 0.86068 0.61736
vt 0.8607 0.61646
vt 0.86238 0.61674
vt 0.86274 0.60689
vt 0.86105 0.60681
vt 0.86546 0.60704
vt 0.86479 0.59691
vt 0.8631 0.59704
vt 0.8614 0.59716
vt 0.86145 0.59618
vt 0.86312 0.59655
vt 0.8639 0.58657
vt 0.86222 0.58642
vt 0.86661 0.5868
vt 0.86638 0.57652
vt 0.86468 0.57659
vt 0.86298 0.57665
vt 0.86247 0.97056
vt 0.86417 0.97063
vt 0.86348 0.96066
vt 0.8618 0.9608
vt 0.86586 0.9707
vt 0.8662 0.96044
vt 0.86279 0.9507
vt 0.86112 0.95105
vt 0.86974 0.92038
vt 0.86986 0.9302
vt 0.86968 0.91059
vt 0.86963 0.90081
vt 0.8696 0.89104
vt 0.86957 0.88128
vt 0.86955 0.87151
vt 0.86954 0.86175
vt 0.86952 0.85199
vt 0.86951 0.84223
vt 0.86949 0.83247
vt 0.86948 0.8227
vt 0.86947 0.81294
vt 0.86946 0.80317
vt 0.86945 0.79341
vt 0.86944 0.78364
vt 0.86944 0.77388
vt 0.86943 0.76411
vt 0.86943 0.75434
vt 0.86943 0.74458
vt 0.86943 0.73481
vt 0.86943 0.72504
vt 0.86944 0.71527
vt 0.86945 0.7055
vt 0.86946 0.69572
vt 0.86947 0.68595
vt 0.86949 0.67617
vt 0.86952 0.66639
vt 0.86955 0.6566
vt 0.8696 0.64679
vt 0.86968 0.63698
vt 0.86979 0.62713
vt 0.86998 0.61726
vt 0.87025 0.60733
vt 0.8707 0.59733
vt 0.87137 0.5872
vt 0.87215 0.57701
vt 0.87098 0.96005
vt 0.87167 0.97017
vt 0.8704 0.94999
vt 0.87006 0.94005
vt 0.26431 0.09601
vt 0.26541 0.10497
vt 0.2633 0.08699
vt 0.26191 0.08713
vt 0.26299 0.09614
vt 0.26406 0.10514
vt 0.26658 0.11388
vt 0.26781 0.12275
vt 0.26527 0.11404
vt 0.26648 0.12294
vt 0.26908 0.13161
vt 0.27039 0.14045
vt 0.26778 0.1318
vt 0.26907 0.14065
vt 0.27174 0.14928
vt 0.27311 0.1581
vt 0.27043 0.14948
vt 0.27179 0.15831
vt 0.27452 0.16692
vt 0.27595 0.17573
vt 0.27321 0.16713
vt 0.27463 0.17595
vt 0.27741 0.18454
vt 0.27889 0.19334
vt 0.27611 0.18476
vt 0.27758 0.19357
vt 0.28041 0.20214
vt 0.28194 0.21093
vt 0.2791 0.20237
vt 0.28063 0.21117
vt 0.2835 0.21972
vt 0.28509 0.22851
vt 0.2822 0.21996
vt 0.28378 0.22875
vt 0.2867 0.23729
vt 0.28834 0.24607
vt 0.28541 0.23753
vt 0.28703 0.24632
vt 0.29001 0.25484
vt 0.29169 0.26361
vt 0.28871 0.25509
vt 0.29038 0.26386
vt 0.29341 0.27237
vt 0.29514 0.28113
vt 0.29211 0.27263
vt 0.29384 0.28139
vt 0.29691 0.28988
vt 0.2987 0.29863
vt 0.29561 0.29015
vt 0.29739 0.2989
vt 0.30052 0.30737
vt 0.30236 0.31611
vt 0.29922 0.30764
vt 0.30106 0.31639
vt 0.30424 0.32484
vt 0.30616 0.33358
vt 0.30295 0.32513
vt 0.30485 0.33388
vt 0.30813 0.34233
vt 0.31015 0.35108
vt 0.30684 0.34263
vt 0.30883 0.35139
vt 0.31225 0.35985
vt 0.31446 0.36864
vt 0.31097 0.36019
vt 0.31311 0.369
vt 0.31683 0.37748
vt 0.3195 0.38633
vt 0.31558 0.3779
vt 0.31804 0.3868
vt 0.32262 0.39519
vt 0.32596 0.40406
vt 0.32144 0.39579
vt 0.32484 0.40478
vt 0.26161 0.05929
vt 0.26182 0.06864
vt 0.2616 0.04988
vt 0.26029 0.04959
vt 0.26029 0.05915
vt 0.26029 0.0687
vt 0.26243 0.07787
vt 0.2611 0.07792
usemtl mat0
f 1/1/1 2/2/2 3/3/3
f 1/1/1 3/3/3 4/4/4
f 2/2/2 5/5/5 6/6/6
f 2/2/2 6/6/6 3/3/3
f 3/3/3 6/6/6 7/7/7
f 3/3/3 7/7/7 8/8/8
f 4/4/4 3/3/3 8/8/8
f 4/4/4 8/8/8 9/9/9
f 5/5/5 10/10/10 11/11/11
f 5/5/5 11/11/11 6/6/6
f 10/10/10 12/12/12 13/13/13
f 10/10/10 13/13/13 11/11/11
f 11/11/11 13/13/13 14/14/14
f 11/11/11 14/14/14 15/15/15
f 6/6/6 11/11/11 15/15/15
f 6/6/6 15/15/15 7/7/7
f 12/12/12 16/16/16 17/17/17
f 12/12/12 17/17/17 13/13/13
f 16/16/16 18/18/18 19/19/19
f 16/16/16 19/19/19 17/17/17
f 17/17/17 19/19/19 20/20/20
f 17/17/17 20/20/20 21/21/21
f 13/13/13 17/17/17 21/21/21
f 13/13/13 21/21/21 14/14/14
f 18/18/18 22/22/22 23/23/23
f 18/18/18 23/23/23 19/19/19
f 22/22/22 24/24/24 25/25/25
f 22/22/22 25/25/25 23/23/23
f 23/23/23 25/25/25 26/26/26
f 23/23/23 26/26/26 27/27/27
f 19/19/19 23/23/23 27/27/27
f 19/19/19 27/27/27 20/20/20
f 24/24/24 28/28/28 29/29/29
f 24/24/24 29/29/29 25/25/25
f 28/28/28 30/30/30 31/31/31
f 28/28/28 31/31/31 29/29/29
f 29/29/29 31/31/31 32/32/32
f 29/29/29 32/32/32 33/33/33
f 25/25/25 29/29/29 33/33/33
f 25/25/25 33/33/33 26/26/26
f 30/30/30 34/34/34 35/35/35
f 30/30/30 35/35/35 31/31/31
f 34/34/34 36/36/36 37/37/37
f 34/34/34 37/37/37 35/35/35
f 35/35/35 37/37/37 38/38/38
f 35/35/35 38/38/38 39/39/39
f 31/31/31 35/35/35 39/39/39
f 31/31/31 39/39/39 32/32/32
f 36/36/36 40/40/40 41/41/41
f 36/36/36 41/41/41 37/37/37
f 40/40/40 42/42/42 43/43/43
f 40/40/40 43/43/43 41/41/41
f 41/41/41 43/43/43 44/44/44
f 41/41/41 44/44/44 45/45/45
f 37/37/37 41/41/41 45/45/45
f 37/37/37 45/45/45 38/38/38
f 42/42/42 46/46/46 47/47/47
f 42/42/42 47/47/47 43/43/43
f 46/46/46 48/48/48 49/49/49
f 46/46/46 49/49/49 47/47/47
f 47/47/47 49/49/49 50/50/50
f 47/47/47 50/50/50 51/51/51
f 43/43/43 47/47/47 51/51/51
f 43/43/43 51/51/51 44/44/44
f 48/48/48 52/52/52 53/53/53
f 48/48/48 53/53/53 49/49/49
f 52/52/52 54/54/54 55/55/55
f 52/52/52 55/55/55 53/53/53
f 53/53/53 55/55/55 56/56/56
f 53/53/53 56/56/56 57/57/57
f 49/49/49 53/53/53 57/57/57
f 49/49/49 57/57/57 50/50/50
f 54/54/54 58/58/58 59/59/59
f 54/54/54 59/59/59 55/55/55
f 58/58/58 60/60/60 61/61/61
f 58/58/58 61/61/61 59/59/59
f 59/59/59 61/61/61 62/62/62
f 59/59/59 62/62/62 63/63/63
f 55/55/55 59/59/59 63/63/63
f 55/55/55 63/63/63 56/56/56
f 60/60/60 64/64/64 65/65/65
f 60/60/60 65/65/65 61/61/61
f 64/64/64 66/66/66 67/67/67
f 64/64/64 67/67/67 65/65/65
f 65/65/65 67/67/67 68/68/68
f 65/65/65 68/68/68 69/69/69
f 61/61/61 65/65/65 69/69/69
f 61/61/61 69/69/69 62/62/62
f 66/66/66 70/70/70 71/71/71
f 66/66/66 71/71/71 67/67/67
f 70/70/70 72/72/72 73/73/73
f 70/70/70 73/73/73 71/71/71
f 71/71/71 73/73/73 74/74/74
f 71/71/71 74/74/74 75/75/75
f 67/67/67 71/71/71 75/75/75
f 67/67/67 75/75/75 68/68/68
f 72/72/72 76/76/76 77/77/77
f 72/72/72 77/77/77 73/73/73
f 76/76/76 78/78/78 79/79/79
f 76/76/76 79/79/79 77/77/77
f 77/77/77 79/79/79 80/80/80
f 77/77/77 80/80/80 81/81/81
f 73/73/73 77/77/77 81/81/81
f 73/73/73 81/81/81 74/74/74
f 78/78/78 82/82/82 83/83/83
f 78/78/78 83/83/83 79/79/79
f 82/82/82 84/84/84 85/85/85
f 82/82/82 85/85/85 83/83/83
f 83/83/83 85/85/85 86/86/86
f 83/83/83 86/86/86 87/87/87
f 79/79/79 83/83/83 87/87/87
f 79/79/79 87/87/87 80/80/80
f 84/84/84 88/88/88 89/89/89
f 84/84/84 89/89/89 85/85/85
f 88/88/88 90/90/90 91/91/91
f 88/88/88 91/91/91 89/89/89
f 89/89/89 91/91/91 92/92/92
f 89/89/89 92/92/92 93/93/93
f 85/85/85 89/89/89 93/93/93
f 85/85/85 93/93/93 86/86/86
f 90/90/90 94/94/94 95/95/95
f 90/90/90 95/95/95 91/91/91
f 94/94/94 96/96/96 97/97/97
f 94/94/94 97/97/97 95/95/95
f 95/95/95 97/97/97 98/98/98
f 95/95/95 98/98/98 99/99/99
f 91/91/91 95/95/95 99/99/99
f 91/91/91 99/99/99 92/92/92
f 96/96/96 100/100/100 101/101/101
f 96/96/96 101/101/101 97/97/97
f 100/100/100 102/102/102 103/103/103
f 100/100/100 103/103/103 101/101/101
f 101/101/101 103/103/103 104/104/104
f 101/101/101 104/104/104 105/105/105
f 97/97/97 101/101/101 105/105/105
f 97/97/97 105/105/105 98/98/98
f 102/102/102 106/106/106 107/107/107
f 102/102/102 107/107/107 103/103/103
f 106/106/106 108/108/108 109/109/109
f 106/106/106 109/109/109 107/107/107
f 107/107/107 109/109/109 110/110/110
f 107/107/107 110/110/110 111/111/111
f 103/103/103 107/107/107 111/111/111
f 103/103/103 111/111/111 104/104/104
f 108/108/108 112/112/112 113/113/113
f 108/108/108 113/113/113 109/109/109
f 112/112/112 114/114/114 115/115/115
f 112/112/112 115/115/115 113/113/113
f 113/113/113 115/115/115 116/116/116
f 113/113/113 116/116/116 117/117/117
f 109/109/109 113/113/113 117/117/117
f 109/109/109 117/117/117 110/110/110
f 114/114/114 118/118/118 119/119/119
f 114/114/114 119/119/119 115/115/115
f 118/118/118 1/1/1 4/4/4
f 118/118/118 4/4/4 119/119/119
f 119/119/119 4/4/4 9/9/9
f 119/119/119 9/9/9 120/120/120
f 115/115/115 119/119/119 120/120/120
f 115/115/115 120/120/120 116/116/116
f 5/5/5 2/2/2 121/121/121
f 5/5/5 121/121/121 122/122/122
f 1/1/1 123/123/123 121/121/121
f 1/1/1 121/121/121 2/2/2
f 124/124/124 122/122/122 121/121/121
f 124/124/124 121/121/121 123/123/123
f 12/12/12 10/10/10 125/125/125
f 12/12/12 125/125/125 126/126/126
f 5/5/5 122/122/122 125/125/125
f 5/5/5 125/125/125 10/10/10
f 124/124/124 126/126/126 125/125/125
f 124/124/124 125/125/125 122/122/122
f 18/18/18 16/16/16 127/127/127
f 18/18/18 127/127/127 128/128/128
f 12/12/12 126/126/126 127/127/127
f 12/12/12 127/127/127 16/16/16
f 124/124/124 128/128/128 127/127/127
f 124/124/124 127/127/127 126/126/126
f 24/24/24 22/22/22 129/129/129
f 24/24/24 129/129/129 130/130/130
f 18/18/18 128/128/128 129/129/129
f 18/18/18 129/129/129 22/22/22
f 124/124/124 130/130/130 129/129/129
f 124/124/124 129/129/129 128/128/128
f 30/30/30 28/28/28 131/131/131
f 30/30/30 131/131/131 132/132/132
f 24/24/24 130/130/130 131/131/131
f 24/24/24 131/131/131 28/28/28
f 124/124/124 132/132/132 131/131/131
f 124/124/124 131/131/131 130/130/130
f 36/36/36 34/34/34 133/133/133
f 36/36/36 133/133/133 134/134/134
f 30/30/30 132/132/132 133/133/133
f 30/30/30 133/133/133 34/34/34
f 124/124/124 134/134/134 133/133/133
f 124/124/124 133/133/133 132/132/132
f 42/42/42 40/40/40 135/135/135
f 42/42/42 135/135/135 136/136/136
f 36/36/36 134/134/134 135/135/135
f 36/36/36 135/135/135 40/40/40
f 124/124/124 136/136/136 135/135/135
f 124/124/124 135/135/135 134/134/134
f 48/48/48 46/46/46 137/137/137
f 48/48/48 137/137/137 138/138/138
f 42/42/42 136/136/136 137/137/137
f 42/42/42 137/137/137 46/46/46
f 124/124/124 138/138/138 137/137/137
f 124/124/124 137/137/137 136/136/136
f 54/54/54 52/52/52 139/139/139
f 54/54/54 139/139/139 140/140/140
f 48/48/48 138/138/138 139/139/139
f 48/48/48 139/139/139 52/52/52
f 124/124/124 140/140/140 139/139/139
f 124/124/124 139/139/139 138/138/138
f 60/60/60 58/58/58 141/141/141
f 60/60/60 141/141/141 142/142/142
f 54/54/54 140/140/140 141/141/141
f 54/54/54 141/141/141 58/58/58
f 124/124/124 142/142/142 141/141/141
f 124/124/124 141/141/141 140/140/140
f 66/66/66 64/64/64 143/143/143
f 66/66/66 143/143/143 144/144/144
f 60/60/60 142/142/142 143/143/143
f 60/60/60 143/143/143 64/64/64
f 124/124/124 144/144/144 143/143/143
f 124/124/124 143/143/143 142/142/142
f 72/72/72 70/70/70 145/145/145
f 72/72/72 145/145/145 146/146/146
f 66/66/66 144/144/144 145/145/145
f 66/66/66 145/145/145 70/70/70
f 124/124/124 146/146/146 145/145/145
f 124/124/124 145/145/145 144/144/144
f 78/78/78 76/76/76 147/147/147
f 78/78/78 147/147/147 148/148/148
f 72/72/72 146/146/146 147/147/147
f 72/72/72 147/147/147 76/76/76
f 124/124/124 148/148/148 147/147/147
f 124/124/124 147/147/147 146/146/146
f 84/84/84 82/82/82 149/149/149
f 84/84/84 149/149/149 150/150/150
f 78/78/78 148/148/148 149/149/149
f 78/78/78 149/149/149 82/82/82
f 124/124/124 150/150/150 149/149/149
f 124/124/124 149/149/149 148/148/148
f 90/90/90 88/88/88 151/151/151
f 90/90/90 151/151/151 152/152/152
f 84/84/84 150/150/150 151/151/151
f 84/84/84 151/151/151 88/88/88
f 124/124/124 152/152/152 151/151/151
f 124/124/124 151/151/151 150/150/150
f 96/96/96 94/94/94 153/153/153
f 96/96/96 153/153/153 154/154/154
f 90/90/90 152/152/152 153/153/153
f 90/90/90 153/153/153 94/94/94
f 124/124/124 154/154/154 153/153/153
f 124/124/124 153/153/153 152/152/152
f 102/102/102 100/100/100 155/155/155
f 102/102/102 155/155/155 156/156/156
f 96/96/96 154/154/154 155/155/155
f 96/96/96 155/155/155 100/100/100
f 124/124/124 156/156/156 155/155/155
f 124/124/124 155/155/155 154/154/154
f 108/108/108 106/106/106 157/157/157
f 108/108/108 157/157/157 158/158/158
f 102/102/102 156/156/156 157/157/157
f 102/102/102 157/157/157 106/106/106
f 124/124/124 158/158/158 157/157/157
f 124/124/124 157/157/157 156/156/156
f 114/114/114 112/112/112 159/159/159
f 114/114/114 159/159/159 160/160/160
f 108/108/108 158/158/158 159/159/159
f 108/108/108 159/159/159 112/112/112
f 124/124/124 160/160/160 159/159/159
f 124/124/124 159/159/159 158/158/158
f 1/1/1 118/118/118 161/161/161
f 1/1/1 161/161/161 123/123/123
f 114/114/114 160/160/160 161/161/161
f 114/114/114 161/161/161 118/118/118
f 124/124/124 123/123/123 161/161/161
f 124/124/124 161/161/161 160/160/160
f 9/9/9 8/8/8 162/162/162
f 9/9/9 162/162/162 163/163/163
f 8/8/8 7/7/7 164/164/164
f 8/8/8 164/164/164 162/162/162
f 162/162/162 164/164/164 165/165/165
f 162/162/162 165/165/165 166/166/166
f 163/163/163 162/162/162 166/166/166
f 163/163/163 166/166/166 167/167/167
f 7/7/7 15/15/15 168/168/168
f 7/7/7 168/168/168 164/164/164
f 15/15/15 14/14/14 169/169/169
f 15/15/15 169/169/169 168/168/168
f 168/168/168 169/169/169 170/170/170
f 168/168/168 170/170/170 171/171/171
f 164/164/164 168/168/168 171/171/171
f 164/164/164 171/171/171 165/165/165
f 14/14/14 21/21/21 172/172/172
f 14/14/14 172/172/172 169/169/169
f 21/21/21 20/20/20 173/173/173
f 21/21/21 173/173/173 172/172/172
f 172/172/172 173/173/173 174/174/174
f 172/172/172 174/174/174 175/175/175
f 169/169/169 172/172/172 175/175/175
f 169/169/169 175/175/175 170/170/170
f 20/20/20 27/27/27 176/176/176
f 20/20/20 176/176/176 173/173/173
f 27/27/27 26/26/26 177/177/177
f 27/27/27 177/177/177 176/176/176
f 176/176/176 177/177/177 178/178/178
f 176/176/176 178/178/178 179/179/179
f 173/173/173 176/176/176 179/179/179
f 173/173/173 179/179/179 174/174/174
f 26/26/26 33/33/33 180/180/180
f 26/26/26 180/180/180 177/177/177
f 33/33/33 32/32/32 181/181/181
f 33/33/33 181/181/181 180/180/180
f 180/180/180 181/181/181 182/182/182
f 180/180/180 182/182/182 183/183/183
f 177/177/177 180/180/180 183/183/183
f 177/177/177 183/183/183 178/178/178
f 32/32/32 39/39/39 184/184/184
f 32/32/32 184/184/184 181/181/181
f 39/39/39 38/38/38 185/185/185
f 39/39/39 185/185/185 184/184/184
f 184/184/184 185/185/185 186/186/186
f 184/184/184 186/186/186 187/187/187
f 181/181/181 184/184/184 187/187/187
f 181/181/181 187/187/187 182/182/182
f 38/38/38 45/45/45 188/188/188
f 38/38/38 188/188/188 185/185/185
f 45/45/45 44/44/44 189/189/189
f 45/45/45 189/189/189 188/188/188
f 188/188/188 189/189/189 190/190/190
f 188/188/188 190/190/190 191/191/191
f 185/185/185 188/188/188 191/191/191
f 185/185/185 191/191/191 186/186/186
f 44/44/44 51/51/51 192/192/192
f 44/44/44 192/192/192 189/189/189
f 51/51/51 50/50/50 193/193/193
f 51/51/51 193/193/193 192/192/192
f 192/192/192 193/193/193 194/194/194
f 192/192/192 194/194/194 195/195/195
f 189/189/189 192/192/192 195/195/195
f 189/189/189 195/195/195 190/190/190
f 50/50/50 57/57/57 196/196/196
f 50/50/50 196/196/196 193/193/193
f 57/57/57 56/56/56 197/197/197
f 57/57/57 197/197/197 196/196/196
f 196/196/196 197/197/197 198/198/198
f 196/196/196 198/198/198 199/199/199
f 193/193/193 196/196/196 199/199/199
f 193/193/193 199/199/199 194/194/194
f 56/56/56 63/63/63 200/200/200
f 56/56/56 200/200/200 197/197/197
f 63/63/63 62/62/62 201/201/201
f 63/63/63 201/201/201 200/200/200
f 200/200/200 201/201/201 202/202/202
f 200/200/200 202/202/202 203/203/203
f 197/197/197 200/200/200 203/203/203
f 197/197/197 203/203/203 198/198/198
f 62/62/62 69/69/69 204/204/204
f 62/62/62 204/204/204 201/201/201
f 69/69/69 68/68/68 205/205/205
f 69/69/69 205/205/205 204/204/204
f 204/204/204 205/205/205 206/206/206
f 204/204/204 206/206/206 207/207/207
f 201/201/201 204/204/204 207/207/207
f 201/201/201 207/207/207 202/202/202
f 68/68/68 75/75/75 208/208/208
f 68/68/68 208/208/208 205/205/205
f 75/75/75 74/74/74 209/209/209
f 75/75/75 209/209/209 208/208/208
f 208/208/208 209/209/209 210/210/210
f 208/208/208 210/210/210 211/211/211
f 205/205/205 208/208/208 211/211/211
f 205/205/205 211/211/211 206/206/206
f 74/74/74 81/81/81 212/212/212
f 74/74/74 212/212/212 209/209/209
f 81/81/81 80/80/80 213/213/213
f 81/81/81 213/213/213 212/212/212
f 212/212/212 213/213/213 214/214/214
f 212/212/212 214/214/214 215/215/215
f 209/209/209 212/212/212 215/215/215
f 209/209/209 215/215/215 210/210/210
f 80/80/80 87/87/87 216/216/216
f 80/80/80 216/216/216 213/213/213
f 87/87/87 86/86/86 217/217/217
f 87/87/87 217/217/217 216/216/216
f 216/216/216 217/217/217 218/218/218
f 216/216/216 218/218/218 219/219/219
f 213/213/213 216/216/216 219/219/219
f 213/213/213 219/219/219 214/214/214
f 86/86/86 93/93/93 220/220/220
f 86/86/86 220/220/220 217/217/217
f 93/93/93 92/92/92 221/221/221
f 93/93/93 221/221/221 220/220/220
f 220/220/220 221/221/221 222/222/222
f 220/220/220 222/222/222 223/223/223
f 217/217/217 220/220/220 223/223/223
f 217/217/217 223/223/223 218/218/218
f 92/92/92 99/99/99 224/224/224
f 92/92/92 224/224/224 221/221/221
f 99/99/99 98/98/98 225/225/225
f 99/99/99 225/225/225 224/224/224
f 224/224/224 225/225/225 226/226/226
f 224/224/224 226/226/226 227/227/227
f 221/221/221 224/224/224 227/227/227
f 221/221/221 227/227/227 222/222/222
f 98/98/98 105/105/105 228/228/228
f 98/98/98 228/228/228 225/225/225
f 105/105/105 104/104/104 229/229/229
f 105/105/105 229/229/229 228/228/228
f 228/228/228 229/229/229 230/230/230
f 228/228/228 230/230/230 231/231/231
f 225/225/225 228/228/228 231/231/231
f 225/225/225 231/231/231 226/226/226
f 104/104/104 111/111/111 232/232/232
f 104/104/104 232/232/232 229/229/229
f 111/111/111 110/110/110 233/233/233
f 111/111/111 233/233/233 232/232/232
f 232/232/232 233/233/233 234/234/234
f 232/232/232 234/234/234 235/235/235
f 229/229/229 232/232/232 235/235/235
f 229/229/229 235/235/235 230/230/230
f 110/110/110 117/117/117 236/236/236
f 110/110/110 236/236/236 233/233/233
f 117/117/117 116/116/116 237/237/237
f 117/117/117 237/237/237 236/236/236
f 236/236/236 237/237/237 238/238/238
f 236/236/236 238/238/238 239/239/239
f 233/233/233 236/236/236 239/239/239
f 233/233/233 239/239/239 234/234/234
f 116/116/116 120/120/120 240/240/240
f 116/116/116 240/240/240 237/237/237
f 120/120/120 9/9/9 163/163/163
f 120/120/120 163/163/163 240/240/240
f 240/240/240 163/163/163 167/167/167
f 240/240/240 167/167/167 241/241/241
f 237/237/237 240/240/240 241/241/241
f 237/237/237 241/241/241 238/238/238
f 242/242/242 243/243/243 244/244/244
f 242/242/242 244/244/244 245/245/245
f 243/243/243 246/246/246 247/247/247
f 243/243/243 247/247/247 244/244/244
f 244/244/244 247/247/247 248/248/248
f 244/244/244 248/248/248 249/249/249
f 245/245/245 244/244/244 249/249/249
f 245/245/245 249/249/249 250/250/250
f 167/167/167 251/251/251 252/252/252
f 167/167/167 252/252/252 241/241/241
f 251/251/251 253/253/253 254/254/254
f 251/251/251 254/254/254 252/252/252
f 252/252/252 254/254/254 255/255/255
f 252/252/252 255/255/255 256/256/256
f 241/241/241 252/252/252 256/256/256
f 241/241/241 256/256/256 238/238/238
f 253/253/253 257/257/257 258/258/258
f 253/253/253 258/258/258 254/254/254
f 257/257/257 259/259/242 260/260/245
f 257/257/257 260/260/245 258/258/258
f 258/258/258 260/260/245 261/261/250
f 258/258/258 261/261/250 262/262/259
f 254/254/254 258/258/258 262/262/259
f 254/254/254 262/262/259 255/255/255
f 246/246/246 243/243/243 263/263/260
f 246/246/246 263/263/260 264/264/261
f 243/243/243 242/242/242 265/265/262
f 243/243/243 265/265/262 263/263/260
f 263/263/260 265/265/262 266/266/263
f 263/263/260 266/266/263 267/267/264
f 264/264/261 263/263/260 267/267/264
f 264/264/261 267/267/264 268/268/265
f 259/259/242 257/257/257 269/269/266
f 259/259/242 269/269/266 270/270/262
f 257/257/257 253/253/253 271/271/267
f 257/257/257 271/271/267 269/269/266
f 269/269/266 271/271/267 272/272/268
f 269/269/266 272/272/268 273/273/269
f 270/270/262 269/269/266 273/273/269
f 270/270/262 273/273/269 274/274/263
f 253/253/253 251/251/251 275/275/270
f 253/253/253 275/275/270 271/271/267
f 251/251/251 167/167/167 166/166/166
f 251/251/251 166/166/166 275/275/270
f 275/275/270 166/166/166 165/165/165
f 275/275/270 165/165/165 276/276/271
f 271/271/267 275/275/270 276/276/271
f 271/271/267 276/276/271 272/272/268
f 268/268/265 267/267/264 277/277/272
f 268/268/265 277/277/272 278/278/273
f 267/267/264 266/266/263 279/279/274
f 267/267/264 279/279/274 277/277/272
f 277/277/272 279/279/274 280/280/275
f 277/277/272 280/280/275 281/281/276
f 278/278/273 277/277/272 281/281/276
f 278/278/273 281/281/276 282/282/277
f 274/274/263 273/273/269 283/283/278
f 274/274/263 283/283/278 284/284/274
f 273/273/269 272/272/268 285/285/279
f 273/273/269 285/285/279 283/283/278
f 283/283/278 285/285/279 286/286/280
f 283/283/278 286/286/280 287/287/281
f 284/284/274 283/283/278 287/287/281
f 284/284/274 287/287/281 288/288/275
f 272/272/268 276/276/271 289/289/282
f 272/272/268 289/289/282 285/285/279
f 276/276/271 165/165/165 171/171/171
f 276/276/271 171/171/171 289/289/282
f 289/289/282 171/171/171 170/170/170
f 289/289/282 170/170/170 290/290/283
f 285/285/279 289/289/282 290/290/283
f 285/285/279 290/290/283 286/286/280
f 282/282/277 281/281/276 291/291/284
f 282/282/277 291/291/284 292/292/285
f 281/281/276 280/280/275 293/293/286
f 281/281/276 293/293/286 291/291/284
f 291/291/284 293/293/286 294/294/287
f 291/291/284 294/294/287 295/295/288
f 292/292/285 291/291/284 295/295/288
f 292/292/285 295/295/288 296/296/289
f 288/288/275 287/287/281 297/297/290
f 288/288/275 297/297/290 298/298/286
f 287/287/281 286/286/280 299/299/291
f 287/287/281 299/299/291 297/297/290
f 297/297/290 299/299/291 300/300/292
f 297/297/290 300/300/292 301/301/293
f 298/298/286 297/297/290 301/301/293
f 298/298/286 301/301/293 302/302/287
f 286/286/280 290/290/283 303/303/294
f 286/286/280 303/303/294 299/299/291
f 290/290/283 170/170/170 175/175/175
f 290/290/283 175/175/175 303/303/294
f 303/303/294 175/175/175 174/174/174
f 303/303/294 174/174/174 304/304/295
f 299/299/291 303/303/294 304/304/295
f 299/299/291 304/304/295 300/300/292
f 296/296/289 295/295/288 305/305/296
f 296/296/289 305/305/296 306/306/297
f 295/295/288 294/294/287 307/307/298
f 295/295/288 307/307/298 305/305/296
f 305/305/296 307/307/298 308/308/299
f 305/305/296 308/308/299 309/309/300
f 306/306/297 305/305/296 309/309/300
f 306/306/297 309/309/300 310/310/301
f 302/302/287 301/301/293 311/311/302
f 302/302/287 311/311/302 312/312/298
f 301/301/293 300/300/292 313/313/303
f 301/301/293 313/313/303 311/311/302
f 311/311/302 313/313/303 314/314/304
f 311/311/302 314/314/304 315/315/305
f 312/312/298 311/311/302 315/315/305
f 312/312/298 315/315/305 316/316/299
f 300/300/292 304/304/295 317/317/306
f 300/300/292 317/317/306 313/313/303
f 304/304/295 174/174/174 179/179/179
f 304/304/295 179/179/179 317/317/306
f 317/317/306 179/179/179 178/178/178
f 317/317/306 178/178/178 318/318/307
f 313/313/303 317/317/306 318/318/307
f 313/313/303 318/318/307 314/314/304
f 310/310/301 309/309/300 319/319/308
f 310/310/301 319/319/308 320/320/309
f 309/309/300 308/308/299 321/321/310
f 309/309/300 321/321/310 319/319/308
f 319/319/308 321/321/310 322/322/311
f 319/319/308 322/322/311 323/323/312
f 320/320/309 319/319/308 323/323/312
f 320/320/309 323/323/312 324/324/313
f 316/316/299 315/315/305 325/325/314
f 316/316/299 325/325/314 326/326/310
f 315/315/305 314/314/304 327/327/315
f 315/315/305 327/327/315 325/325/314
f 325/325/314 327/327/315 328/328/316
f 325/325/314 328/328/316 329/329/317
f 326/326/310 325/325/314 329/329/317
f 326/326/310 329/329/317 330/330/311
f 314/314/304 318/318/307 331/331/318
f 314/314/304 331/331/318 327/327/315
f 318/318/307 178/178/178 183/183/183
f 318/318/307 183/183/183 331/331/318
f 331/331/318 183/183/183 182/182/182
f 331/331/318 182/182/182 332/332/319
f 327/327/315 331/331/318 332/332/319
f 327/327/315 332/332/319 328/328/316
f 324/324/313 323/323/312 333/333/320
f 324/324/313 333/333/320 334/334/321
f 323/323/312 322/322/311 335/335/322
f 323/323/312 335/335/322 333/333/320
f 333/333/320 335/335/322 336/336/323
f 333/333/320 336/336/323 337/337/324
f 334/334/321 333/333/320 337/337/324
f 334/334/321 337/337/324 338/338/325
f 330/330/311 329/329/317 339/339/326
f 330/330/311 339/339/326 340/340/322
f 329/329/317 328/328/316 341/341/327
f 329/329/317 341/341/327 339/339/326
f 339/339/326 341/341/327 342/342/328
f 339/339/326 342/342/328 343/343/329
f 340/340/322 339/339/326 343/343/329
f 340/340/322 343/343/329 344/344/323
f 328/328/316 332/332/319 345/345/330
f 328/328/316 345/345/330 341/341/327
f 332/332/319 182/182/182 187/187/187
f 332/332/319 187/187/187 345/345/330
f 345/345/330 187/187/187 186/186/186
f 345/345/330 186/186/186 346/346/331
f 341/341/327 345/345/330 346/346/331
f 341/341/327 346/346/331 342/342/328
f 338/338/325 337/337/324 347/347/332
f 338/338/325 347/347/332 348/348/333
f 337/337/324 336/336/323 349/349/334
f 337/337/324 349/349/334 347/347/332
f 347/347/332 349/349/334 350/350/335
f 347/347/332 350/350/335 351/351/336
f 348/348/333 347/347/332 351/351/336
f 348/348/333 351/351/336 352/352/337
f 344/344/323 343/343/329 353/353/338
f 344/344/323 353/353/338 354/354/334
f 343/343/329 342/342/328 355/355/339
f 343/343/329 355/355/339 353/353/338
f 353/353/338 355/355/339 356/356/340
f 353/353/338 356/356/340 357/357/341
f 354/354/334 353/353/338 357/357/341
f 354/354/334 357/357/341 358/358/335
f 342/342/328 346/346/331 359/359/342
f 342/342/328 359/359/342 355/355/339
f 346/346/331 186/186/186 191/191/191
f 346/346/331 191/191/191 359/359/342
f 359/359/342 191/191/191 190/190/190
f 359/359/342 190/190/190 360/360/343
f 355/355/339 359/359/342 360/360/343
f 355/355/339 360/360/343 356/356/340
f 352/352/337 351/351/336 361/361/344
f 352/352/337 361/361/344 362/362/345
f 351/351/336 350/350/335 363/363/346
f 351/351/336 363/363/346 361/361/344
f 361/361/344 363/363/346 364/364/347
f 361/361/344 364/364/347 365/365/348
f 362/362/345 361/361/344 365/365/348
f 362/362/345 365/365/348 366/366/349
f 358/358/335 357/357/341 367/367/350
f 358/358/335 367/367/350 368/368/346
f 357/357/341 356/356/340 369/369/351
f 357/357/341 369/369/351 367/367/350
f 367/367/350 369/369/351 370/370/352
f 367/367/350 370/370/352 371/371/353
f 368/368/346 367/367/350 371/371/353
f 368/368/346 371/371/353 372/372/347
f 356/356/340 360/360/343 373/373/354
f 356/356/340 373/373/354 369/369/351
f 360/360/343 190/190/190 195/195/195
f 360/360/343 195/195/195 373/373/354
f 373/373/354 195/195/195 194/194/194
f 373/373/354 194/194/194 374/374/355
f 369/369/351 373/373/354 374/374/355
f 369/369/351 374/374/355 370/370/352
f 366/366/349 365/365/348 375/375/356
f 366/366/349 375/375/356 376/376/357
f 365/365/348 364/364/347 377/377/358
f 365/365/348 377/377/358 375/375/356
f 375/375/356 377/377/358 378/378/359
f 375/375/356 378/378/359 379/379/360
f 376/376/357 375/375/356 379/379/360
f 376/376/357 379/379/360 380/380/361
f 372/372/347 371/371/353 381/381/362
f 372/372/347 381/381/362 382/382/358
f 371/371/353 370/370/352 383/383/363
f 371/371/353 383/383/363 381/381/362
f 381/381/362 383/383/363 384/384/364
f 381/381/362 384/384/364 385/385/365
f 382/382/358 381/381/362 385/385/365
f 382/382/358 385/385/365 386/386/359
f 370/370/352 374/374/355 387/387/366
f 370/370/352 387/387/366 383/383/363
f 374/374/355 194/194/194 199/199/199
f 374/374/355 199/199/199 387/387/366
f 387/387/366 199/199/199 198/198/198
f 387/387/366 198/198/198 388/388/367
f 383/383/363 387/387/366 388/388/367
f 383/383/363 388/388/367 384/384/364
f 380/380/361 379/379/360 389/389/368
f 380/380/361 389/389/368 390/390/369
f 379/379/360 378/378/359 391/391/370
f 379/379/360 391/391/370 389/389/368
f 389/389/368 391/391/370 392/392/371
f 389/389/368 392/392/371 393/393/372
f 390/390/369 389/389/368 393/393/372
f 390/390/369 393/393/372 394/394/373
f 386/386/359 385/385/365 395/395/374
f 386/386/359 395/395/374 396/396/370
f 385/385/365 384/384/364 397/397/375
f 385/385/365 397/397/375 395/395/374
f 395/395/374 397/397/375 398/398/376
f 395/395/374 398/398/376 399/399/377
f 396/396/370 395/395/374 399/399/377
f 396/396/370 399/399/377 400/400/371
f 384/384/364 388/388/367 401/401/378
f 384/384/364 401/401/378 397/397/375
f 388/388/367 198/198/198 203/203/203
f 388/388/367 203/203/203 401/401/378
f 401/401/378 203/203/203 202/202/202
f 401/401/378 202/202/202 402/402/379
f 397/397/375 401/401/378 402/402/379
f 397/397/375 402/402/379 398/398/376
f 394/394/373 393/393/372 403/403/380
f 394/394/373 403/403/380 404/404/381
f 393/393/372 392/392/371 405/405/382
f 393/393/372 405/405/382 403/403/380
f 403/403/380 405/405/382 406/406/383
f 403/403/380 406/406/383 407/407/384
f 404/404/381 403/403/380 407/407/384
f 404/404/381 407/407/384 408/408/385
f 400/400/371 399/399/377 409/409/386
f 400/400/371 409/409/386 410/410/382
f 399/399/377 398/398/376 411/411/387
f 399/399/377 411/411/387 409/409/386
f 409/409/386 411/411/387 412/412/388
f 409/409/386 412/412/388 413/413/389
f 410/410/382 409/409/386 413/413/389
f 410/410/382 413/413/389 414/414/383
f 398/398/376 402/402/379 415/415/390
f 398/398/376 415/415/390 411/411/387
f 402/402/379 202/202/202 207/207/207
f 402/402/379 207/207/207 415/415/390
f 415/415/390 207/207/207 206/206/206
f 415/415/390 206/206/206 416/416/391
f 411/411/387 415/415/390 416/416/391
f 411/411/387 416/416/391 412/412/388
f 408/408/385 407/407/384 417/417/392
f 408/408/385 417/417/392 418/418/393
f 407/407/384 406/406/383 419/419/394
f 407/407/384 419/419/394 417/417/392
f 417/417/392 419/419/394 420/420/395
f 417/417/392 420/420/395 421/421/396
f 418/418/393 417/417/392 421/421/396
f 418/418/393 421/421/396 422/422/397
f 414/414/383 413/413/389 423/423/398
f 414/414/383 423/423/398 424/424/394
f 413/413/389 412/412/388 425/425/399
f 413/413/389 425/425/399 423/423/398
f 423/423/398 425/425/399 426/426/400
f 423/423/398 426/426/400 427/427/401
f 424/424/394 423/423/398 427/427/401
f 424/424/394 427/427/401 428/428/395
f 412/412/388 416/416/391 429/429/402
f 412/412/388 429/429/402 425/425/399
f 416/416/391 206/206/206 211/211/211
f 416/416/391 211/211/211 429/429/402
f 429/429/402 211/211/211 210/210/210
f 429/429/402 210/210/210 430/430/403
f 425/425/399 429/429/402 430/430/403
f 425/425/399 430/430/403 426/426/400
f 422/422/397 421/421/396 431/431/404
f 422/422/397 431/431/404 432/432/405
f 421/421/396 420/420/395 433/433/406
f 421/421/396 433/433/406 431/431/404
f 431/431/404 433/433/406 434/434/407
f 431/431/404 434/434/407 435/435/408
f 432/432/405 431/431/404 435/435/408
f 432/432/405 435/435/408 436/436/409
f 428/428/395 427/427/401 437/437/410
f 428/428/395 437/437/410 438/438/406
f 427/427/401 426/426/400 439/439/411
f 427/427/401 439/439/411 437/437/410
f 437/437/410 439/439/411 440/440/412
f 437/437/410 440/440/412 441/441/413
f 438/438/406 437/437/410 441/441/413
f 438/438/406 441/441/413 442/442/407
f 426/426/400 430/430/403 443/443/414
f 426/426/400 443/443/414 439/439/411
f 430/430/403 210/210/210 215/215/215
f 430/430/403 215/215/215 443/443/414
f 443/443/414 215/215/215 214/214/214
f 443/443/414 214/214/214 444/444/415
f 439/439/411 443/443/414 444/444/415
f 439/439/411 444/444/415 440/440/412
f 436/436/409 435/435/408 445/445/416
f 436/436/409 445/445/416 446/446/417
f 435/435/408 434/434/407 447/447/418
f 435/435/408 447/447/418 445/445/416
f 445/445/416 447/447/418 448/448/419
f 445/445/416 448/448/419 449/449/420
f 446/446/417 445/445/416 449/449/420
f 446/446/417 449/449/420 450/450/421
f 442/442/407 441/441/413 451/451/422
f 442/442/407 451/451/422 452/452/418
f 441/441/413 440/440/412 453/453/423
f 441/441/413 453/453/423 451/451/422
f 451/451/422 453/453/423 454/454/424
f 451/451/422 454/454/424 455/455/425
f 452/452/418 451/451/422 455/455/425
f 452/452/418 455/455/425 456/456/419
f 440/440/412 444/444/415 457/457/426
f 440/440/412 457/457/426 453/453/423
f 444/444/415 214/214/214 219/219/219
f 444/444/415 219/219/219 457/457/426
f 457/457/426 219/219/219 218/218/218
f 457/457/426 218/218/218 458/458/427
f 453/453/423 457/457/426 458/458/427
f 453/453/423 458/458/427 454/454/424
f 450/450/421 449/449/420 459/459/428
f 450/450/421 459/459/428 460/460/429
f 449/449/420 448/448/419 461/461/430
f 449/449/420 461/461/430 459/459/428
f 459/459/428 461/461/430 462/462/431
f 459/459/428 462/462/431 463/463/432
f 460/460/429 459/459/428 463/463/432
f 460/460/429 463/463/432 464/464/433
f 456/456/419 455/455/425 465/465/434
f 456/456/419 465/465/434 466/466/430
f 455/455/425 454/454/424 467/467/435
f 455/455/425 467/467/435 465/465/434
f 465/465/434 467/467/435 468/468/436
f 465/465/434 468/468/436 469/469/437
f 466/466/430 465/465/434 469/469/437
f 466/466/430 469/469/437 470/470/431
f 454/454/424 458/458/427 471/471/438
f 454/454/424 471/471/438 467/467/435
f 458/458/427 218/218/218 223/223/223
f 458/458/427 223/223/223 471/471/438
f 471/471/438 223/223/223 222/222/222
f 471/471/438 222/222/222 472/472/439
f 467/467/435 471/471/438 472/472/439
f 467/467/435 472/472/439 468/468/436
f 464/464/433 463/463/432 473/473/440
f 464/464/433 473/473/440 474/474/441
f 463/463/432 462/462/431 475/475/442
f 463/463/432 475/475/442 473/473/440
f 473/473/440 475/475/442 476/476/443
f 473/473/440 476/476/443 477/477/444
f 474/474/441 473/473/440 477/477/444
f 474/474/441 477/477/444 478/478/445
f 470/470/431 469/469/437 479/479/446
f 470/470/431 479/479/446 480/480/442
f 469/469/437 468/468/436 481/481/447
f 469/469/437 481/481/447 479/479/446
f 479/479/446 481/481/447 482/482/448
f 479/479/446 482/482/448 483/483/449
f 480/480/442 479/479/446 483/483/449
f 480/480/442 483/483/449 484/484/443
f 468/468/436 472/472/439 485/485/450
f 468/468/436 485/485/450 481/481/447
f 472/472/439 222/222/222 227/227/227
f 472/472/439 227/227/227 485/485/450
f 485/485/450 227/227/227 226/226/226
f 485/485/450 226/226/226 486/486/451
f 481/481/447 485/485/450 486/486/451
f 481/481/447 486/486/451 482/482/448
f 478/478/445 477/477/444 487/487/452
f 478/478/445 487/487/452 488/488/453
f 477/477/444 476/476/443 489/489/454
f 477/477/444 489/489/454 487/487/452
f 487/487/452 489/489/454 490/490/455
f 487/487/452 490/490/455 491/491/456
f 488/488/453 487/487/452 491/491/456
f 488/488/453 491/491/456 492/492/457
f 484/484/443 483/483/449 493/493/458
f 484/484/443 493/493/458 494/494/454
f 483/483/449 482/482/448 495/495/459
f 483/483/449 495/495/459 493/493/458
f 493/493/458 495/495/459 496/496/460
f 493/493/458 496/496/460 497/497/461
f 494/494/454 493/493/458 497/497/461
f 494/494/454 497/497/461 498/498/455
f 482/482/448 486/486/451 499/499/462
f 482/482/448 499/499/462 495/495/459
f 486/486/451 226/226/226 231/231/231
f 486/486/451 231/231/231 499/499/462
f 499/499/462 231/231/231 230/230/230
f 499/499/462 230/230/230 500/500/463
f 495/495/459 499/499/462 500/500/463
f 495/495/459 500/500/463 496/496/460
f 492/492/457 491/491/456 501/501/464
f 492/492/457 501/501/464 502/502/465
f 491/491/456 490/490/455 503/503/466
f 491/491/456 503/503/466 501/501/464
f 501/501/464 503/503/466 504/504/467
f 501/501/464 504/504/467 505/505/468
f 502/502/465 501/501/464 505/505/468
f 502/502/465 505/505/468 506/506/469
f 498/498/455 497/497/461 507/507/470
f 498/498/455 507/507/470 508/508/466
f 497/497/461 496/496/460 509/509/471
f 497/497/461 509/509/471 507/507/470
f 507/507/470 509/509/471 510/510/472
f 507/507/470 510/510/472 511/511/473
f 508/508/466 507/507/470 511/511/473
f 508/508/466 511/511/473 512/512/467
f 496/496/460 500/500/463 513/513/474
f 496/496/460 513/513/474 509/509/471
f 500/500/463 230/230/230 235/235/235
f 500/500/463 235/235/235 513/513/474
f 513/513/474 235/235/235 234/234/234
f 513/513/474 234/234/234 514/514/475
f 509/509/471 513/513/474 514/514/475
f 509/509/471 514/514/475 510/510/472
f 515/515/469 516/516/468 517/517/476
f 515/515/469 517/517/476 518/518/477
f 516/516/468 519/519/467 520/520/478
f 516/516/468 520/520/478 517/517/476
f 517/517/476 520/520/478 250/250/250
f 517/517/476 250/250/250 249/249/249
f 518/518/477 517/517/476 249/249/249
f 518/518/477 249/249/249 248/248/248
f 512/512/467 511/511/473 521/521/479
f 512/512/467 521/521/479 522/522/478
f 511/511/473 510/510/472 523/523/480
f 511/511/473 523/523/480 521/521/479
f 521/521/479 523/523/480 255/255/255
f 521/521/479 255/255/255 262/262/259
f 522/522/478 521/521/479 262/262/259
f 522/522/478 262/262/259 261/261/250
f 510/510/472 514/514/475 524/524/481
f 510/510/472 524/524/481 523/523/480
f 514/514/475 234/234/234 239/239/239
f 514/514/475 239/239/239 524/524/481
f 524/524/481 239/239/239 238/238/238
f 524/524/481 238/238/238 256/256/256
f 523/523/480 524/524/481 256/256/256
f 523/523/480 256/256/256 255/255/255
f 246/246/246 264/264/261 525/525/482
f 246/246/246 525/525/482 526/526/483
f 264/264/261 268/268/265 527/527/484
f 264/264/261 527/527/484 525/525/482
f 525/525/482 527/527/484 528/528/485
f 525/525/482 528/528/485 529/529/486
f 526/526/483 525/525/482 529/529/486
f 526/526/483 529/529/486 530/530/487
f 268/268/265 278/278/273 531/531/488
f 268/268/265 531/531/488 527/527/484
f 278/278/273 282/282/277 532/532/489
f 278/278/273 532/532/489 531/531/488
f 531/531/488 532/532/489 533/533/490
f 531/531/488 533/533/490 534/534/491
f 527/527/484 531/531/488 534/534/491
f 527/527/484 534/534/491 528/528/485
f 282/282/277 292/292/285 535/535/492
f 282/282/277 535/535/492 532/532/489
f 292/292/285 296/296/289 536/536/493
f 292/292/285 536/536/493 535/535/492
f 535/535/492 536/536/493 537/537/494
f 535/535/492 537/537/494 538/538/495
f 532/532/489 535/535/492 538/538/495
f 532/532/489 538/538/495 533/533/490
f 296/296/289 306/306/297 539/539/496
f 296/296/289 539/539/496 536/536/493
f 306/306/297 310/310/301 540/540/497
f 306/306/297 540/540/497 539/539/496
f 539/539/496 540/540/497 541/541/498
f 539/539/496 541/541/498 542/542/499
f 536/536/493 539/539/496 542/542/499
f 536/536/493 542/542/499 537/537/494
f 310/310/301 320/320/309 543/543/500
f 310/310/301 543/543/500 540/540/497
f 320/320/309 324/324/313 544/544/501
f 320/320/309 544/544/501 543/543/500
f 543/543/500 544/544/501 545/545/502
f 543/543/500 545/545/502 546/546/503
f 540/540/497 543/543/500 546/546/503
f 540/540/497 546/546/503 541/541/498
f 324/324/313 334/334/321 547/547/504
f 324/324/313 547/547/504 544/544/501
f 334/334/321 338/338/325 548/548/505
f 334/334/321 548/548/505 547/547/504
f 547/547/504 548/548/505 549/549/506
f 547/547/504 549/549/506 550/550/507
f 544/544/501 547/547/504 550/550/507
f 544/544/501 550/550/507 545/545/502
f 338/338/325 348/348/333 551/551/508
f 338/338/325 551/551/508 548/548/505
f 348/348/333 352/352/337 552/552/509
f 348/348/333 552/552/509 551/551/508
f 551/551/508 552/552/509 553/553/510
f 551/551/508 553/553/510 554/554/511
f 548/548/505 551/551/508 554/554/511
f 548/548/505 554/554/511 549/549/506
f 352/352/337 362/362/345 555/555/512
f 352/352/337 555/555/512 552/552/509
f 362/362/345 366/366/349 556/556/513
f 362/362/345 556/556/513 555/555/512
f 555/555/512 556/556/513 557/557/514
f 555/555/512 557/557/514 558/558/515
f 552/552/509 555/555/512 558/558/515
f 552/552/509 558/558/515 553/553/510
f 366/366/349 376/376/357 559/559/516
f 366/366/349 559/559/516 556/556/513
f 376/376/357 380/380/361 560/560/517
f 376/376/357 560/560/517 559/559/516
f 559/559/516 560/560/517 561/561/518
f 559/559/516 561/561/518 562/562/519
f 556/556/513 559/559/516 562/562/519
f 556/556/513 562/562/519 557/557/514
f 380/380/361 390/390/369 563/563/520
f 380/380/361 563/563/520 560/560/517
f 390/390/369 394/394/373 564/564/521
f 390/390/369 564/564/521 563/563/520
f 563/563/520 564/564/521 565/565/522
f 563/563/520 565/565/522 566/566/523
f 560/560/517 563/563/520 566/566/523
f 560/560/517 566/566/523 561/561/518
f 394/394/373 404/404/381 567/567/524
f 394/394/373 567/567/524 564/564/521
f 404/404/381 408/408/385 568/568/525
f 404/404/381 568/568/525 567/567/524
f 567/567/524 568/568/525 569/569/526
f 567/567/524 569/569/526 570/570/527
f 564/564/521 567/567/524 570/570/527
f 564/564/521 570/570/527 565/565/522
f 408/408/385 418/418/393 571/571/528
f 408/408/385 571/571/528 568/568/525
f 418/418/393 422/422/397 572/572/529
f 418/418/393 572/572/529 571/571/528
f 571/571/528 572/572/529 573/573/530
f 571/571/528 573/573/530 574/574/531
f 568/568/525 571/571/528 574/574/531
f 568/568/525 574/574/531 569/569/526
f 422/422/397 432/432/405 575/575/532
f 422/422/397 575/575/532 572/572/529
f 432/432/405 436/436/409 576/576/533
f 432/432/405 576/576/533 575/575/532
f 575/575/532 576/576/533 577/577/534
f 575/575/532 577/577/534 578/578/535
f 572/572/529 575/575/532 578/578/535
f 572/572/529 578/578/535 573/573/530
f 436/436/409 446/446/417 579/579/536
f 436/436/409 579/579/536 576/576/533
f 446/446/417 450/450/421 580/580/537
f 446/446/417 580/580/537 579/579/536
f 579/579/536 580/580/537 581/581/538
f 579/579/536 581/581/538 582/582/539
f 576/576/533 579/579/536 582/582/539
f 576/576/533 582/582/539 577/577/534
f 450/450/421 460/460/429 583/583/540
f 450/450/421 583/583/540 580/580/537
f 460/460/429 464/464/433 584/584/541
f 460/460/429 584/584/541 583/583/540
f 583/583/540 584/584/541 585/585/542
f 583/583/540 585/585/542 586/586/543
f 580/580/537 583/583/540 586/586/543
f 580/580/537 586/586/543 581/581/538
f 464/464/433 474/474/441 587/587/544
f 464/464/433 587/587/544 584/584/541
f 474/474/441 478/478/445 588/588/545
f 474/474/441 588/588/545 587/587/544
f 587/587/544 588/588/545 589/589/546
f 587/587/544 589/589/546 590/590/547
f 584/584/541 587/587/544 590/590/547
f 584/584/541 590/590/547 585/585/542
f 478/478/445 488/488/453 591/591/548
f 478/478/445 591/591/548 588/588/545
f 488/488/453 492/492/457 592/592/549
f 488/488/453 592/592/549 591/591/548
f 591/591/548 592/592/549 593/593/550
f 591/591/548 593/593/550 594/594/551
f 588/588/545 591/591/548 594/594/551
f 588/588/545 594/594/551 589/589/546
f 492/492/457 502/502/465 595/595/552
f 492/492/457 595/595/552 592/592/549
f 502/502/465 506/506/469 596/596/553
f 502/502/465 596/596/553 595/595/552
f 595/595/552 596/596/553 597/597/554
f 595/595/552 597/597/554 598/598/555
f 592/592/549 595/595/552 598/598/555
f 592/592/549 598/598/555 593/593/550
f 515/515/469 518/518/477 599/599/556
f 515/515/469 599/599/556 600/600/553
f 518/518/477 248/248/248 601/601/557
f 518/518/477 601/601/557 599/599/556
f 599/599/556 601/601/557 602/602/558
f 599/599/556 602/602/558 603/603/559
f 600/600/553 599/599/556 603/603/559
f 600/600/553 603/603/559 604/604/554
f 248/248/248 247/247/247 605/605/560
f 248/248/248 605/605/560 601/601/557
f 247/247/247 246/246/246 526/526/483
f 247/247/247 526/526/483 605/605/560
f 605/605/560 526/526/483 530/530/487
f 605/605/560 530/530/487 606/606/561
f 601/601/557 605/605/560 606/606/561
f 601/601/557 606/606/561 602/602/558
f 607/607/562 608/608/563 609/609/564
f 607/607/562 609/609/564 610/610/565
f 608/608/563 611/611/566 612/612/567
f 608/608/563 612/612/567 609/609/564
f 609/609/564 612/612/567 613/613/568
f 609/609/564 613/613/568 614/614/569
f 610/610/565 609/609/564 614/614/569
f 610/610/565 614/614/569 615/615/570
f 528/528/485 616/616/571 617/617/572
f 528/528/485 617/617/572 529/529/486
f 616/616/571 618/618/573 619/619/574
f 616/616/571 619/619/574 617/617/572
f 617/617/572 619/619/574 620/620/575
f 617/617/572 620/620/575 621/621/576
f 529/529/486 617/617/572 621/621/576
f 529/529/486 621/621/576 530/530/487
f 618/618/573 622/622/577 623/623/578
f 618/618/573 623/623/578 619/619/574
f 622/622/577 624/624/562 625/625/565
f 622/622/577 625/625/565 623/623/578
f 623/623/578 625/625/565 626/626/570
f 623/623/578 626/626/570 627/627/579
f 619/619/574 623/623/578 627/627/579
f 619/619/574 627/627/579 620/620/575
f 615/615/570 614/614/569 628/628/580
f 615/615/570 628/628/580 629/629/581
f 614/614/569 613/613/568 630/630/582
f 614/614/569 630/630/582 628/628/580
f 628/628/580 630/630/582 631/631/583
f 628/628/580 631/631/583 632/632/584
f 629/629/581 628/628/580 632/632/584
f 629/629/581 632/632/584 633/633/585
f 530/530/487 621/621/576 634/634/586
f 530/530/487 634/634/586 606/606/561
f 621/621/576 620/620/575 635/635/587
f 621/621/576 635/635/587 634/634/586
f 634/634/586 635/635/587 636/636/588
f 634/634/586 636/636/588 637/637/589
f 606/606/561 634/634/586 637/637/589
f 606/606/561 637/637/589 602/602/558
f 620/620/575 627/627/579 638/638/590
f 620/620/575 638/638/590 635/635/587
f 627/627/579 626/626/570 639/639/581
f 627/627/579 639/639/581 638/638/590
f 638/638/590 639/639/581 640/640/585
f 638/638/590 640/640/585 641/641/591
f 635/635/587 638/638/590 641/641/591
f 635/635/587 641/641/591 636/636/588
f 642/642/592 643/643/593 644/644/594
f 642/642/592 644/644/594 645/645/595
f 643/643/593 611/611/566 608/608/563
f 643/643/593 608/608/563 644/644/594
f 644/644/594 608/608/563 607/607/562
f 644/644/594 607/607/562 646/646/596
f 645/645/595 644/644/594 646/646/596
f 645/645/595 646/646/596 647/647/597
f 624/624/562 622/622/577 648/648/598
f 624/624/562 648/648/598 649/649/596
f 622/622/577 618/618/573 650/650/599
f 622/622/577 650/650/599 648/648/598
f 648/648/598 650/650/599 651/651/600
f 648/648/598 651/651/600 652/652/601
f 649/649/596 648/648/598 652/652/601
f 649/649/596 652/652/601 653/653/597
f 618/618/573 616/616/571 654/654/602
f 618/618/573 654/654/602 650/650/599
f 616/616/571 528/528/485 534/534/491
f 616/616/571 534/534/491 654/654/602
f 654/654/602 534/534/491 533/533/490
f 654/654/602 533/533/490 655/655/603
f 650/650/599 654/654/602 655/655/603
f 650/650/599 655/655/603 651/651/600
f 656/656/604 657/657/605 658/658/606
f 656/656/604 658/658/606 659/659/607
f 657/657/605 642/642/592 645/645/595
f 657/657/605 645/645/595 658/658/606
f 658/658/606 645/645/595 647/647/597
f 658/658/606 647/647/597 660/660/608
f 659/659/607 658/658/606 660/660/608
f 659/659/607 660/660/608 661/661/609
f 653/653/597 652/652/601 662/662/610
f 653/653/597 662/662/610 663/663/608
f 652/652/601 651/651/600 664/664/611
f 652/652/601 664/664/611 662/662/610
f 662/662/610 664/664/611 665/665/612
f 662/662/610 665/665/612 666/666/613
f 663/663/608 662/662/610 666/666/613
f 663/663/608 666/666/613 667/667/609
f 651/651/600 655/655/603 668/668/614
f 651/651/600 668/668/614 664/664/611
f 655/655/603 533/533/490 538/538/495
f 655/655/603 538/538/495 668/668/614
f 668/668/614 538/538/495 537/537/494
f 668/668/614 537/537/494 669/669/615
f 664/664/611 668/668/614 669/669/615
f 664/664/611 669/669/615 665/665/612
f 670/670/616 671/671/617 672/672/618
f 670/670/616 672/672/618 673/673/619
f 671/671/617 656/656/604 659/659/607
f 671/671/617 659/659/607 672/672/618
f 672/672/618 659/659/607 661/661/609
f 672/672/618 661/661/609 674/674/620
f 673/673/619 672/672/618 674/674/620
f 673/673/619 674/674/620 675/675/621
f 667/667/609 666/666/613 676/676/622
f 667/667/609 676/676/622 677/677/620
f 666/666/613 665/665/612 678/678/623
f 666/666/613 678/678/623 676/676/622
f 676/676/622 678/678/623 679/679/624
f 676/676/622 679/679/624 680/680/625
f 677/677/620 676/676/622 680/680/625
f 677/677/620 680/680/625 681/681/621
f 665/665/612 669/669/615 682/682/626
f 665/665/612 682/682/626 678/678/623
f 669/669/615 537/537/494 542/542/499
f 669/669/615 542/542/499 682/682/626
f 682/682/626 542/542/499 541/541/498
f 682/682/626 541/541/498 683/683/627
f 678/678/623 682/682/626 683/683/627
f 678/678/623 683/683/627 679/679/624
f 684/684/628 685/685/629 686/686/630
f 684/684/628 686/686/630 687/687/631
f 685/685/629 670/670/616 673/673/619
f 685/685/629 673/673/619 686/686/630
f 686/686/630 673/673/619 675/675/621
f 686/686/630 675/675/621 688/688/632
f 687/687/631 686/686/630 688/688/632
f 687/687/631 688/688/632 689/689/633
f 681/681/621 680/680/625 690/690/634
f 681/681/621 690/690/634 691/691/632
f 680/680/625 679/679/624 692/692/635
f 680/680/625 692/692/635 690/690/634
f 690/690/634 692/692/635 693/693/636
f 690/690/634 693/693/636 694/694/637
f 691/691/632 690/690/634 694/694/637
f 691/691/632 694/694/637 695/695/633
f 679/679/624 683/683/627 696/696/638
f 679/679/624 696/696/638 692/692/635
f 683/683/627 541/541/498 546/546/503
f 683/683/627 546/546/503 696/696/638
f 696/696/638 546/546/503 545/545/502
f 696/696/638 545/545/502 697/697/639
f 692/692/635 696/696/638 697/697/639
f 692/692/635 697/697/639 693/693/636
f 698/698/640 699/699/641 700/700/642
f 698/698/640 700/700/642 701/701/643
f 699/699/641 684/684/628 687/687/631
f 699/699/641 687/687/631 700/700/642
f 700/700/642 687/687/631 689/689/633
f 700/700/642 689/689/633 702/702/644
f 701/701/643 700/700/642 702/702/644
f 701/701/643 702/702/644 703/703/645
f 695/695/633 694/694/637 704/704/646
f 695/695/633 704/704/646 705/705/644
f 694/694/637 693/693/636 706/706/647
f 694/694/637 706/706/647 704/704/646
f 704/704/646 706/706/647 707/707/648
f 704/704/646 707/707/648 708/708/649
f 705/705/644 704/704/646 708/708/649
f 705/705/644 708/708/649 709/709/645
f 693/693/636 697/697/639 710/710/650
f 693/693/636 710/710/650 706/706/647
f 697/697/639 545/545/502 550/550/507
f 697/697/639 550/550/507 710/710/650
f 710/710/650 550/550/507 549/549/506
f 710/710/650 549/549/506 711/711/651
f 706/706/647 710/710/650 711/711/651
f 706/706/647 711/711/651 707/707/648
f 712/712/652 713/713/653 714/714/654
f 712/712/652 714/714/654 715/715/655
f 713/713/653 698/698/640 701/701/643
f 713/713/653 701/701/643 714/714/654
f 714/714/654 701/701/643 703/703/645
f 714/714/654 703/703/645 716/716/656
f 715/715/655 714/714/654 716/716/656
f 715/715/655 716/716/656 717/717/657
f 709/709/645 708/708/649 718/718/658
f 709/709/645 718/718/658 719/719/656
f 708/708/649 707/707/648 720/720/659
f 708/708/649 720/720/659 718/718/658
f 718/718/658 720/720/659 721/721/660
f 718/718/658 721/721/660 722/722/661
f 719/719/656 718/718/658 722/722/661
f 719/719/656 722/722/661 723/723/657
f 707/707/648 711/711/651 724/724/662
f 707/707/648 724/724/662 720/720/659
f 711/711/651 549/549/506 554/554/511
f 711/711/651 554/554/511 724/724/662
f 724/724/662 554/554/511 553/553/510
f 724/724/662 553/553/510 725/725/663
f 720/720/659 724/724/662 725/725/663
f 720/720/659 725/725/663 721/721/660
f 726/726/664 727/727/665 728/728/666
f 726/726/664 728/728/666 729/729/667
f 727/727/665 712/712/652 715/715/655
f 727/727/665 715/715/655 728/728/666
f 728/728/666 715/715/655 717/717/657
f 728/728/666 717/717/657 730/730/668
f 729/729/667 728/728/666 730/730/668
f 729/729/667 730/730/668 731/731/669
f 723/723/657 722/722/661 732/732/670
f 723/723/657 732/732/670 733/733/668
f 722/722/661 721/721/660 734/734/671
f 722/722/661 734/734/671 732/732/670
f 732/732/670 734/734/671 735/735/672
f 732/732/670 735/735/672 736/736/673
f 733/733/668 732/732/670 736/736/673
f 733/733/668 736/736/673 737/737/669
f 721/721/660 725/725/663 738/738/674
f 721/721/660 738/738/674 734/734/671
f 725/725/663 553/553/510 558/558/515
f 725/725/663 558/558/515 738/738/674
f 738/738/674 558/558/515 557/557/514
f 738/738/674 557/557/514 739/739/675
f 734/734/671 738/738/674 739/739/675
f 734/734/671 739/739/675 735/735/672
f 740/740/676 741/741/677 742/742/678
f 740/740/676 742/742/678 743/743/679
f 741/741/677 726/726/664 729/729/667
f 741/741/677 729/729/667 742/742/678
f 742/742/678 729/729/667 731/731/669
f 742/742/678 731/731/669 744/744/680
f 743/743/679 742/742/678 744/744/680
f 743/743/679 744/744/680 745/745/681
f 737/737/669 736/736/673 746/746/682
f 737/737/669 746/746/682 747/747/680
f 736/736/673 735/735/672 748/748/683
f 736/736/673 748/748/683 746/746/682
f 746/746/682 748/748/683 749/749/684
f 746/746/682 749/749/684 750/750/685
f 747/747/680 746/746/682 750/750/685
f 747/747/680 750/750/685 751/751/681
f 735/735/672 739/739/675 752/752/686
f 735/735/672 752/752/686 748/748/683
f 739/739/675 557/557/514 562/562/519
f 739/739/675 562/562/519 752/752/686
f 752/752/686 562/562/519 561/561/518
f 752/752/686 561/561/518 753/753/687
f 748/748/683 752/752/686 753/753/687
f 748/748/683 753/753/687 749/749/684
f 754/754/688 755/755/689 756/756/690
f 754/754/688 756/756/690 757/757/691
f 755/755/689 740/740/676 743/743/679
f 755/755/689 743/743/679 756/756/690
f 756/756/690 743/743/679 745/745/681
f 756/756/690 745/745/681 758/758/692
f 757/757/691 756/756/690 758/758/692
f 757/757/691 758/758/692 759/759/693
f 751/751/681 750/750/685 760/760/694
f 751/751/681 760/760/694 761/761/692
f 750/750/685 749/749/684 762/762/695
f 750/750/685 762/762/695 760/760/694
f 760/760/694 762/762/695 763/763/696
f 760/760/694 763/763/696 764/764/697
f 761/761/692 760/760/694 764/764/697
f 761/761/692 764/764/697 765/765/693
f 749/749/684 753/753/687 766/766/698
f 749/749/684 766/766/698 762/762/695
f 753/753/687 561/561/518 566/566/523
f 753/753/687 566/566/523 766/766/698
f 766/766/698 566/566/523 565/565/522
f 766/766/698 565/565/522 767/767/699
f 762/762/695 766/766/698 767/767/699
f 762/762/695 767/767/699 763/763/696
f 768/768/700 769/769/701 770/770/702
f 768/768/700 770/770/702 771/771/703
f 769/769/701 754/754/688 757/757/691
f 769/769/701 757/757/691 770/770/702
f 770/770/702 757/757/691 759/759/693
f 770/770/702 759/759/693 772/772/704
f 771/771/703 770/770/702 772/772/704
f 771/771/703 772/772/704 773/773/705
f 765/765/693 764/764/697 774/774/706
f 765/765/693 774/774/706 775/775/704
f 764/764/697 763/763/696 776/776/707
f 764/764/697 776/776/707 774/774/706
f 774/774/706 776/776/707 777/777/708
f 774/774/706 777/777/708 778/778/709
f 775/775/704 774/774/706 778/778/709
f 775/775/704 778/778/709 779/779/705
f 763/763/696 767/767/699 780/780/710
f 763/763/696 780/780/710 776/776/707
f 767/767/699 565/565/522 570/570/527
f 767/767/699 570/570/527 780/780/710
f 780/780/710 570/570/527 569/569/526
f 780/780/710 569/569/526 781/781/711
f 776/776/707 780/780/710 781/781/711
f 776/776/707 781/781/711 777/777/708
f 782/782/712 783/783/713 784/784/714
f 782/782/712 784/784/714 785/785/715
f 783/783/713 768/768/700 771/771/703
f 783/783/713 771/771/703 784/784/714
f 784/784/714 771/771/703 773/773/705
f 784/784/714 773/773/705 786/786/716
f 785/785/715 784/784/714 786/786/716
f 785/785/715 786/786/716 787/787/717
f 779/779/705 778/778/709 788/788/718
f 779/779/705 788/788/718 789/789/716
f 778/778/709 777/777/708 790/790/719
f 778/778/709 790/790/719 788/788/718
f 788/788/718 790/790/719 791/791/720
f 788/788/718 791/791/720 792/792/721
f 789/789/716 788/788/718 792/792/721
f 789/789/716 792/792/721 793/793/717
f 777/777/708 781/781/711 794/794/722
f 777/777/708 794/794/722 790/790/719
f 781/781/711 569/569/526 574/574/531
f 781/781/711 574/574/531 794/794/722
f 794/794/722 574/574/531 573/573/530
f 794/794/722 573/573/530 795/795/723
f 790/790/719 794/794/722 795/795/723
f 790/790/719 795/795/723 791/791/720
f 796/796/724 797/797/725 798/798/726
f 796/796/724 798/798/726 799/799/727
f 797/797/725 782/782/712 785/785/715
f 797/797/725 785/785/715 798/798/726
f 798/798/726 785/785/715 787/787/717
f 798/798/726 787/787/717 800/800/728
f 799/799/727 798/798/726 800/800/728
f 799/799/727 800/800/728 801/801/729
f 793/793/717 792/792/721 802/802/730
f 793/793/717 802/802/730 803/803/728
f 792/792/721 791/791/720 804/804/731
f 792/792/721 804/804/731 802/802/730
f 802/802/730 804/804/731 805/805/732
f 802/802/730 805/805/732 806/806/733
f 803/803/728 802/802/730 806/806/733
f 803/803/728 806/806/733 807/807/729
f 791/791/720 795/795/723 808/808/734
f 791/791/720 808/808/734 804/804/731
f 795/795/723 573/573/530 578/578/535
f 795/795/723 578/578/535 808/808/734
f 808/808/734 578/578/535 577/577/534
f 808/808/734 577/577/534 809/809/735
f 804/804/731 808/808/734 809/809/735
f 804/804/731 809/809/735 805/805/732
f 810/810/736 811/811/737 812/812/738
f 810/810/736 812/812/738 813/813/739
f 811/811/737 796/796/724 799/799/727
f 811/811/737 799/799/727 812/812/738
f 812/812/738 799/799/727 801/801/729
f 812/812/738 801/801/729 814/814/740
f 813/813/739 812/812/738 814/814/740
f 813/813/739 814/814/740 815/815/741
f 807/807/729 806/806/733 816/816/742
f 807/807/729 816/816/742 817/817/740
f 806/806/733 805/805/732 818/818/743
f 806/806/733 818/818/743 816/816/742
f 816/816/742 818/818/743 819/819/744
f 816/816/742 819/819/744 820/820/745
f 817/817/740 816/816/742 820/820/745
f 817/817/740 820/820/745 821/821/741
f 805/805/732 809/809/735 822/822/746
f 805/805/732 822/822/746 818/818/743
f 809/809/735 577/577/534 582/582/539
f 809/809/735 582/582/539 822/822/746
f 822/822/746 582/582/539 581/581/538
f 822/822/746 581/581/538 823/823/747
f 818/818/743 822/822/746 823/823/747
f 818/818/743 823/823/747 819/819/744
f 824/824/748 825/825/749 826/826/750
f 824/824/748 826/826/750 827/827/751
f 825/825/749 810/810/736 813/813/739
f 825/825/749 813/813/739 826/826/750
f 826/826/750 813/813/739 815/815/741
f 826/826/750 815/815/741 828/828/752
f 827/827/751 826/826/750 828/828/752
f 827/827/751 828/828/752 829/829/753
f 821/821/741 820/820/745 830/830/754
f 821/821/741 830/830/754 831/831/752
f 820/820/745 819/819/744 832/832/755
f 820/820/745 832/832/755 830/830/754
f 830/830/754 832/832/755 833/833/756
f 830/830/754 833/833/756 834/834/757
f 831/831/752 830/830/754 834/834/757
f 831/831/752 834/834/757 835/835/753
f 819/819/744 823/823/747 836/836/758
f 819/819/744 836/836/758 832/832/755
f 823/823/747 581/581/538 586/586/543
f 823/823/747 586/586/543 836/836/758
f 836/836/758 586/586/543 585/585/542
f 836/836/758 585/585/542 837/837/759
f 832/832/755 836/836/758 837/837/759
f 832/832/755 837/837/759 833/833/756
f 838/838/760 839/839/761 840/840/762
f 838/838/760 840/840/762 841/841/763
f 839/839/761 824/824/748 827/827/751
f 839/839/761 827/827/751 840/840/762
f 840/840/762 827/827/751 829/829/753
f 840/840/762 829/829/753 842/842/764
f 841/841/763 840/840/762 842/842/764
f 841/841/763 842/842/764 843/843/765
f 835/835/753 834/834/757 844/844/766
f 835/835/753 844/844/766 845/845/764
f 834/834/757 833/833/756 846/846/767
f 834/834/757 846/846/767 844/844/766
f 844/844/766 846/846/767 847/847/768
f 844/844/766 847/847/768 848/848/769
f 845/845/764 844/844/766 848/848/769
f 845/845/764 848/848/769 849/849/765
f 833/833/756 837/837/759 850/850/770
f 833/833/756 850/850/770 846/846/767
f 837/837/759 585/585/542 590/590/547
f 837/837/759 590/590/547 850/850/770
f 850/850/770 590/590/547 589/589/546
f 850/850/770 589/589/546 851/851/771
f 846/846/767 850/850/770 851/851/771
f 846/846/767 851/851/771 847/847/768
f 852/852/772 853/853/773 854/854/774
f 852/852/772 854/854/774 855/855/775
f 853/853/773 838/838/760 841/841/763
f 853/853/773 841/841/763 854/854/774
f 854/854/774 841/841/763 843/843/765
f 854/854/774 843/843/765 856/856/776
f 855/855/775 854/854/774 856/856/776
f 855/855/775 856/856/776 857/857/777
f 849/849/765 848/848/769 858/858/778
f 849/849/765 858/858/778 859/859/776
f 848/848/769 847/847/768 860/860/779
f 848/848/769 860/860/779 858/858/778
f 858/858/778 860/860/779 861/861/780
f 858/858/778 861/861/780 862/862/781
f 859/859/776 858/858/778 862/862/781
f 859/859/776 862/862/781 863/863/777
f 847/847/768 851/851/771 864/864/782
f 847/847/768 864/864/782 860/860/779
f 851/851/771 589/589/546 594/594/551
f 851/851/771 594/594/551 864/864/782
f 864/864/782 594/594/551 593/593/550
f 864/864/782 593/593/550 865/865/783
f 860/860/779 864/864/782 865/865/783
f 860/860/779 865/865/783 861/861/780
f 866/866/784 867/867/785 868/868/786
f 866/866/784 868/868/786 869/869/787
f 867/867/785 852/852/772 855/855/775
f 867/867/785 855/855/775 868/868/786
f 868/868/786 855/855/775 857/857/777
f 868/868/786 857/857/777 870/870/788
f 869/869/787 868/868/786 870/870/788
f 869/869/787 870/870/788 871/871/789
f 863/863/777 862/862/781 872/872/790
f 863/863/777 872/872/790 873/873/788
f 862/862/781 861/861/780 874/874/791
f 862/862/781 874/874/791 872/872/790
f 872/872/790 874/874/791 875/875/792
f 872/872/790 875/875/792 876/876/793
f 873/873/788 872/872/790 876/876/793
f 873/873/788 876/876/793 877/877/789
f 861/861/780 865/865/783 878/878/794
f 861/861/780 878/878/794 874/874/791
f 865/865/783 593/593/550 598/598/555
f 865/865/783 598/598/555 878/878/794
f 878/878/794 598/598/555 597/597/554
f 878/878/794 597/597/554 879/879/795
f 874/874/791 878/878/794 879/879/795
f 874/874/791 879/879/795 875/875/792
f 631/631/583 880/880/796 881/881/797
f 631/631/583 881/881/797 632/632/584
f 880/880/796 882/882/784 883/883/787
f 880/880/796 883/883/787 881/881/797
f 881/881/797 883/883/787 884/884/789
f 881/881/797 884/884/789 885/885/798
f 632/632/584 881/881/797 885/885/798
f 632/632/584 885/885/798 633/633/585
f 886/886/789 887/887/793 888/888/799
f 886/886/789 888/888/799 889/889/798
f 887/887/793 890/890/792 891/891/800
f 887/887/793 891/891/800 888/888/799
f 888/888/799 891/891/800 636/636/588
f 888/888/799 636/636/588 641/641/591
f 889/889/798 888/888/799 641/641/591
f 889/889/798 641/641/591 640/640/585
f 890/890/792 892/892/795 893/893/801
f 890/890/792 893/893/801 891/891/800
f 892/892/795 604/604/554 603/603/559
f 892/892/795 603/603/559 893/893/801
f 893/893/801 603/603/559 602/602/558
f 893/893/801 602/602/558 637/637/589
f 891/891/800 893/893/801 637/637/589
f 891/891/800 637/637/589 636/636/588
f 631/631/583 630/630/582 894/894/802
f 631/631/583 894/894/802 895/895/803
f 630/630/582 613/613/568 896/896/804
f 630/630/582 896/896/804 894/894/802
f 894/894/802 896/896/804 897/897/805
f 894/894/802 897/897/805 898/898/806
f 895/895/803 894/894/802 898/898/806
f 895/895/803 898/898/806 899/899/807
f 899/899/807 900/900/808 901/901/809
f 899/899/807 901/901/809 895/895/803
f 900/900/808 902/902/810 903/903/811
f 900/900/808 903/903/811 901/901/809
f 901/901/809 903/903/811 882/882/784
f 901/901/809 882/882/784 880/880/796
f 895/895/803 901/901/809 880/880/796
f 895/895/803 880/880/796 631/631/583
f 904/904/810 905/905/812 906/906/813
f 904/904/810 906/906/813 907/907/811
f 905/905/812 908/908/814 909/909/815
f 905/905/812 909/909/815 906/906/813
f 906/906/813 909/909/815 852/852/772
f 906/906/813 852/852/772 867/867/785
f 907/907/811 906/906/813 867/867/785
f 907/907/811 867/867/785 866/866/784
f 908/908/814 910/910/816 911/911/817
f 908/908/814 911/911/817 909/909/815
f 910/910/816 912/912/818 913/913/819
f 910/910/816 913/913/819 911/911/817
f 911/911/817 913/913/819 838/838/760
f 911/911/817 838/838/760 853/853/773
f 909/909/815 911/911/817 853/853/773
f 909/909/815 853/853/773 852/852/772
f 912/912/818 914/914/820 915/915/821
f 912/912/818 915/915/821 913/913/819
f 914/914/820 916/916/822 917/917/823
f 914/914/820 917/917/823 915/915/821
f 915/915/821 917/917/823 824/824/748
f 915/915/821 824/824/748 839/839/761
f 913/913/819 915/915/821 839/839/761
f 913/913/819 839/839/761 838/838/760
f 916/916/822 918/918/824 919/919/825
f 916/916/822 919/919/825 917/917/823
f 918/918/824 920/920/826 921/921/827
f 918/918/824 921/921/827 919/919/825
f 919/919/825 921/921/827 810/810/736
f 919/919/825 810/810/736 825/825/749
f 917/917/823 919/919/825 825/825/749
f 917/917/823 825/825/749 824/824/748
f 920/920/826 922/922/828 923/923/829
f 920/920/826 923/923/829 921/921/827
f 922/922/828 924/924/830 925/925/831
f 922/922/828 925/925/831 923/923/829
f 923/923/829 925/925/831 796/796/724
f 923/923/829 796/796/724 811/811/737
f 921/921/827 923/923/829 811/811/737
f 921/921/827 811/811/737 810/810/736
f 924/924/830 926/926/832 927/927/833
f 924/924/830 927/927/833 925/925/831
f 926/926/832 928/928/834 929/929/835
f 926/926/832 929/929/835 927/927/833
f 927/927/833 929/929/835 782/782/712
f 927/927/833 782/782/712 797/797/725
f 925/925/831 927/927/833 797/797/725
f 925/925/831 797/797/725 796/796/724
f 928/928/834 930/930/836 931/931/837
f 928/928/834 931/931/837 929/929/835
f 930/930/836 932/932/838 933/933/839
f 930/930/836 933/933/839 931/931/837
f 931/931/837 933/933/839 768/768/700
f 931/931/837 768/768/700 783/783/713
f 929/929/835 931/931/837 783/783/713
f 929/929/835 783/783/713 782/782/712
f 932/932/838 934/934/840 935/935/841
f 932/932/838 935/935/841 933/933/839
f 934/934/840 936/936/842 937/937/843
f 934/934/840 937/937/843 935/935/841
f 935/935/841 937/937/843 754/754/688
f 935/935/841 754/754/688 769/769/701
f 933/933/839 935/935/841 769/769/701
f 933/933/839 769/769/701 768/768/700
f 936/936/842 938/938/844 939/939/845
f 936/936/842 939/939/845 937/937/843
f 938/938/844 940/940/846 941/941/847
f 938/938/844 941/941/847 939/939/845
f 939/939/845 941/941/847 740/740/676
f 939/939/845 740/740/676 755/755/689
f 937/937/843 939/939/845 755/755/689
f 937/937/843 755/755/689 754/754/688
f 940/940/846 942/942/848 943/943/849
f 940/940/846 943/943/849 941/941/847
f 942/942/848 944/944/850 945/945/851
f 942/942/848 945/945/851 943/943/849
f 943/943/849 945/945/851 726/726/664
f 943/943/849 726/726/664 741/741/677
f 941/941/847 943/943/849 741/741/677
f 941/941/847 741/741/677 740/740/676
f 944/944/850 946/946/852 947/947/853
f 944/944/850 947/947/853 945/945/851
f 946/946/852 948/948/854 949/949/855
f 946/946/852 949/949/855 947/947/853
f 947/947/853 949/949/855 712/712/652
f 947/947/853 712/712/652 727/727/665
f 945/945/851 947/947/853 727/727/665
f 945/945/851 727/727/665 726/726/664
f 948/948/854 950/950/856 951/951/857
f 948/948/854 951/951/857 949/949/855
f 950/950/856 952/952/858 953/953/859
f 950/950/856 953/953/859 951/951/857
f 951/951/857 953/953/859 698/698/640
f 951/951/857 698/698/640 713/713/653
f 949/949/855 951/951/857 713/713/653
f 949/949/855 713/713/653 712/712/652
f 952/952/858 954/954/860 955/955/861
f 952/952/858 955/955/861 953/953/859
f 954/954/860 956/956/862 957/957/863
f 954/954/860 957/957/863 955/955/861
f 955/955/861 957/957/863 684/684/628
f 955/955/861 684/684/628 699/699/641
f 953/953/859 955/955/861 699/699/641
f 953/953/859 699/699/641 698/698/640
f 956/956/862 958/958/864 959/959/865
f 956/956/862 959/959/865 957/957/863
f 958/958/864 960/960/866 961/961/867
f 958/958/864 961/961/867 959/959/865
f 959/959/865 961/961/867 670/670/616
f 959/959/865 670/670/616 685/685/629
f 957/957/863 959/959/865 685/685/629
f 957/957/863 685/685/629 684/684/628
f 960/960/866 962/962/868 963/963/869
f 960/960/866 963/963/869 961/961/867
f 962/962/868 964/964/870 965/965/871
f 962/962/868 965/965/871 963/963/869
f 963/963/869 965/965/871 656/656/604
f 963/963/869 656/656/604 671/671/617
f 961/961/867 963/963/869 671/671/617
f 961/961/867 671/671/617 670/670/616
f 964/964/870 966/966/872 967/967/873
f 964/964/870 967/967/873 965/965/871
f 966/966/872 968/968/874 969/969/875
f 966/966/872 969/969/875 967/967/873
f 967/967/873 969/969/875 642/642/592
f 967/967/873 642/642/592 657/657/605
f 965/965/871 967/967/873 657/657/605
f 965/965/871 657/657/605 656/656/604
f 968/968/874 970/970/876 971/971/877
f 968/968/874 971/971/877 969/969/875
f 970/970/876 972/972/878 973/973/879
f 970/970/876 973/973/879 971/971/877
f 971/971/877 973/973/879 611/611/566
f 971/971/877 611/611/566 643/643/593
f 969/969/875 971/971/877 643/643/593
f 969/969/875 643/643/593 642/642/592
f 613/613/568 612/612/567 974/974/880
f 613/613/568 974/974/880 896/896/804
f 612/612/567 611/611/566 973/973/879
f 612/612/567 973/973/879 974/974/880
f 974/974/880 973/973/879 972/972/878
f 974/974/880 972/972/878 975/975/881
f 896/896/804 974/974/880 975/975/881
f 896/896/804 975/975/881 897/897/805
f 899/899/807 898/898/806 976/976/882
f 899/899/807 976/976/882 977/977/883
f 898/898/806 897/897/805 978/978/884
f 898/898/806 978/978/884 976/976/882
f 976/976/882 978/978/884 979/979/885
f 976/976/882 979/979/885 980/980/886
f 977/977/883 976/976/882 980/980/886
f 977/977/883 980/980/886 981/981/887
f 981/981/887 982/982/888 983/983/889
f 981/981/887 983/983/889 977/977/883
f 982/982/888 984/984/890 985/985/891
f 982/982/888 985/985/891 983/983/889
f 983/983/889 985/985/891 902/902/810
f 983/983/889 902/902/810 900/900/808
f 977/977/883 983/983/889 900/900/808
f 977/977/883 900/900/808 899/899/807
f 986/986/890 987/987/892 988/988/893
f 986/986/890 988/988/893 989/989/891
f 987/987/892 990/990/894 991/991/895
f 987/987/892 991/991/895 988/988/893
f 988/988/893 991/991/895 908/908/814
f 988/988/893 908/908/814 905/905/812
f 989/989/891 988/988/893 905/905/812
f 989/989/891 905/905/812 904/904/810
f 990/990/894 992/992/896 993/993/897
f 990/990/894 993/993/897 991/991/895
f 992/992/896 994/994/898 995/995/899
f 992/992/896 995/995/899 993/993/897
f 993/993/897 995/995/899 912/912/818
f 993/993/897 912/912/818 910/910/816
f 991/991/895 993/993/897 910/910/816
f 991/991/895 910/910/816 908/908/814
f 994/994/898 996/996/900 997/997/901
f 994/994/898 997/997/901 995/995/899
f 996/996/900 998/998/902 999/999/903
f 996/996/900 999/999/903 997/997/901
f 997/997/901 999/999/903 916/916/822
f 997/997/901 916/916/822 914/914/820
f 995/995/899 997/997/901 914/914/820
f 995/995/899 914/914/820 912/912/818
f 998/998/902 1000/1000/904 1001/1001/905
f 998/998/902 1001/1001/905 999/999/903
f 1000/1000/904 1002/1002/906 1003/1003/907
f 1000/1000/904 1003/1003/907 1001/1001/905
f 1001/1001/905 1003/1003/907 920/920/826
f 1001/1001/905 920/920/826 918/918/824
f 999/999/903 1001/1001/905 918/918/824
f 999/999/903 918/918/824 916/916/822
f 1002/1002/906 1004/1004/908 1005/1005/909
f 1002/1002/906 1005/1005/909 1003/1003/907
f 1004/1004/908 1006/1006/910 1007/1007/911
f 1004/1004/908 1007/1007/911 1005/1005/909
f 1005/1005/909 1007/1007/911 924/924/830
f 1005/1005/909 924/924/830 922/922/828
f 1003/1003/907 1005/1005/909 922/922/828
f 1003/1003/907 922/922/828 920/920/826
f 1006/1006/910 1008/1008/912 1009/1009/913
f 1006/1006/910 1009/1009/913 1007/1007/911
f 1008/1008/912 1010/1010/914 1011/1011/915
f 1008/1008/912 1011/1011/915 1009/1009/913
f 1009/1009/913 1011/1011/915 928/928/834
f 1009/1009/913 928/928/834 926/926/832
f 1007/1007/911 1009/1009/913 926/926/832
f 1007/1007/911 926/926/832 924/924/830
f 1010/1010/914 1012/1012/916 1013/1013/917
f 1010/1010/914 1013/1013/917 1011/1011/915
f 1012/1012/916 1014/1014/918 1015/1015/919
f 1012/1012/916 1015/1015/919 1013/1013/917
f 1013/1013/917 1015/1015/919 932/932/838
f 1013/1013/917 932/932/838 930/930/836
f 1011/1011/915 1013/1013/917 930/930/836
f 1011/1011/915 930/930/836 928/928/834
f 1014/1014/918 1016/1016/920 1017/1017/921
f 1014/1014/918 1017/1017/921 1015/1015/919
f 1016/1016/920 1018/1018/922 1019/1019/923
f 1016/1016/920 1019/1019/923 1017/1017/921
f 1017/1017/921 1019/1019/923 936/936/842
f 1017/1017/921 936/936/842 934/934/840
f 1015/1015/919 1017/1017/921 934/934/840
f 1015/1015/919 934/934/840 932/932/838
f 1018/1018/922 1020/1020/924 1021/1021/925
f 1018/1018/922 1021/1021/925 1019/1019/923
f 1020/1020/924 1022/1022/926 1023/1023/927
f 1020/1020/924 1023/1023/927 1021/1021/925
f 1021/1021/925 1023/1023/927 940/940/846
f 1021/1021/925 940/940/846 938/938/844
f 1019/1019/923 1021/1021/925 938/938/844
f 1019/1019/923 938/938/844 936/936/842
f 1022/1022/926 1024/1024/928 1025/1025/929
f 1022/1022/926 1025/1025/929 1023/1023/927
f 1024/1024/928 1026/1026/930 1027/1027/931
f 1024/1024/928 1027/1027/931 1025/1025/929
f 1025/1025/929 1027/1027/931 944/944/850
f 1025/1025/929 944/944/850 942/942/848
f 1023/1023/927 1025/1025/929 942/942/848
f 1023/1023/927 942/942/848 940/940/846
f 1026/1026/930 1028/1028/932 1029/1029/933
f 1026/1026/930 1029/1029/933 1027/1027/931
f 1028/1028/932 1030/1030/934 1031/1031/935
f 1028/1028/932 1031/1031/935 1029/1029/933
f 1029/1029/933 1031/1031/935 948/948/854
f 1029/1029/933 948/948/854 946/946/852
f 1027/1027/931 1029/1029/933 946/946/852
f 1027/1027/931 946/946/852 944/944/850
f 1030/1030/934 1032/1032/936 1033/1033/937
f 1030/1030/934 1033/1033/937 1031/1031/935
f 1032/1032/936 1034/1034/938 1035/1035/939
f 1032/1032/936 1035/1035/939 1033/1033/937
f 1033/1033/937 1035/1035/939 952/952/858
f 1033/1033/937 952/952/858 950/950/856
f 1031/1031/935 1033/1033/937 950/950/856
f 1031/1031/935 950/950/856 948/948/854
f 1034/1034/938 1036/1036/940 1037/1037/941
f 1034/1034/938 1037/1037/941 1035/1035/939
f 1036/1036/940 1038/1038/942 1039/1039/943
f 1036/1036/940 1039/1039/943 1037/1037/941
f 1037/1037/941 1039/1039/943 956/956/862
f 1037/1037/941 956/956/862 954/954/860
f 1035/1035/939 1037/1037/941 954/954/860
f 1035/1035/939 954/954/860 952/952/858
f 1038/1038/942 1040/1040/944 1041/1041/945
f 1038/1038/942 1041/1041/945 1039/1039/943
f 1040/1040/944 1042/1042/946 1043/1043/947
f 1040/1040/944 1043/1043/947 1041/1041/945
f 1041/1041/945 1043/1043/947 960/960/866
f 1041/1041/945 960/960/866 958/958/864
f 1039/1039/943 1041/1041/945 958/958/864
f 1039/1039/943 958/958/864 956/956/862
f 1042/1042/946 1044/1044/948 1045/1045/949
f 1042/1042/946 1045/1045/949 1043/1043/947
f 1044/1044/948 1046/1046/950 1047/1047/951
f 1044/1044/948 1047/1047/951 1045/1045/949
f 1045/1045/949 1047/1047/951 964/964/870
f 1045/1045/949 964/964/870 962/962/868
f 1043/1043/947 1045/1045/949 962/962/868
f 1043/1043/947 962/962/868 960/960/866
f 1046/1046/950 1048/1048/952 1049/1049/953
f 1046/1046/950 1049/1049/953 1047/1047/951
f 1048/1048/952 1050/1050/954 1051/1051/955
f 1048/1048/952 1051/1051/955 1049/1049/953
f 1049/1049/953 1051/1051/955 968/968/874
f 1049/1049/953 968/968/874 966/966/872
f 1047/1047/951 1049/1049/953 966/966/872
f 1047/1047/951 966/966/872 964/964/870
f 1050/1050/954 1052/1052/956 1053/1053/957
f 1050/1050/954 1053/1053/957 1051/1051/955
f 1052/1052/956 1054/1054/958 1055/1055/959
f 1052/1052/956 1055/1055/959 1053/1053/957
f 1053/1053/957 1055/1055/959 972/972/878
f 1053/1053/957 972/972/878 970/970/876
f 1051/1051/955 1053/1053/957 970/970/876
f 1051/1051/955 970/970/876 968/968/874
f 897/897/805 975/975/881 1056/1056/960
f 897/897/805 1056/1056/960 978/978/884
f 975/975/881 972/972/878 1055/1055/959
f 975/975/881 1055/1055/959 1056/1056/960
f 1056/1056/960 1055/1055/959 1054/1054/958
f 1056/1056/960 1054/1054/958 1057/1057/961
f 978/978/884 1056/1056/960 1057/1057/961
f 978/978/884 1057/1057/961 979/979/885
f 1058/1058/962 1059/1059/963 1060/1060/964
f 1058/1058/962 1060/1060/964 1061/1061/965
f 1059/1059/963 1062/1062/966 1063/1063/967
f 1059/1059/963 1063/1063/967 1060/1060/964
f 1060/1060/964 1063/1063/967 1064/1064/968
f 1060/1060/964 1064/1064/968 1065/1065/969
f 1061/1061/965 1060/1060/964 1065/1065/969
f 1061/1061/965 1065/1065/969 1066/1066/970
f 1062/1062/966 1067/1067/971 1068/1068/972
f 1062/1062/966 1068/1068/972 1063/1063/967
f 1067/1067/971 1069/1069/973 1070/1070/974
f 1067/1067/971 1070/1070/974 1068/1068/972
f 1068/1068/972 1070/1070/974 1071/1071/975
f 1068/1068/972 1071/1071/975 1072/1072/976
f 1063/1063/967 1068/1068/972 1072/1072/976
f 1063/1063/967 1072/1072/976 1064/1064/968
f 1069/1069/973 1073/1073/977 1074/1074/978
f 1069/1069/973 1074/1074/978 1070/1070/974
f 1073/1073/977 1075/1075/979 1076/1076/980
f 1073/1073/977 1076/1076/980 1074/1074/978
f 1074/1074/978 1076/1076/980 1077/1077/981
f 1074/1074/978 1077/1077/981 1078/1078/982
f 1070/1070/974 1074/1074/978 1078/1078/982
f 1070/1070/974 1078/1078/982 1071/1071/975
f 1075/1075/979 1079/1079/983 1080/1080/984
f 1075/1075/979 1080/1080/984 1076/1076/980
f 1079/1079/983 1081/1081/985 1082/1082/986
f 1079/1079/983 1082/1082/986 1080/1080/984
f 1080/1080/984 1082/1082/986 1083/1083/987
f 1080/1080/984 1083/1083/987 1084/1084/988
f 1076/1076/980 1080/1080/984 1084/1084/988
f 1076/1076/980 1084/1084/988 1077/1077/981
f 1081/1081/985 1085/1085/989 1086/1086/990
f 1081/1081/985 1086/1086/990 1082/1082/986
f 1085/1085/989 1087/1087/991 1088/1088/992
f 1085/1085/989 1088/1088/992 1086/1086/990
f 1086/1086/990 1088/1088/992 1089/1089/993
f 1086/1086/990 1089/1089/993 1090/1090/994
f 1082/1082/986 1086/1086/990 1090/1090/994
f 1082/1082/986 1090/1090/994 1083/1083/987
f 1087/1087/991 1091/1091/995 1092/1092/996
f 1087/1087/991 1092/1092/996 1088/1088/992
f 1091/1091/995 1093/1093/997 1094/1094/998
f 1091/1091/995 1094/1094/998 1092/1092/996
f 1092/1092/996 1094/1094/998 1095/1095/999
f 1092/1092/996 1095/1095/999 1096/1096/1000
f 1088/1088/992 1092/1092/996 1096/1096/1000
f 1088/1088/992 1096/1096/1000 1089/1089/993
f 1093/1093/997 1097/1097/1001 1098/1098/1002
f 1093/1093/997 1098/1098/1002 1094/1094/998
f 1097/1097/1001 1099/1099/1003 1100/1100/1004
f 1097/1097/1001 1100/1100/1004 1098/1098/1002
f 1098/1098/1002 1100/1100/1004 1101/1101/1005
f 1098/1098/1002 1101/1101/1005 1102/1102/1006
f 1094/1094/998 1098/1098/1002 1102/1102/1006
f 1094/1094/998 1102/1102/1006 1095/1095/999
f 1099/1099/1003 1103/1103/1007 1104/1104/1008
f 1099/1099/1003 1104/1104/1008 1100/1100/1004
f 1103/1103/1007 1105/1105/1009 1106/1106/1010
f 1103/1103/1007 1106/1106/1010 1104/1104/1008
f 1104/1104/1008 1106/1106/1010 1107/1107/1011
f 1104/1104/1008 1107/1107/1011 1108/1108/1012
f 1100/1100/1004 1104/1104/1008 1108/1108/1012
f 1100/1100/1004 1108/1108/1012 1101/1101/1005
f 1105/1105/1009 1109/1109/1013 1110/1110/1014
f 1105/1105/1009 1110/1110/1014 1106/1106/1010
f 1109/1109/1013 1111/1111/1015 1112/1112/1016
f 1109/1109/1013 1112/1112/1016 1110/1110/1014
f 1110/1110/1014 1112/1112/1016 1113/1113/1017
f 1110/1110/1014 1113/1113/1017 1114/1114/1018
f 1106/1106/1010 1110/1110/1014 1114/1114/1018
f 1106/1106/1010 1114/1114/1018 1107/1107/1011
f 1111/1111/1015 1115/1115/1019 1116/1116/1020
f 1111/1111/1015 1116/1116/1020 1112/1112/1016
f 1115/1115/1019 1117/1117/1021 1118/1118/1022
f 1115/1115/1019 1118/1118/1022 1116/1116/1020
f 1116/1116/1020 1118/1118/1022 1119/1119/1023
f 1116/1116/1020 1119/1119/1023 1120/1120/1024
f 1112/1112/1016 1116/1116/1020 1120/1120/1024
f 1112/1112/1016 1120/1120/1024 1113/1113/1017
f 1117/1117/1021 1121/1121/1025 1122/1122/1026
f 1117/1117/1021 1122/1122/1026 1118/1118/1022
f 1121/1121/1025 1123/1123/1027 1124/1124/1028
f 1121/1121/1025 1124/1124/1028 1122/1122/1026
f 1122/1122/1026 1124/1124/1028 1125/1125/1029
f 1122/1122/1026 1125/1125/1029 1126/1126/1030
f 1118/1118/1022 1122/1122/1026 1126/1126/1030
f 1118/1118/1022 1126/1126/1030 1119/1119/1023
f 1123/1123/1027 1127/1127/1031 1128/1128/1032
f 1123/1123/1027 1128/1128/1032 1124/1124/1028
f 1127/1127/1031 1129/1129/1033 1130/1130/1034
f 1127/1127/1031 1130/1130/1034 1128/1128/1032
f 1128/1128/1032 1130/1130/1034 1131/1131/1035
f 1128/1128/1032 1131/1131/1035 1132/1132/1036
f 1124/1124/1028 1128/1128/1032 1132/1132/1036
f 1124/1124/1028 1132/1132/1036 1125/1125/1029
f 1129/1129/1033 1133/1133/1037 1134/1134/1038
f 1129/1129/1033 1134/1134/1038 1130/1130/1034
f 1133/1133/1037 1135/1135/1039 1136/1136/1040
f 1133/1133/1037 1136/1136/1040 1134/1134/1038
f 1134/1134/1038 1136/1136/1040 1137/1137/1041
f 1134/1134/1038 1137/1137/1041 1138/1138/1042
f 1130/1130/1034 1134/1134/1038 1138/1138/1042
f 1130/1130/1034 1138/1138/1042 1131/1131/1035
f 1135/1135/1039 1139/1139/1043 1140/1140/1044
f 1135/1135/1039 1140/1140/1044 1136/1136/1040
f 1139/1139/1043 1141/1141/1045 1142/1142/1046
f 1139/1139/1043 1142/1142/1046 1140/1140/1044
f 1140/1140/1044 1142/1142/1046 1143/1143/1047
f 1140/1140/1044 1143/1143/1047 1144/1144/1048
f 1136/1136/1040 1140/1140/1044 1144/1144/1048
f 1136/1136/1040 1144/1144/1048 1137/1137/1041
f 1141/1141/1045 1145/1145/1049 1146/1146/1050
f 1141/1141/1045 1146/1146/1050 1142/1142/1046
f 1145/1145/1049 1147/1147/1051 1148/1148/1052
f 1145/1145/1049 1148/1148/1052 1146/1146/1050
f 1146/1146/1050 1148/1148/1052 1149/1149/1053
f 1146/1146/1050 1149/1149/1053 1150/1150/1054
f 1142/1142/1046 1146/1146/1050 1150/1150/1054
f 1142/1142/1046 1150/1150/1054 1143/1143/1047
f 1147/1147/1051 1151/1151/1055 1152/1152/1056
f 1147/1147/1051 1152/1152/1056 1148/1148/1052
f 1151/1151/1055 1153/1153/1057 1154/1154/1058
f 1151/1151/1055 1154/1154/1058 1152/1152/1056
f 1152/1152/1056 1154/1154/1058 1155/1155/1059
f 1152/1152/1056 1155/1155/1059 1156/1156/1060
f 1148/1148/1052 1152/1152/1056 1156/1156/1060
f 1148/1148/1052 1156/1156/1060 1149/1149/1053
f 1153/1153/1057 1157/1157/1061 1158/1158/1062
f 1153/1153/1057 1158/1158/1062 1154/1154/1058
f 1157/1157/1061 1159/1159/1063 1160/1160/1064
f 1157/1157/1061 1160/1160/1064 1158/1158/1062
f 1158/1158/1062 1160/1160/1064 1161/1161/1065
f 1158/1158/1062 1161/1161/1065 1162/1162/1066
f 1154/1154/1058 1158/1158/1062 1162/1162/1066
f 1154/1154/1058 1162/1162/1066 1155/1155/1059
f 1163/1163/1063 1164/1164/1067 1165/1165/1068
f 1163/1163/1063 1165/1165/1068 1166/1166/1064
f 1164/1164/1067 1167/1167/1069 1168/1168/1070
f 1164/1164/1067 1168/1168/1070 1165/1165/1068
f 1165/1165/1068 1168/1168/1070 1169/1169/1071
f 1165/1165/1068 1169/1169/1071 1170/1170/1072
f 1166/1166/1064 1165/1165/1068 1170/1170/1072
f 1166/1166/1064 1170/1170/1072 1171/1171/1065
f 1167/1167/1069 1172/1172/1073 1173/1173/1074
f 1167/1167/1069 1173/1173/1074 1168/1168/1070
f 1172/1172/1073 1174/1174/1075 1175/1175/1076
f 1172/1172/1073 1175/1175/1076 1173/1173/1074
f 1173/1173/1074 1175/1175/1076 1176/1176/1077
f 1173/1173/1074 1176/1176/1077 1177/1177/1078
f 1168/1168/1070 1173/1173/1074 1177/1177/1078
f 1168/1168/1070 1177/1177/1078 1169/1169/1071
f 1174/1174/1075 1178/1178/1079 1179/1179/1080
f 1174/1174/1075 1179/1179/1080 1175/1175/1076
f 1178/1178/1079 1058/1058/962 1061/1061/965
f 1178/1178/1079 1061/1061/965 1179/1179/1080
f 1179/1179/1080 1061/1061/965 1066/1066/970
f 1179/1179/1080 1066/1066/970 1180/1180/1081
f 1175/1175/1076 1179/1179/1080 1180/1180/1081
f 1175/1175/1076 1180/1180/1081 1176/1176/1077
f 1176/1176/1077 1180/1180/1081 1181/1181/1082
f 1176/1176/1077 1181/1181/1082 1182/1182/1083
f 1180/1180/1081 1066/1066/970 1183/1183/1084
f 1180/1180/1081 1183/1183/1084 1181/1181/1082
f 1181/1181/1082 1183/1183/1084 1184/1184/1085
f 1181/1181/1082 1184/1184/1085 1185/1185/1086
f 1182/1182/1083 1181/1181/1082 1185/1185/1086
f 1182/1182/1083 1185/1185/1086 1186/1186/1087
f 1066/1066/970 1065/1065/969 1187/1187/1088
f 1066/1066/970 1187/1187/1088 1183/1183/1084
f 1065/1065/969 1064/1064/968 1188/1188/1089
f 1065/1065/969 1188/1188/1089 1187/1187/1088
f 1187/1187/1088 1188/1188/1089 1189/1189/1090
f 1187/1187/1088 1189/1189/1090 1190/1190/1091
f 1183/1183/1084 1187/1187/1088 1190/1190/1091
f 1183/1183/1084 1190/1190/1091 1184/1184/1085
f 1064/1064/968 1072/1072/976 1191/1191/1092
f 1064/1064/968 1191/1191/1092 1188/1188/1089
f 1072/1072/976 1071/1071/975 1192/1192/1093
f 1072/1072/976 1192/1192/1093 1191/1191/1092
f 1191/1191/1092 1192/1192/1093 1193/1193/1094
f 1191/1191/1092 1193/1193/1094 1194/1194/1095
f 1188/1188/1089 1191/1191/1092 1194/1194/1095
f 1188/1188/1089 1194/1194/1095 1189/1189/1090
f 1071/1071/975 1078/1078/982 1195/1195/1096
f 1071/1071/975 1195/1195/1096 1192/1192/1093
f 1078/1078/982 1077/1077/981 1196/1196/1097
f 1078/1078/982 1196/1196/1097 1195/1195/1096
f 1195/1195/1096 1196/1196/1097 1197/1197/1098
f 1195/1195/1096 1197/1197/1098 1198/1198/1099
f 1192/1192/1093 1195/1195/1096 1198/1198/1099
f 1192/1192/1093 1198/1198/1099 1193/1193/1094
f 1077/1077/981 1084/1084/988 1199/1199/1100
f 1077/1077/981 1199/1199/1100 1196/1196/1097
f 1084/1084/988 1083/1083/987 1200/1200/1101
f 1084/1084/988 1200/1200/1101 1199/1199/1100
f 1199/1199/1100 1200/1200/1101 1201/1201/1102
f 1199/1199/1100 1201/1201/1102 1202/1202/1103
f 1196/1196/1097 1199/1199/1100 1202/1202/1103
f 1196/1196/1097 1202/1202/1103 1197/1197/1098
f 1083/1083/987 1090/1090/994 1203/1203/1104
f 1083/1083/987 1203/1203/1104 1200/1200/1101
f 1090/1090/994 1089/1089/993 1204/1204/1105
f 1090/1090/994 1204/1204/1105 1203/1203/1104
f 1203/1203/1104 1204/1204/1105 1205/1205/1106
f 1203/1203/1104 1205/1205/1106 1206/1206/1107
f 1200/1200/1101 1203/1203/1104 1206/1206/1107
f 1200/1200/1101 1206/1206/1107 1201/1201/1102
f 1089/1089/993 1096/1096/1000 1207/1207/1108
f 1089/1089/993 1207/1207/1108 1204/1204/1105
f 1096/1096/1000 1095/1095/999 1208/1208/1109
f 1096/1096/1000 1208/1208/1109 1207/1207/1108
f 1207/1207/1108 1208/1208/1109 1209/1209/1110
f 1207/1207/1108 1209/1209/1110 1210/1210/1111
f 1204/1204/1105 1207/1207/1108 1210/1210/1111
f 1204/1204/1105 1210/1210/1111 1205/1205/1106
f 1095/1095/999 1102/1102/1006 1211/1211/1112
f 1095/1095/999 1211/1211/1112 1208/1208/1109
f 1102/1102/1006 1101/1101/1005 1212/1212/1113
f 1102/1102/1006 1212/1212/1113 1211/1211/1112
f 1211/1211/1112 1212/1212/1113 1213/1213/1114
f 1211/1211/1112 1213/1213/1114 1214/1214/1115
f 1208/1208/1109 1211/1211/1112 1214/1214/1115
f 1208/1208/1109 1214/1214/1115 1209/1209/1110
f 1101/1101/1005 1108/1108/1012 1215/1215/1116
f 1101/1101/1005 1215/1215/1116 1212/1212/1113
f 1108/1108/1012 1107/1107/1011 1216/1216/1117
f 1108/1108/1012 1216/1216/1117 1215/1215/1116
f 1215/1215/1116 1216/1216/1117 1217/1217/1118
f 1215/1215/1116 1217/1217/1118 1218/1218/1119
f 1212/1212/1113 1215/1215/1116 1218/1218/1119
f 1212/1212/1113 1218/1218/1119 1213/1213/1114
f 1107/1107/1011 1114/1114/1018 1219/1219/1120
f 1107/1107/1011 1219/1219/1120 1216/1216/1117
f 1114/1114/1018 1113/1113/1017 1220/1220/1121
f 1114/1114/1018 1220/1220/1121 1219/1219/1120
f 1219/1219/1120 1220/1220/1121 1221/1221/1122
f 1219/1219/1120 1221/1221/1122 1222/1222/1123
f 1216/1216/1117 1219/1219/1120 1222/1222/1123
f 1216/1216/1117 1222/1222/1123 1217/1217/1118
f 1113/1113/1017 1120/1120/1024 1223/1223/1124
f 1113/1113/1017 1223/1223/1124 1220/1220/1121
f 1120/1120/1024 1119/1119/1023 1224/1224/1125
f 1120/1120/1024 1224/1224/1125 1223/1223/1124
f 1223/1223/1124 1224/1224/1125 1225/1225/1126
f 1223/1223/1124 1225/1225/1126 1226/1226/1127
f 1220/1220/1121 1223/1223/1124 1226/1226/1127
f 1220/1220/1121 1226/1226/1127 1221/1221/1122
f 1119/1119/1023 1126/1126/1030 1227/1227/1128
f 1119/1119/1023 1227/1227/1128 1224/1224/1125
f 1126/1126/1030 1125/1125/1029 1228/1228/1129
f 1126/1126/1030 1228/1228/1129 1227/1227/1128
f 1227/1227/1128 1228/1228/1129 1229/1229/1130
f 1227/1227/1128 1229/1229/1130 1230/1230/1131
f 1224/1224/1125 1227/1227/1128 1230/1230/1131
f 1224/1224/1125 1230/1230/1131 1225/1225/1126
f 1125/1125/1029 1132/1132/1036 1231/1231/1132
f 1125/1125/1029 1231/1231/1132 1228/1228/1129
f 1132/1132/1036 1131/1131/1035 1232/1232/1133
f 1132/1132/1036 1232/1232/1133 1231/1231/1132
f 1231/1231/1132 1232/1232/1133 1233/1233/1134
f 1231/1231/1132 1233/1233/1134 1234/1234/1135
f 1228/1228/1129 1231/1231/1132 1234/1234/1135
f 1228/1228/1129 1234/1234/1135 1229/1229/1130
f 1131/1131/1035 1138/1138/1042 1235/1235/1136
f 1131/1131/1035 1235/1235/1136 1232/1232/1133
f 1138/1138/1042 1137/1137/1041 1236/1236/1137
f 1138/1138/1042 1236/1236/1137 1235/1235/1136
f 1235/1235/1136 1236/1236/1137 1237/1237/1138
f 1235/1235/1136 1237/1237/1138 1238/1238/1139
f 1232/1232/1133 1235/1235/1136 1238/1238/1139
f 1232/1232/1133 1238/1238/1139 1233/1233/1134
f 1137/1137/1041 1144/1144/1048 1239/1239/1140
f 1137/1137/1041 1239/1239/1140 1236/1236/1137
f 1144/1144/1048 1143/1143/1047 1240/1240/1141
f 1144/1144/1048 1240/1240/1141 1239/1239/1140
f 1239/1239/1140 1240/1240/1141 1241/1241/1142
f 1239/1239/1140 1241/1241/1142 1242/1242/1143
f 1236/1236/1137 1239/1239/1140 1242/1242/1143
f 1236/1236/1137 1242/1242/1143 1237/1237/1138
f 1143/1143/1047 1150/1150/1054 1243/1243/1144
f 1143/1143/1047 1243/1243/1144 1240/1240/1141
f 1150/1150/1054 1149/1149/1053 1244/1244/1145
f 1150/1150/1054 1244/1244/1145 1243/1243/1144
f 1243/1243/1144 1244/1244/1145 1245/1245/1146
f 1243/1243/1144 1245/1245/1146 1246/1246/1147
f 1240/1240/1141 1243/1243/1144 1246/1246/1147
f 1240/1240/1141 1246/1246/1147 1241/1241/1142
f 1149/1149/1053 1156/1156/1060 1247/1247/1148
f 1149/1149/1053 1247/1247/1148 1244/1244/1145
f 1156/1156/1060 1155/1155/1059 1248/1248/1149
f 1156/1156/1060 1248/1248/1149 1247/1247/1148
f 1247/1247/1148 1248/1248/1149 1249/1249/1150
f 1247/1247/1148 1249/1249/1150 1250/1250/1151
f 1244/1244/1145 1247/1247/1148 1250/1250/1151
f 1244/1244/1145 1250/1250/1151 1245/1245/1146
f 1155/1155/1059 1162/1162/1066 1251/1251/1152
f 1155/1155/1059 1251/1251/1152 1248/1248/1149
f 1162/1162/1066 1161/1161/1065 1252/1252/1153
f 1162/1162/1066 1252/1252/1153 1251/1251/1152
f 1251/1251/1152 1252/1252/1153 1253/1253/1154
f 1251/1251/1152 1253/1253/1154 1254/1254/1155
f 1248/1248/1149 1251/1251/1152 1254/1254/1155
f 1248/1248/1149 1254/1254/1155 1249/1249/1150
f 1171/1171/1065 1170/1170/1072 1255/1255/1156
f 1171/1171/1065 1255/1255/1156 1256/1256/1153
f 1170/1170/1072 1169/1169/1071 1257/1257/1157
f 1170/1170/1072 1257/1257/1157 1255/1255/1156
f 1255/1255/1156 1257/1257/1157 1258/1258/1158
f 1255/1255/1156 1258/1258/1158 1259/1259/1159
f 1256/1256/1153 1255/1255/1156 1259/1259/1159
f 1256/1256/1153 1259/1259/1159 1260/1260/1154
f 1169/1169/1071 1177/1177/1078 1261/1261/1160
f 1169/1169/1071 1261/1261/1160 1257/1257/1157
f 1177/1177/1078 1176/1176/1077 1182/1182/1083
f 1177/1177/1078 1182/1182/1083 1261/1261/1160
f 1261/1261/1160 1182/1182/1083 1186/1186/1087
f 1261/1261/1160 1186/1186/1087 1262/1262/1161
f 1257/1257/1157 1261/1261/1160 1262/1262/1161
f 1257/1257/1157 1262/1262/1161 1258/1258/1158
f 981/981/887 980/980/886 1263/1263/1162
f 981/981/887 1263/1263/1162 1264/1264/1163
f 980/980/886 979/979/885 1265/1265/1164
f 980/980/886 1265/1265/1164 1263/1263/1162
f 1263/1263/1162 1265/1265/1164 1266/1266/1165
f 1263/1263/1162 1266/1266/1165 1267/1267/1166
f 1264/1264/1163 1263/1263/1162 1267/1267/1166
f 1264/1264/1163 1267/1267/1166 1268/1268/1167
f 1268/1268/1167 1269/1269/1168 1270/1270/1169
f 1268/1268/1167 1270/1270/1169 1264/1264/1163
f 1269/1269/1168 1271/1271/1170 1272/1272/1171
f 1269/1269/1168 1272/1272/1171 1270/1270/1169
f 1270/1270/1169 1272/1272/1171 984/984/890
f 1270/1270/1169 984/984/890 982/982/888
f 1264/1264/1163 1270/1270/1169 982/982/888
f 1264/1264/1163 982/982/888 981/981/887
f 1273/1273/1170 1274/1274/1172 1275/1275/1173
f 1273/1273/1170 1275/1275/1173 1276/1276/1171
f 1274/1274/1172 1277/1277/1174 1278/1278/1175
f 1274/1274/1172 1278/1278/1175 1275/1275/1173
f 1275/1275/1173 1278/1278/1175 990/990/894
f 1275/1275/1173 990/990/894 987/987/892
f 1276/1276/1171 1275/1275/1173 987/987/892
f 1276/1276/1171 987/987/892 986/986/890
f 1277/1277/1174 1279/1279/1176 1280/1280/1177
f 1277/1277/1174 1280/1280/1177 1278/1278/1175
f 1279/1279/1176 1281/1281/1178 1282/1282/1179
f 1279/1279/1176 1282/1282/1179 1280/1280/1177
f 1280/1280/1177 1282/1282/1179 994/994/898
f 1280/1280/1177 994/994/898 992/992/896
f 1278/1278/1175 1280/1280/1177 992/992/896
f 1278/1278/1175 992/992/896 990/990/894
f 1281/1281/1178 1283/1283/1180 1284/1284/1181
f 1281/1281/1178 1284/1284/1181 1282/1282/1179
f 1283/1283/1180 1285/1285/1182 1286/1286/1183
f 1283/1283/1180 1286/1286/1183 1284/1284/1181
f 1284/1284/1181 1286/1286/1183 998/998/902
f 1284/1284/1181 998/998/902 996/996/900
f 1282/1282/1179 1284/1284/1181 996/996/900
f 1282/1282/1179 996/996/900 994/994/898
f 1285/1285/1182 1287/1287/1184 1288/1288/1185
f 1285/1285/1182 1288/1288/1185 1286/1286/1183
f 1287/1287/1184 1289/1289/1186 1290/1290/1187
f 1287/1287/1184 1290/1290/1187 1288/1288/1185
f 1288/1288/1185 1290/1290/1187 1002/1002/906
f 1288/1288/1185 1002/1002/906 1000/1000/904
f 1286/1286/1183 1288/1288/1185 1000/1000/904
f 1286/1286/1183 1000/1000/904 998/998/902
f 1289/1289/1186 1291/1291/1188 1292/1292/1189
f 1289/1289/1186 1292/1292/1189 1290/1290/1187
f 1291/1291/1188 1293/1293/1190 1294/1294/1191
f 1291/1291/1188 1294/1294/1191 1292/1292/1189
f 1292/1292/1189 1294/1294/1191 1006/1006/910
f 1292/1292/1189 1006/1006/910 1004/1004/908
f 1290/1290/1187 1292/1292/1189 1004/1004/908
f 1290/1290/1187 1004/1004/908 1002/1002/906
f 1293/1293/1190 1295/1295/1192 1296/1296/1193
f 1293/1293/1190 1296/1296/1193 1294/1294/1191
f 1295/1295/1192 1297/1297/1194 1298/1298/1195
f 1295/1295/1192 1298/1298/1195 1296/1296/1193
f 1296/1296/1193 1298/1298/1195 1010/1010/914
f 1296/1296/1193 1010/1010/914 1008/1008/912
f 1294/1294/1191 1296/1296/1193 1008/1008/912
f 1294/1294/1191 1008/1008/912 1006/1006/910
f 1297/1297/1194 1299/1299/1196 1300/1300/1197
f 1297/1297/1194 1300/1300/1197 1298/1298/1195
f 1299/1299/1196 1301/1301/1198 1302/1302/1199
f 1299/1299/1196 1302/1302/1199 1300/1300/1197
f 1300/1300/1197 1302/1302/1199 1014/1014/918
f 1300/1300/1197 1014/1014/918 1012/1012/916
f 1298/1298/1195 1300/1300/1197 1012/1012/916
f 1298/1298/1195 1012/1012/916 1010/1010/914
f 1301/1301/1198 1303/1303/1200 1304/1304/1201
f 1301/1301/1198 1304/1304/1201 1302/1302/1199
f 1303/1303/1200 1305/1305/1202 1306/1306/1203
f 1303/1303/1200 1306/1306/1203 1304/1304/1201
f 1304/1304/1201 1306/1306/1203 1018/1018/922
f 1304/1304/1201 1018/1018/922 1016/1016/920
f 1302/1302/1199 1304/1304/1201 1016/1016/920
f 1302/1302/1199 1016/1016/920 1014/1014/918
f 1305/1305/1202 1307/1307/1204 1308/1308/1205
f 1305/1305/1202 1308/1308/1205 1306/1306/1203
f 1307/1307/1204 1309/1309/1206 1310/1310/1207
f 1307/1307/1204 1310/1310/1207 1308/1308/1205
f 1308/1308/1205 1310/1310/1207 1022/1022/926
f 1308/1308/1205 1022/1022/926 1020/1020/924
f 1306/1306/1203 1308/1308/1205 1020/1020/924
f 1306/1306/1203 1020/1020/924 1018/1018/922
f 1309/1309/1206 1311/1311/1208 1312/1312/1209
f 1309/1309/1206 1312/1312/1209 1310/1310/1207
f 1311/1311/1208 1313/1313/1210 1314/1314/1211
f 1311/1311/1208 1314/1314/1211 1312/1312/1209
f 1312/1312/1209 1314/1314/1211 1026/1026/930
f 1312/1312/1209 1026/1026/930 1024/1024/928
f 1310/1310/1207 1312/1312/1209 1024/1024/928
f 1310/1310/1207 1024/1024/928 1022/1022/926
f 1313/1313/1210 1315/1315/1212 1316/1316/1213
f 1313/1313/1210 1316/1316/1213 1314/1314/1211
f 1315/1315/1212 1317/1317/1214 1318/1318/1215
f 1315/1315/1212 1318/1318/1215 1316/1316/1213
f 1316/1316/1213 1318/1318/1215 1030/1030/934
f 1316/1316/1213 1030/1030/934 1028/1028/932
f 1314/1314/1211 1316/1316/1213 1028/1028/932
f 1314/1314/1211 1028/1028/932 1026/1026/930
f 1317/1317/1214 1319/1319/1216 1320/1320/1217
f 1317/1317/1214 1320/1320/1217 1318/1318/1215
f 1319/1319/1216 1321/1321/1218 1322/1322/1219
f 1319/1319/1216 1322/1322/1219 1320/1320/1217
f 1320/1320/1217 1322/1322/1219 1034/1034/938
f 1320/1320/1217 1034/1034/938 1032/1032/936
f 1318/1318/1215 1320/1320/1217 1032/1032/936
f 1318/1318/1215 1032/1032/936 1030/1030/934
f 1321/1321/1218 1323/1323/1220 1324/1324/1221
f 1321/1321/1218 1324/1324/1221 1322/1322/1219
f 1323/1323/1220 1325/1325/1222 1326/1326/1223
f 1323/1323/1220 1326/1326/1223 1324/1324/1221
f 1324/1324/1221 1326/1326/1223 1038/1038/942
f 1324/1324/1221 1038/1038/942 1036/1036/940
f 1322/1322/1219 1324/1324/1221 1036/1036/940
f 1322/1322/1219 1036/1036/940 1034/1034/938
f 1325/1325/1222 1327/1327/1224 1328/1328/1225
f 1325/1325/1222 1328/1328/1225 1326/1326/1223
f 1327/1327/1224 1329/1329/1226 1330/1330/1227
f 1327/1327/1224 1330/1330/1227 1328/1328/1225
f 1328/1328/1225 1330/1330/1227 1042/1042/946
f 1328/1328/1225 1042/1042/946 1040/1040/944
f 1326/1326/1223 1328/1328/1225 1040/1040/944
f 1326/1326/1223 1040/1040/944 1038/1038/942
f 1329/1329/1226 1331/1331/1228 1332/1332/1229
f 1329/1329/1226 1332/1332/1229 1330/1330/1227
f 1331/1331/1228 1333/1333/1230 1334/1334/1231
f 1331/1331/1228 1334/1334/1231 1332/1332/1229
f 1332/1332/1229 1334/1334/1231 1046/1046/950
f 1332/1332/1229 1046/1046/950 1044/1044/948
f 1330/1330/1227 1332/1332/1229 1044/1044/948
f 1330/1330/1227 1044/1044/948 1042/1042/946
f 1333/1333/1230 1335/1335/1232 1336/1336/1233
f 1333/1333/1230 1336/1336/1233 1334/1334/1231
f 1335/1335/1232 1337/1337/1234 1338/1338/1235
f 1335/1335/1232 1338/1338/1235 1336/1336/1233
f 1336/1336/1233 1338/1338/1235 1050/1050/954
f 1336/1336/1233 1050/1050/954 1048/1048/952
f 1334/1334/1231 1336/1336/1233 1048/1048/952
f 1334/1334/1231 1048/1048/952 1046/1046/950
f 1337/1337/1234 1339/1339/1236 1340/1340/1237
f 1337/1337/1234 1340/1340/1237 1338/1338/1235
f 1339/1339/1236 1341/1341/1238 1342/1342/1239
f 1339/1339/1236 1342/1342/1239 1340/1340/1237
f 1340/1340/1237 1342/1342/1239 1054/1054/958
f 1340/1340/1237 1054/1054/958 1052/1052/956
f 1338/1338/1235 1340/1340/1237 1052/1052/956
f 1338/1338/1235 1052/1052/956 1050/1050/954
f 979/979/885 1057/1057/961 1343/1343/1240
f 979/979/885 1343/1343/1240 1265/1265/1164
f 1057/1057/961 1054/1054/958 1342/1342/1239
f 1057/1057/961 1342/1342/1239 1343/1343/1240
f 1343/1343/1240 1342/1342/1239 1341/1341/1238
f 1343/1343/1240 1341/1341/1238 1344/1344/1241
f 1265/1265/1164 1343/1343/1240 1344/1344/1241
f 1265/1265/1164 1344/1344/1241 1266/1266/1165
f 1268/1268/1167 1267/1267/1166 1345/1345/1242
f 1268/1268/1167 1345/1345/1242 1346/1346/1243
f 1267/1267/1166 1266/1266/1165 1347/1347/1244
f 1267/1267/1166 1347/1347/1244 1345/1345/1242
f 1345/1345/1242 1347/1347/1244 1348/1348/1245
f 1345/1345/1242 1348/1348/1245 1349/1349/1246
f 1346/1346/1243 1345/1345/1242 1349/1349/1246
f 1346/1346/1243 1349/1349/1246 1350/1350/1247
f 1351/1351/1248 1352/1352/1249 1353/1353/1250
f 1351/1351/1248 1353/1353/1250 1354/1354/1251
f 1352/1352/1249 1271/1271/1170 1269/1269/1168
f 1352/1352/1249 1269/1269/1168 1353/1353/1250
f 1353/1353/1250 1269/1269/1168 1268/1268/1167
f 1353/1353/1250 1268/1268/1167 1346/1346/1243
f 1354/1354/1251 1353/1353/1250 1346/1346/1243
f 1354/1354/1251 1346/1346/1243 1350/1350/1247
f 1355/1355/1252 1356/1356/1253 1357/1357/1254
f 1355/1355/1252 1357/1357/1254 1358/1358/1255
f 1356/1356/1253 1277/1277/1174 1274/1274/1172
f 1356/1356/1253 1274/1274/1172 1357/1357/1254
f 1357/1357/1254 1274/1274/1172 1273/1273/1170
f 1357/1357/1254 1273/1273/1170 1359/1359/1249
f 1358/1358/1255 1357/1357/1254 1359/1359/1249
f 1358/1358/1255 1359/1359/1249 1360/1360/1248
f 1361/1361/1256 1362/1362/1257 1363/1363/1258
f 1361/1361/1256 1363/1363/1258 1364/1364/1259
f 1362/1362/1257 1281/1281/1178 1279/1279/1176
f 1362/1362/1257 1279/1279/1176 1363/1363/1258
f 1363/1363/1258 1279/1279/1176 1277/1277/1174
f 1363/1363/1258 1277/1277/1174 1356/1356/1253
f 1364/1364/1259 1363/1363/1258 1356/1356/1253
f 1364/1364/1259 1356/1356/1253 1355/1355/1252
f 1365/1365/1260 1366/1366/1261 1367/1367/1262
f 1365/1365/1260 1367/1367/1262 1368/1368/1263
f 1366/1366/1261 1285/1285/1182 1283/1283/1180
f 1366/1366/1261 1283/1283/1180 1367/1367/1262
f 1367/1367/1262 1283/1283/1180 1281/1281/1178
f 1367/1367/1262 1281/1281/1178 1362/1362/1257
f 1368/1368/1263 1367/1367/1262 1362/1362/1257
f 1368/1368/1263 1362/1362/1257 1361/1361/1256
f 1369/1369/1264 1370/1370/1265 1371/1371/1266
f 1369/1369/1264 1371/1371/1266 1372/1372/1267
f 1370/1370/1265 1289/1289/1186 1287/1287/1184
f 1370/1370/1265 1287/1287/1184 1371/1371/1266
f 1371/1371/1266 1287/1287/1184 1285/1285/1182
f 1371/1371/1266 1285/1285/1182 1366/1366/1261
f 1372/1372/1267 1371/1371/1266 1366/1366/1261
f 1372/1372/1267 1366/1366/1261 1365/1365/1260
f 1373/1373/1268 1374/1374/1269 1375/1375/1270
f 1373/1373/1268 1375/1375/1270 1376/1376/1271
f 1374/1374/1269 1293/1293/1190 1291/1291/1188
f 1374/1374/1269 1291/1291/1188 1375/1375/1270
f 1375/1375/1270 1291/1291/1188 1289/1289/1186
f 1375/1375/1270 1289/1289/1186 1370/1370/1265
f 1376/1376/1271 1375/1375/1270 1370/1370/1265
f 1376/1376/1271 1370/1370/1265 1369/1369/1264
f 1377/1377/1272 1378/1378/1273 1379/1379/1274
f 1377/1377/1272 1379/1379/1274 1380/1380/1275
f 1378/1378/1273 1297/1297/1194 1295/1295/1192
f 1378/1378/1273 1295/1295/1192 1379/1379/1274
f 1379/1379/1274 1295/1295/1192 1293/1293/1190
f 1379/1379/1274 1293/1293/1190 1374/1374/1269
f 1380/1380/1275 1379/1379/1274 1374/1374/1269
f 1380/1380/1275 1374/1374/1269 1373/1373/1268
f 1381/1381/1276 1382/1382/1277 1383/1383/1278
f 1381/1381/1276 1383/1383/1278 1384/1384/1279
f 1382/1382/1277 1301/1301/1198 1299/1299/1196
f 1382/1382/1277 1299/1299/1196 1383/1383/1278
f 1383/1383/1278 1299/1299/1196 1297/1297/1194
f 1383/1383/1278 1297/1297/1194 1378/1378/1273
f 1384/1384/1279 1383/1383/1278 1378/1378/1273
f 1384/1384/1279 1378/1378/1273 1377/1377/1272
f 1385/1385/1280 1386/1386/1281 1387/1387/1282
f 1385/1385/1280 1387/1387/1282 1388/1388/1283
f 1386/1386/1281 1305/1305/1202 1303/1303/1200
f 1386/1386/1281 1303/1303/1200 1387/1387/1282
f 1387/1387/1282 1303/1303/1200 1301/1301/1198
f 1387/1387/1282 1301/1301/1198 1382/1382/1277
f 1388/1388/1283 1387/1387/1282 1382/1382/1277
f 1388/1388/1283 1382/1382/1277 1381/1381/1276
f 1389/1389/1284 1390/1390/1285 1391/1391/1286
f 1389/1389/1284 1391/1391/1286 1392/1392/1287
f 1390/1390/1285 1309/1309/1206 1307/1307/1204
f 1390/1390/1285 1307/1307/1204 1391/1391/1286
f 1391/1391/1286 1307/1307/1204 1305/1305/1202
f 1391/1391/1286 1305/1305/1202 1386/1386/1281
f 1392/1392/1287 1391/1391/1286 1386/1386/1281
f 1392/1392/1287 1386/1386/1281 1385/1385/1280
f 1393/1393/1288 1394/1394/1289 1395/1395/1290
f 1393/1393/1288 1395/1395/1290 1396/1396/1291
f 1394/1394/1289 1313/1313/1210 1311/1311/1208
f 1394/1394/1289 1311/1311/1208 1395/1395/1290
f 1395/1395/1290 1311/1311/1208 1309/1309/1206
f 1395/1395/1290 1309/1309/1206 1390/1390/1285
f 1396/1396/1291 1395/1395/1290 1390/1390/1285
f 1396/1396/1291 1390/1390/1285 1389/1389/1284
f 1397/1397/1292 1398/1398/1293 1399/1399/1294
f 1397/1397/1292 1399/1399/1294 1400/1400/1295
f 1398/1398/1293 1317/1317/1214 1315/1315/1212
f 1398/1398/1293 1315/1315/1212 1399/1399/1294
f 1399/1399/1294 1315/1315/1212 1313/1313/1210
f 1399/1399/1294 1313/1313/1210 1394/1394/1289
f 1400/1400/1295 1399/1399/1294 1394/1394/1289
f 1400/1400/1295 1394/1394/1289 1393/1393/1288
f 1401/1401/1296 1402/1402/1297 1403/1403/1298
f 1401/1401/1296 1403/1403/1298 1404/1404/1299
f 1402/1402/1297 1321/1321/1218 1319/1319/1216
f 1402/1402/1297 1319/1319/1216 1403/1403/1298
f 1403/1403/1298 1319/1319/1216 1317/1317/1214
f 1403/1403/1298 1317/1317/1214 1398/1398/1293
f 1404/1404/1299 1403/1403/1298 1398/1398/1293
f 1404/1404/1299 1398/1398/1293 1397/1397/1292
f 1405/1405/1300 1406/1406/1301 1407/1407/1302
f 1405/1405/1300 1407/1407/1302 1408/1408/1303
f 1406/1406/1301 1325/1325/1222 1323/1323/1220
f 1406/1406/1301 1323/1323/1220 1407/1407/1302
f 1407/1407/1302 1323/1323/1220 1321/1321/1218
f 1407/1407/1302 1321/1321/1218 1402/1402/1297
f 1408/1408/1303 1407/1407/1302 1402/1402/1297
f 1408/1408/1303 1402/1402/1297 1401/1401/1296
f 1409/1409/1304 1410/1410/1305 1411/1411/1306
f 1409/1409/1304 1411/1411/1306 1412/1412/1307
f 1410/1410/1305 1329/1329/1226 1327/1327/1224
f 1410/1410/1305 1327/1327/1224 1411/1411/1306
f 1411/1411/1306 1327/1327/1224 1325/1325/1222
f 1411/1411/1306 1325/1325/1222 1406/1406/1301
f 1412/1412/1307 1411/1411/1306 1406/1406/1301
f 1412/1412/1307 1406/1406/1301 1405/1405/1300
f 1413/1413/1308 1414/1414/1309 1415/1415/1310
f 1413/1413/1308 1415/1415/1310 1416/1416/1311
f 1414/1414/1309 1333/1333/1230 1331/1331/1228
f 1414/1414/1309 1331/1331/1228 1415/1415/1310
f 1415/1415/1310 1331/1331/1228 1329/1329/1226
f 1415/1415/1310 1329/1329/1226 1410/1410/1305
f 1416/1416/1311 1415/1415/1310 1410/1410/1305
f 1416/1416/1311 1410/1410/1305 1409/1409/1304
f 1417/1417/1312 1418/1418/1313 1419/1419/1314
f 1417/1417/1312 1419/1419/1314 1420/1420/1315
f 1418/1418/1313 1337/1337/1234 1335/1335/1232
f 1418/1418/1313 1335/1335/1232 1419/1419/1314
f 1419/1419/1314 1335/1335/1232 1333/1333/1230
f 1419/1419/1314 1333/1333/1230 1414/1414/1309
f 1420/1420/1315 1419/1419/1314 1414/1414/1309
f 1420/1420/1315 1414/1414/1309 1413/1413/1308
f 1421/1421/1316 1422/1422/1317 1423/1423/1318
f 1421/1421/1316 1423/1423/1318 1424/1424/1319
f 1422/1422/1317 1341/1341/1238 1339/1339/1236
f 1422/1422/1317 1339/1339/1236 1423/1423/1318
f 1423/1423/1318 1339/1339/1236 1337/1337/1234
f 1423/1423/1318 1337/1337/1234 1418/1418/1313
f 1424/1424/1319 1423/1423/1318 1418/1418/1313
f 1424/1424/1319 1418/1418/1313 1417/1417/1312
f 1266/1266/1165 1344/1344/1241 1425/1425/1320
f 1266/1266/1165 1425/1425/1320 1347/1347/1244
f 1344/1344/1241 1341/1341/1238 1422/1422/1317
f 1344/1344/1241 1422/1422/1317 1425/1425/1320
f 1425/1425/1320 1422/1422/1317 1421/1421/1316
f 1425/1425/1320 1421/1421/1316 1426/1426/1321
f 1347/1347/1244 1425/1425/1320 1426/1426/1321
f 1347/1347/1244 1426/1426/1321 1348/1348/1245
f 1427/1427/1316 1428/1428/1319 1429/1429/1322
f 1427/1427/1316 1429/1429/1322 1430/1430/1323
f 1428/1428/1319 1431/1431/1312 1432/1432/1324
f 1428/1428/1319 1432/1432/1324 1429/1429/1322
f 1429/1429/1322 1432/1432/1324 1062/1062/966
f 1429/1429/1322 1062/1062/966 1059/1059/963
f 1430/1430/1323 1429/1429/1322 1059/1059/963
f 1430/1430/1323 1059/1059/963 1058/1058/962
f 1431/1431/1312 1433/1433/1315 1434/1434/1325
f 1431/1431/1312 1434/1434/1325 1432/1432/1324
f 1433/1433/1315 1435/1435/1308 1436/1436/1326
f 1433/1433/1315 1436/1436/1326 1434/1434/1325
f 1434/1434/1325 1436/1436/1326 1069/1069/973
f 1434/1434/1325 1069/1069/973 1067/1067/971
f 1432/1432/1324 1434/1434/1325 1067/1067/971
f 1432/1432/1324 1067/1067/971 1062/1062/966
f 1435/1435/1308 1437/1437/1311 1438/1438/1327
f 1435/1435/1308 1438/1438/1327 1436/1436/1326
f 1437/1437/1311 1439/1439/1304 1440/1440/1328
f 1437/1437/1311 1440/1440/1328 1438/1438/1327
f 1438/1438/1327 1440/1440/1328 1075/1075/979
f 1438/1438/1327 1075/1075/979 1073/1073/977
f 1436/1436/1326 1438/1438/1327 1073/1073/977
f 1436/1436/1326 1073/1073/977 1069/1069/973
f 1439/1439/1304 1441/1441/1307 1442/1442/1329
f 1439/1439/1304 1442/1442/1329 1440/1440/1328
f 1441/1441/1307 1443/1443/1300 1444/1444/1330
f 1441/1441/1307 1444/1444/1330 1442/1442/1329
f 1442/1442/1329 1444/1444/1330 1081/1081/985
f 1442/1442/1329 1081/1081/985 1079/1079/983
f 1440/1440/1328 1442/1442/1329 1079/1079/983
f 1440/1440/1328 1079/1079/983 1075/1075/979
f 1443/1443/1300 1445/1445/1303 1446/1446/1331
f 1443/1443/1300 1446/1446/1331 1444/1444/1330
f 1445/1445/1303 1447/1447/1296 1448/1448/1332
f 1445/1445/1303 1448/1448/1332 1446/1446/1331
f 1446/1446/1331 1448/1448/1332 1087/1087/991
f 1446/1446/1331 1087/1087/991 1085/1085/989
f 1444/1444/1330 1446/1446/1331 1085/1085/989
f 1444/1444/1330 1085/1085/989 1081/1081/985
f 1447/1447/1296 1449/1449/1299 1450/1450/1333
f 1447/1447/1296 1450/1450/1333 1448/1448/1332
f 1449/1449/1299 1451/1451/1292 1452/1452/1334
f 1449/1449/1299 1452/1452/1334 1450/1450/1333
f 1450/1450/1333 1452/1452/1334 1093/1093/997
f 1450/1450/1333 1093/1093/997 1091/1091/995
f 1448/1448/1332 1450/1450/1333 1091/1091/995
f 1448/1448/1332 1091/1091/995 1087/1087/991
f 1451/1451/1292 1453/1453/1295 1454/1454/1335
f 1451/1451/1292 1454/1454/1335 1452/1452/1334
f 1453/1453/1295 1455/1455/1288 1456/1456/1336
f 1453/1453/1295 1456/1456/1336 1454/1454/1335
f 1454/1454/1335 1456/1456/1336 1099/1099/1003
f 1454/1454/1335 1099/1099/1003 1097/1097/1001
f 1452/1452/1334 1454/1454/1335 1097/1097/1001
f 1452/1452/1334 1097/1097/1001 1093/1093/997
f 1455/1455/1288 1457/1457/1291 1458/1458/1337
f 1455/1455/1288 1458/1458/1337 1456/1456/1336
f 1457/1457/1291 1459/1459/1284 1460/1460/1338
f 1457/1457/1291 1460/1460/1338 1458/1458/1337
f 1458/1458/1337 1460/1460/1338 1105/1105/1009
f 1458/1458/1337 1105/1105/1009 1103/1103/1007
f 1456/1456/1336 1458/1458/1337 1103/1103/1007
f 1456/1456/1336 1103/1103/1007 1099/1099/1003
f 1459/1459/1284 1461/1461/1287 1462/1462/1339
f 1459/1459/1284 1462/1462/1339 1460/1460/1338
f 1461/1461/1287 1463/1463/1280 1464/1464/1340
f 1461/1461/1287 1464/1464/1340 1462/1462/1339
f 1462/1462/1339 1464/1464/1340 1111/1111/1015
f 1462/1462/1339 1111/1111/1015 1109/1109/1013
f 1460/1460/1338 1462/1462/1339 1109/1109/1013
f 1460/1460/1338 1109/1109/1013 1105/1105/1009
f 1463/1463/1280 1465/1465/1283 1466/1466/1341
f 1463/1463/1280 1466/1466/1341 1464/1464/1340
f 1465/1465/1283 1467/1467/1276 1468/1468/1342
f 1465/1465/1283 1468/1468/1342 1466/1466/1341
f 1466/1466/1341 1468/1468/1342 1117/1117/1021
f 1466/1466/1341 1117/1117/1021 1115/1115/1019
f 1464/1464/1340 1466/1466/1341 1115/1115/1019
f 1464/1464/1340 1115/1115/1019 1111/1111/1015
f 1467/1467/1276 1469/1469/1279 1470/1470/1343
f 1467/1467/1276 1470/1470/1343 1468/1468/1342
f 1469/1469/1279 1471/1471/1272 1472/1472/1344
f 1469/1469/1279 1472/1472/1344 1470/1470/1343
f 1470/1470/1343 1472/1472/1344 1123/1123/1027
f 1470/1470/1343 1123/1123/1027 1121/1121/1025
f 1468/1468/1342 1470/1470/1343 1121/1121/1025
f 1468/1468/1342 1121/1121/1025 1117/1117/1021
f 1471/1471/1272 1473/1473/1275 1474/1474/1345
f 1471/1471/1272 1474/1474/1345 1472/1472/1344
f 1473/1473/1275 1475/1475/1268 1476/1476/1346
f 1473/1473/1275 1476/1476/1346 1474/1474/1345
f 1474/1474/1345 1476/1476/1346 1129/1129/1033
f 1474/1474/1345 1129/1129/1033 1127/1127/1031
f 1472/1472/1344 1474/1474/1345 1127/1127/1031
f 1472/1472/1344 1127/1127/1031 1123/1123/1027
f 1475/1475/1268 1477/1477/1271 1478/1478/1347
f 1475/1475/1268 1478/1478/1347 1476/1476/1346
f 1477/1477/1271 1479/1479/1264 1480/1480/1348
f 1477/1477/1271 1480/1480/1348 1478/1478/1347
f 1478/1478/1347 1480/1480/1348 1135/1135/1039
f 1478/1478/1347 1135/1135/1039 1133/1133/1037
f 1476/1476/1346 1478/1478/1347 1133/1133/1037
f 1476/1476/1346 1133/1133/1037 1129/1129/1033
f 1479/1479/1264 1481/1481/1267 1482/1482/1349
f 1479/1479/1264 1482/1482/1349 1480/1480/1348
f 1481/1481/1267 1483/1483/1260 1484/1484/1350
f 1481/1481/1267 1484/1484/1350 1482/1482/1349
f 1482/1482/1349 1484/1484/1350 1141/1141/1045
f 1482/1482/1349 1141/1141/1045 1139/1139/1043
f 1480/1480/1348 1482/1482/1349 1139/1139/1043
f 1480/1480/1348 1139/1139/1043 1135/1135/1039
f 1483/1483/1260 1485/1485/1263 1486/1486/1351
f 1483/1483/1260 1486/1486/1351 1484/1484/1350
f 1485/1485/1263 1487/1487/1256 1488/1488/1352
f 1485/1485/1263 1488/1488/1352 1486/1486/1351
f 1486/1486/1351 1488/1488/1352 1147/1147/1051
f 1486/1486/1351 1147/1147/1051 1145/1145/1049
f 1484/1484/1350 1486/1486/1351 1145/1145/1049
f 1484/1484/1350 1145/1145/1049 1141/1141/1045
f 1487/1487/1256 1489/1489/1259 1490/1490/1353
f 1487/1487/1256 1490/1490/1353 1488/1488/1352
f 1489/1489/1259 1491/1491/1252 1492/1492/1354
f 1489/1489/1259 1492/1492/1354 1490/1490/1353
f 1490/1490/1353 1492/1492/1354 1153/1153/1057
f 1490/1490/1353 1153/1153/1057 1151/1151/1055
f 1488/1488/1352 1490/1490/1353 1151/1151/1055
f 1488/1488/1352 1151/1151/1055 1147/1147/1051
f 1491/1491/1252 1493/1493/1255 1494/1494/1355
f 1491/1491/1252 1494/1494/1355 1492/1492/1354
f 1493/1493/1255 1495/1495/1248 1496/1496/1356
f 1493/1493/1255 1496/1496/1356 1494/1494/1355
f 1494/1494/1355 1496/1496/1356 1159/1159/1063
f 1494/1494/1355 1159/1159/1063 1157/1157/1061
f 1492/1492/1354 1494/1494/1355 1157/1157/1061
f 1492/1492/1354 1157/1157/1061 1153/1153/1057
f 1497/1497/1248 1498/1498/1251 1499/1499/1357
f 1497/1497/1248 1499/1499/1357 1500/1500/1356
f 1498/1498/1251 1501/1501/1247 1502/1502/1358
f 1498/1498/1251 1502/1502/1358 1499/1499/1357
f 1499/1499/1357 1502/1502/1358 1167/1167/1069
f 1499/1499/1357 1167/1167/1069 1164/1164/1067
f 1500/1500/1356 1499/1499/1357 1164/1164/1067
f 1500/1500/1356 1164/1164/1067 1163/1163/1063
f 1501/1501/1247 1503/1503/1246 1504/1504/1359
f 1501/1501/1247 1504/1504/1359 1502/1502/1358
f 1503/1503/1246 1505/1505/1245 1506/1506/1360
f 1503/1503/1246 1506/1506/1360 1504/1504/1359
f 1504/1504/1359 1506/1506/1360 1174/1174/1075
f 1504/1504/1359 1174/1174/1075 1172/1172/1073
f 1502/1502/1358 1504/1504/1359 1172/1172/1073
f 1502/1502/1358 1172/1172/1073 1167/1167/1069
f 1505/1505/1245 1507/1507/1321 1508/1508/1361
f 1505/1505/1245 1508/1508/1361 1506/1506/1360
f 1507/1507/1321 1427/1427/1316 1430/1430/1323
f 1507/1507/1321 1430/1430/1323 1508/1508/1361
f 1508/1508/1361 1430/1430/1323 1058/1058/962
f 1508/1508/1361 1058/1058/962 1178/1178/1079
f 1506/1506/1360 1508/1508/1361 1178/1178/1079
f 1506/1506/1360 1178/1178/1079 1174/1174/1075
f 1509/1509/1362 1510/1510/1363 1511/1511/1364
f 1509/1509/1362 1511/1511/1364 1512/1512/1365
f 1510/1510/1363 1513/1513/1366 1514/1514/1367
f 1510/1510/1363 1514/1514/1367 1511/1511/1364
f 1511/1511/1364 1514/1514/1367 1515/1515/1368
f 1511/1511/1364 1515/1515/1368 1516/1516/1369
f 1512/1512/1365 1511/1511/1364 1516/1516/1369
f 1512/1512/1365 1516/1516/1369 1517/1517/1370
f 1513/1513/1366 1518/1518/1371 1519/1519/1372
f 1513/1513/1366 1519/1519/1372 1514/1514/1367
f 1518/1518/1371 1520/1520/1373 1521/1521/1374
f 1518/1518/1371 1521/1521/1374 1519/1519/1372
f 1519/1519/1372 1521/1521/1374 1522/1522/1375
f 1519/1519/1372 1522/1522/1375 1523/1523/1376
f 1514/1514/1367 1519/1519/1372 1523/1523/1376
f 1514/1514/1367 1523/1523/1376 1515/1515/1368
f 1520/1520/1373 1524/1524/1377 1525/1525/1378
f 1520/1520/1373 1525/1525/1378 1521/1521/1374
f 1524/1524/1377 1526/1526/1379 1527/1527/1380
f 1524/1524/1377 1527/1527/1380 1525/1525/1378
f 1525/1525/1378 1527/1527/1380 1528/1528/1381
f 1525/1525/1378 1528/1528/1381 1529/1529/1382
f 1521/1521/1374 1525/1525/1378 1529/1529/1382
f 1521/1521/1374 1529/1529/1382 1522/1522/1375
f 1526/1526/1379 1530/1530/1383 1531/1531/1384
f 1526/1526/1379 1531/1531/1384 1527/1527/1380
f 1530/1530/1383 1532/1532/1385 1533/1533/1386
f 1530/1530/1383 1533/1533/1386 1531/1531/1384
f 1531/1531/1384 1533/1533/1386 1534/1534/1387
f 1531/1531/1384 1534/1534/1387 1535/1535/1388
f 1527/1527/1380 1531/1531/1384 1535/1535/1388
f 1527/1527/1380 1535/1535/1388 1528/1528/1381
f 1532/1532/1385 1536/1536/1389 1537/1537/1390
f 1532/1532/1385 1537/1537/1390 1533/1533/1386
f 1536/1536/1389 1538/1538/1391 1539/1539/1392
f 1536/1536/1389 1539/1539/1392 1537/1537/1390
f 1537/1537/1390 1539/1539/1392 1540/1540/1393
f 1537/1537/1390 1540/1540/1393 1541/1541/1394
f 1533/1533/1386 1537/1537/1390 1541/1541/1394
f 1533/1533/1386 1541/1541/1394 1534/1534/1387
f 1538/1538/1391 1542/1542/1395 1543/1543/1396
f 1538/1538/1391 1543/1543/1396 1539/1539/1392
f 1542/1542/1395 1544/1544/1397 1545/1545/1398
f 1542/1542/1395 1545/1545/1398 1543/1543/1396
f 1543/1543/1396 1545/1545/1398 1546/1546/1399
f 1543/1543/1396 1546/1546/1399 1547/1547/1400
f 1539/1539/1392 1543/1543/1396 1547/1547/1400
f 1539/1539/1392 1547/1547/1400 1540/1540/1393
f 1544/1544/1397 1548/1548/1401 1549/1549/1402
f 1544/1544/1397 1549/1549/1402 1545/1545/1398
f 1548/1548/1401 1550/1550/1403 1551/1551/1404
f 1548/1548/1401 1551/1551/1404 1549/1549/1402
f 1549/1549/1402 1551/1551/1404 1552/1552/1405
f 1549/1549/1402 1552/1552/1405 1553/1553/1406
f 1545/1545/1398 1549/1549/1402 1553/1553/1406
f 1545/1545/1398 1553/1553/1406 1546/1546/1399
f 1550/1550/1403 1554/1554/1407 1555/1555/1408
f 1550/1550/1403 1555/1555/1408 1551/1551/1404
f 1554/1554/1407 1556/1556/1409 1557/1557/1410
f 1554/1554/1407 1557/1557/1410 1555/1555/1408
f 1555/1555/1408 1557/1557/1410 1558/1558/1411
f 1555/1555/1408 1558/1558/1411 1559/1559/1412
f 1551/1551/1404 1555/1555/1408 1559/1559/1412
f 1551/1551/1404 1559/1559/1412 1552/1552/1405
f 1556/1556/1409 1560/1560/1413 1561/1561/1414
f 1556/1556/1409 1561/1561/1414 1557/1557/1410
f 1560/1560/1413 1562/1562/1415 1563/1563/1416
f 1560/1560/1413 1563/1563/1416 1561/1561/1414
f 1561/1561/1414 1563/1563/1416 1564/1564/1417
f 1561/1561/1414 1564/1564/1417 1565/1565/1418
f 1557/1557/1410 1561/1561/1414 1565/1565/1418
f 1557/1557/1410 1565/1565/1418 1558/1558/1411
f 1562/1562/1415 1566/1566/1419 1567/1567/1420
f 1562/1562/1415 1567/1567/1420 1563/1563/1416
f 1566/1566/1419 1568/1568/1421 1569/1569/1422
f 1566/1566/1419 1569/1569/1422 1567/1567/1420
f 1567/1567/1420 1569/1569/1422 1570/1570/1423
f 1567/1567/1420 1570/1570/1423 1571/1571/1424
f 1563/1563/1416 1567/1567/1420 1571/1571/1424
f 1563/1563/1416 1571/1571/1424 1564/1564/1417
f 1568/1568/1421 1572/1572/1425 1573/1573/1426
f 1568/1568/1421 1573/1573/1426 1569/1569/1422
f 1572/1572/1425 1574/1574/1427 1575/1575/1428
f 1572/1572/1425 1575/1575/1428 1573/1573/1426
f 1573/1573/1426 1575/1575/1428 1576/1576/1429
f 1573/1573/1426 1576/1576/1429 1577/1577/1430
f 1569/1569/1422 1573/1573/1426 1577/1577/1430
f 1569/1569/1422 1577/1577/1430 1570/1570/1423
f 1574/1574/1427 1578/1578/1431 1579/1579/1432
f 1574/1574/1427 1579/1579/1432 1575/1575/1428
f 1578/1578/1431 1580/1580/1433 1581/1581/1434
f 1578/1578/1431 1581/1581/1434 1579/1579/1432
f 1579/1579/1432 1581/1581/1434 1582/1582/1435
f 1579/1579/1432 1582/1582/1435 1583/1583/1436
f 1575/1575/1428 1579/1579/1432 1583/1583/1436
f 1575/1575/1428 1583/1583/1436 1576/1576/1429
f 1580/1580/1433 1584/1584/1437 1585/1585/1438
f 1580/1580/1433 1585/1585/1438 1581/1581/1434
f 1584/1584/1437 1586/1586/1439 1587/1587/1440
f 1584/1584/1437 1587/1587/1440 1585/1585/1438
f 1585/1585/1438 1587/1587/1440 1588/1588/1441
f 1585/1585/1438 1588/1588/1441 1589/1589/1442
f 1581/1581/1434 1585/1585/1438 1589/1589/1442
f 1581/1581/1434 1589/1589/1442 1582/1582/1435
f 1586/1586/1439 1590/1590/1443 1591/1591/1444
f 1586/1586/1439 1591/1591/1444 1587/1587/1440
f 1590/1590/1443 1592/1592/1445 1593/1593/1446
f 1590/1590/1443 1593/1593/1446 1591/1591/1444
f 1591/1591/1444 1593/1593/1446 1594/1594/1447
f 1591/1591/1444 1594/1594/1447 1595/1595/1448
f 1587/1587/1440 1591/1591/1444 1595/1595/1448
f 1587/1587/1440 1595/1595/1448 1588/1588/1441
f 1592/1592/1445 1596/1596/1449 1597/1597/1450
f 1592/1592/1445 1597/1597/1450 1593/1593/1446
f 1596/1596/1449 1598/1598/1451 1599/1599/1452
f 1596/1596/1449 1599/1599/1452 1597/1597/1450
f 1597/1597/1450 1599/1599/1452 1600/1600/1453
f 1597/1597/1450 1600/1600/1453 1601/1601/1454
f 1593/1593/1446 1597/1597/1450 1601/1601/1454
f 1593/1593/1446 1601/1601/1454 1594/1594/1447
f 1598/1598/1451 1602/1602/1455 1603/1603/1456
f 1598/1598/1451 1603/1603/1456 1599/1599/1452
f 1602/1602/1455 1604/1604/1457 1605/1605/1458
f 1602/1602/1455 1605/1605/1458 1603/1603/1456
f 1603/1603/1456 1605/1605/1458 1606/1606/1459
f 1603/1603/1456 1606/1606/1459 1607/1607/1460
f 1599/1599/1452 1603/1603/1456 1607/1607/1460
f 1599/1599/1452 1607/1607/1460 1600/1600/1453
f 1604/1604/1457 1608/1608/1461 1609/1609/1462
f 1604/1604/1457 1609/1609/1462 1605/1605/1458
f 1608/1608/1461 1610/1610/1463 1611/1611/1464
f 1608/1608/1461 1611/1611/1464 1609/1609/1462
f 1609/1609/1462 1611/1611/1464 1612/1612/1465
f 1609/1609/1462 1612/1612/1465 1613/1613/1466
f 1605/1605/1458 1609/1609/1462 1613/1613/1466
f 1605/1605/1458 1613/1613/1466 1606/1606/1459
f 1610/1610/1463 1614/1614/1467 1615/1615/1468
f 1610/1610/1463 1615/1615/1468 1611/1611/1464
f 1614/1614/1467 1616/1616/1469 1617/1617/1470
f 1614/1614/1467 1617/1617/1470 1615/1615/1468
f 1615/1615/1468 1617/1617/1470 1618/1618/1471
f 1615/1615/1468 1618/1618/1471 1619/1619/1472
f 1611/1611/1464 1615/1615/1468 1619/1619/1472
f 1611/1611/1464 1619/1619/1472 1612/1612/1465
f 1620/1620/1469 1621/1621/1473 1622/1622/1474
f 1620/1620/1469 1622/1622/1474 1623/1623/1470
f 1621/1621/1473 1624/1624/1475 1625/1625/1476
f 1621/1621/1473 1625/1625/1476 1622/1622/1474
f 1622/1622/1474 1625/1625/1476 1626/1626/1477
f 1622/1622/1474 1626/1626/1477 1627/1627/1478
f 1623/1623/1470 1622/1622/1474 1627/1627/1478
f 1623/1623/1470 1627/1627/1478 1628/1628/1471
f 1624/1624/1475 1629/1629/1479 1630/1630/1480
f 1624/1624/1475 1630/1630/1480 1625/1625/1476
f 1629/1629/1479 1509/1509/1362 1512/1512/1365
f 1629/1629/1479 1512/1512/1365 1630/1630/1480
f 1630/1630/1480 1512/1512/1365 1517/1517/1370
f 1630/1630/1480 1517/1517/1370 1631/1631/1481
f 1625/1625/1476 1630/1630/1480 1631/1631/1481
f 1625/1625/1476 1631/1631/1481 1626/1626/1477
f 1517/1517/1370 1516/1516/1369 1632/1632/1482
f 1517/1517/1370 1632/1632/1482 1633/1633/1483
f 1516/1516/1369 1515/1515/1368 1634/1634/1484
f 1516/1516/1369 1634/1634/1484 1632/1632/1482
f 1632/1632/1482 1634/1634/1484 1635/1635/1485
f 1632/1632/1482 1635/1635/1485 1636/1636/1486
f 1633/1633/1483 1632/1632/1482 1636/1636/1486
f 1633/1633/1483 1636/1636/1486 1637/1637/1487
f 1515/1515/1368 1523/1523/1376 1638/1638/1488
f 1515/1515/1368 1638/1638/1488 1634/1634/1484
f 1523/1523/1376 1522/1522/1375 1639/1639/1489
f 1523/1523/1376 1639/1639/1489 1638/1638/1488
f 1638/1638/1488 1639/1639/1489 1640/1640/1490
f 1638/1638/1488 1640/1640/1490 1641/1641/1491
f 1634/1634/1484 1638/1638/1488 1641/1641/1491
f 1634/1634/1484 1641/1641/1491 1635/1635/1485
f 1522/1522/1375 1529/1529/1382 1642/1642/1492
f 1522/1522/1375 1642/1642/1492 1639/1639/1489
f 1529/1529/1382 1528/1528/1381 1643/1643/1493
f 1529/1529/1382 1643/1643/1493 1642/1642/1492
f 1642/1642/1492 1643/1643/1493 1644/1644/1494
f 1642/1642/1492 1644/1644/1494 1645/1645/1495
f 1639/1639/1489 1642/1642/1492 1645/1645/1495
f 1639/1639/1489 1645/1645/1495 1640/1640/1490
f 1528/1528/1381 1535/1535/1388 1646/1646/1496
f 1528/1528/1381 1646/1646/1496 1643/1643/1493
f 1535/1535/1388 1534/1534/1387 1647/1647/1497
f 1535/1535/1388 1647/1647/1497 1646/1646/1496
f 1646/1646/1496 1647/1647/1497 1648/1648/1498
f 1646/1646/1496 1648/1648/1498 1649/1649/1499
f 1643/1643/1493 1646/1646/1496 1649/1649/1499
f 1643/1643/1493 1649/1649/1499 1644/1644/1494
f 1534/1534/1387 1541/1541/1394 1650/1650/1500
f 1534/1534/1387 1650/1650/1500 1647/1647/1497
f 1541/1541/1394 1540/1540/1393 1651/1651/1501
f 1541/1541/1394 1651/1651/1501 1650/1650/1500
f 1650/1650/1500 1651/1651/1501 1652/1652/1502
f 1650/1650/1500 1652/1652/1502 1653/1653/1503
f 1647/1647/1497 1650/1650/1500 1653/1653/1503
f 1647/1647/1497 1653/1653/1503 1648/1648/1498
f 1540/1540/1393 1547/1547/1400 1654/1654/1504
f 1540/1540/1393 1654/1654/1504 1651/1651/1501
f 1547/1547/1400 1546/1546/1399 1655/1655/1505
f 1547/1547/1400 1655/1655/1505 1654/1654/1504
f 1654/1654/1504 1655/1655/1505 1656/1656/1506
f 1654/1654/1504 1656/1656/1506 1657/1657/1507
f 1651/1651/1501 1654/1654/1504 1657/1657/1507
f 1651/1651/1501 1657/1657/1507 1652/1652/1502
f 1546/1546/1399 1553/1553/1406 1658/1658/1508
f 1546/1546/1399 1658/1658/1508 1655/1655/1505
f 1553/1553/1406 1552/1552/1405 1659/1659/1509
f 1553/1553/1406 1659/1659/1509 1658/1658/1508
f 1658/1658/1508 1659/1659/1509 1660/1660/1510
f 1658/1658/1508 1660/1660/1510 1661/1661/1511
f 1655/1655/1505 1658/1658/1508 1661/1661/1511
f 1655/1655/1505 1661/1661/1511 1656/1656/1506
f 1552/1552/1405 1559/1559/1412 1662/1662/1512
f 1552/1552/1405 1662/1662/1512 1659/1659/1509
f 1559/1559/1412 1558/1558/1411 1663/1663/1513
f 1559/1559/1412 1663/1663/1513 1662/1662/1512
f 1662/1662/1512 1663/1663/1513 1664/1664/1514
f 1662/1662/1512 1664/1664/1514 1665/1665/1515
f 1659/1659/1509 1662/1662/1512 1665/1665/1515
f 1659/1659/1509 1665/1665/1515 1660/1660/1510
f 1558/1558/1411 1565/1565/1418 1666/1666/1516
f 1558/1558/1411 1666/1666/1516 1663/1663/1513
f 1565/1565/1418 1564/1564/1417 1667/1667/1517
f 1565/1565/1418 1667/1667/1517 1666/1666/1516
f 1666/1666/1516 1667/1667/1517 1668/1668/1518
f 1666/1666/1516 1668/1668/1518 1669/1669/1519
f 1663/1663/1513 1666/1666/1516 1669/1669/1519
f 1663/1663/1513 1669/1669/1519 1664/1664/1514
f 1564/1564/1417 1571/1571/1424 1670/1670/1520
f 1564/1564/1417 1670/1670/1520 1667/1667/1517
f 1571/1571/1424 1570/1570/1423 1671/1671/1521
f 1571/1571/1424 1671/1671/1521 1670/1670/1520
f 1670/1670/1520 1671/1671/1521 1672/1672/1522
f 1670/1670/1520 1672/1672/1522 1673/1673/1523
f 1667/1667/1517 1670/1670/1520 1673/1673/1523
f 1667/1667/1517 1673/1673/1523 1668/1668/1518
f 1570/1570/1423 1577/1577/1430 1674/1674/1524
f 1570/1570/1423 1674/1674/1524 1671/1671/1521
f 1577/1577/1430 1576/1576/1429 1675/1675/1525
f 1577/1577/1430 1675/1675/1525 1674/1674/1524
f 1674/1674/1524 1675/1675/1525 1676/1676/1526
f 1674/1674/1524 1676/1676/1526 1677/1677/1527
f 1671/1671/1521 1674/1674/1524 1677/1677/1527
f 1671/1671/1521 1677/1677/1527 1672/1672/1522
f 1576/1576/1429 1583/1583/1436 1678/1678/1528
f 1576/1576/1429 1678/1678/1528 1675/1675/1525
f 1583/1583/1436 1582/1582/1435 1679/1679/1529
f 1583/1583/1436 1679/1679/1529 1678/1678/1528
f 1678/1678/1528 1679/1679/1529 1680/1680/1530
f 1678/1678/1528 1680/1680/1530 1681/1681/1531
f 1675/1675/1525 1678/1678/1528 1681/1681/1531
f 1675/1675/1525 1681/1681/1531 1676/1676/1526
f 1582/1582/1435 1589/1589/1442 1682/1682/1532
f 1582/1582/1435 1682/1682/1532 1679/1679/1529
f 1589/1589/1442 1588/1588/1441 1683/1683/1533
f 1589/1589/1442 1683/1683/1533 1682/1682/1532
f 1682/1682/1532 1683/1683/1533 1684/1684/1534
f 1682/1682/1532 1684/1684/1534 1685/1685/1535
f 1679/1679/1529 1682/1682/1532 1685/1685/1535
f 1679/1679/1529 1685/1685/1535 1680/1680/1530
f 1588/1588/1441 1595/1595/1448 1686/1686/1536
f 1588/1588/1441 1686/1686/1536 1683/1683/1533
f 1595/1595/1448 1594/1594/1447 1687/1687/1537
f 1595/1595/1448 1687/1687/1537 1686/1686/1536
f 1686/1686/1536 1687/1687/1537 1688/1688/1538
f 1686/1686/1536 1688/1688/1538 1689/1689/1539
f 1683/1683/1533 1686/1686/1536 1689/1689/1539
f 1683/1683/1533 1689/1689/1539 1684/1684/1534
f 1594/1594/1447 1601/1601/1454 1690/1690/1540
f 1594/1594/1447 1690/1690/1540 1687/1687/1537
f 1601/1601/1454 1600/1600/1453 1691/1691/1541
f 1601/1601/1454 1691/1691/1541 1690/1690/1540
f 1690/1690/1540 1691/1691/1541 1692/1692/1542
f 1690/1690/1540 1692/1692/1542 1693/1693/1543
f 1687/1687/1537 1690/1690/1540 1693/1693/1543
f 1687/1687/1537 1693/1693/1543 1688/1688/1538
f 1600/1600/1453 1607/1607/1460 1694/1694/1544
f 1600/1600/1453 1694/1694/1544 1691/1691/1541
f 1607/1607/1460 1606/1606/1459 1695/1695/1545
f 1607/1607/1460 1695/1695/1545 1694/1694/1544
f 1694/1694/1544 1695/1695/1545 1696/1696/1546
f 1694/1694/1544 1696/1696/1546 1697/1697/1547
f 1691/1691/1541 1694/1694/1544 1697/1697/1547
f 1691/1691/1541 1697/1697/1547 1692/1692/1542
f 1606/1606/1459 1613/1613/1466 1698/1698/1548
f 1606/1606/1459 1698/1698/1548 1695/1695/1545
f 1613/1613/1466 1612/1612/1465 1699/1699/1549
f 1613/1613/1466 1699/1699/1549 1698/1698/1548
f 1698/1698/1548 1699/1699/1549 1700/1700/1550
f 1698/1698/1548 1700/1700/1550 1701/1701/1551
f 1695/1695/1545 1698/1698/1548 1701/1701/1551
f 1695/1695/1545 1701/1701/1551 1696/1696/1546
f 1612/1612/1465 1619/1619/1472 1702/1702/1552
f 1612/1612/1465 1702/1702/1552 1699/1699/1549
f 1619/1619/1472 1618/1618/1471 1703/1703/1553
f 1619/1619/1472 1703/1703/1553 1702/1702/1552
f 1702/1702/1552 1703/1703/1553 1704/1704/1554
f 1702/1702/1552 1704/1704/1554 1705/1705/1555
f 1699/1699/1549 1702/1702/1552 1705/1705/1555
f 1699/1699/1549 1705/1705/1555 1700/1700/1550
f 1628/1628/1471 1627/1627/1478 1706/1706/1556
f 1628/1628/1471 1706/1706/1556 1707/1707/1553
f 1627/1627/1478 1626/1626/1477 1708/1708/1557
f 1627/1627/1478 1708/1708/1557 1706/1706/1556
f 1706/1706/1556 1708/1708/1557 1709/1709/1558
f 1706/1706/1556 1709/1709/1558 1710/1710/1559
f 1707/1707/1553 1706/1706/1556 1710/1710/1559
f 1707/1707/1553 1710/1710/1559 1711/1711/1554
f 1626/1626/1477 1631/1631/1481 1712/1712/1560
f 1626/1626/1477 1712/1712/1560 1708/1708/1557
f 1631/1631/1481 1517/1517/1370 1633/1633/1483
f 1631/1631/1481 1633/1633/1483 1712/1712/1560
f 1712/1712/1560 1633/1633/1483 1637/1637/1487
f 1712/1712/1560 1637/1637/1487 1713/1713/1561
f 1708/1708/1557 1712/1712/1560 1713/1713/1561
f 1708/1708/1557 1713/1713/1561 1709/1709/1558
f 1637/1637/1487 1636/1636/1486 1714/1714/1562
f 1637/1637/1487 1714/1714/1562 1715/1715/1563
f 1636/1636/1486 1635/1635/1485 1716/1716/1564
f 1636/1636/1486 1716/1716/1564 1714/1714/1562
f 1714/1714/1562 1716/1716/1564 1717/1717/1565
f 1714/1714/1562 1717/1717/1565 1718/1718/1566
f 1715/1715/1563 1714/1714/1562 1718/1718/1566
f 1715/1715/1563 1718/1718/1566 1719/1719/1567
f 1635/1635/1485 1641/1641/1491 1720/1720/1568
f 1635/1635/1485 1720/1720/1568 1716/1716/1564
f 1641/1641/1491 1640/1640/1490 1721/1721/1569
f 1641/1641/1491 1721/1721/1569 1720/1720/1568
f 1720/1720/1568 1721/1721/1569 1722/1722/1570
f 1720/1720/1568 1722/1722/1570 1723/1723/1571
f 1716/1716/1564 1720/1720/1568 1723/1723/1571
f 1716/1716/1564 1723/1723/1571 1717/1717/1565
f 1640/1640/1490 1645/1645/1495 1724/1724/1572
f 1640/1640/1490 1724/1724/1572 1721/1721/1569
f 1645/1645/1495 1644/1644/1494 1725/1725/1573
f 1645/1645/1495 1725/1725/1573 1724/1724/1572
f 1724/1724/1572 1725/1725/1573 1726/1726/1574
f 1724/1724/1572 1726/1726/1574 1727/1727/1575
f 1721/1721/1569 1724/1724/1572 1727/1727/1575
f 1721/1721/1569 1727/1727/1575 1722/1722/1570
f 1644/1644/1494 1649/1649/1499 1728/1728/1576
f 1644/1644/1494 1728/1728/1576 1725/1725/1573
f 1649/1649/1499 1648/1648/1498 1729/1729/1577
f 1649/1649/1499 1729/1729/1577 1728/1728/1576
f 1728/1728/1576 1729/1729/1577 1730/1730/1578
f 1728/1728/1576 1730/1730/1578 1731/1731/1579
f 1725/1725/1573 1728/1728/1576 1731/1731/1579
f 1725/1725/1573 1731/1731/1579 1726/1726/1574
f 1648/1648/1498 1653/1653/1503 1732/1732/1580
f 1648/1648/1498 1732/1732/1580 1729/1729/1577
f 1653/1653/1503 1652/1652/1502 1733/1733/1581
f 1653/1653/1503 1733/1733/1581 1732/1732/1580
f 1732/1732/1580 1733/1733/1581 1734/1734/1582
f 1732/1732/1580 1734/1734/1582 1735/1735/1583
f 1729/1729/1577 1732/1732/1580 1735/1735/1583
f 1729/1729/1577 1735/1735/1583 1730/1730/1578
f 1652/1652/1502 1657/1657/1507 1736/1736/1584
f 1652/1652/1502 1736/1736/1584 1733/1733/1581
f 1657/1657/1507 1656/1656/1506 1737/1737/1585
f 1657/1657/1507 1737/1737/1585 1736/1736/1584
f 1736/1736/1584 1737/1737/1585 1738/1738/1586
f 1736/1736/1584 1738/1738/1586 1739/1739/1587
f 1733/1733/1581 1736/1736/1584 1739/1739/1587
f 1733/1733/1581 1739/1739/1587 1734/1734/1582
f 1656/1656/1506 1661/1661/1511 1740/1740/1588
f 1656/1656/1506 1740/1740/1588 1737/1737/1585
f 1661/1661/1511 1660/1660/1510 1741/1741/1589
f 1661/1661/1511 1741/1741/1589 1740/1740/1588
f 1740/1740/1588 1741/1741/1589 1742/1742/1590
f 1740/1740/1588 1742/1742/1590 1743/1743/1591
f 1737/1737/1585 1740/1740/1588 1743/1743/1591
f 1737/1737/1585 1743/1743/1591 1738/1738/1586
f 1660/1660/1510 1665/1665/1515 1744/1744/1592
f 1660/1660/1510 1744/1744/1592 1741/1741/1589
f 1665/1665/1515 1664/1664/1514 1745/1745/1593
f 1665/1665/1515 1745/1745/1593 1744/1744/1592
f 1744/1744/1592 1745/1745/1593 1746/1746/1594
f 1744/1744/1592 1746/1746/1594 1747/1747/1595
f 1741/1741/1589 1744/1744/1592 1747/1747/1595
f 1741/1741/1589 1747/1747/1595 1742/1742/1590
f 1664/1664/1514 1669/1669/1519 1748/1748/1596
f 1664/1664/1514 1748/1748/1596 1745/1745/1593
f 1669/1669/1519 1668/1668/1518 1749/1749/1597
f 1669/1669/1519 1749/1749/1597 1748/1748/1596
f 1748/1748/1596 1749/1749/1597 1750/1750/1598
f 1748/1748/1596 1750/1750/1598 1751/1751/1599
f 1745/1745/1593 1748/1748/1596 1751/1751/1599
f 1745/1745/1593 1751/1751/1599 1746/1746/1594
f 1668/1668/1518 1673/1673/1523 1752/1752/1600
f 1668/1668/1518 1752/1752/1600 1749/1749/1597
f 1673/1673/1523 1672/1672/1522 1753/1753/1601
f 1673/1673/1523 1753/1753/1601 1752/1752/1600
f 1752/1752/1600 1753/1753/1601 1754/1754/1602
f 1752/1752/1600 1754/1754/1602 1755/1755/1603
f 1749/1749/1597 1752/1752/1600 1755/1755/1603
f 1749/1749/1597 1755/1755/1603 1750/1750/1598
f 1672/1672/1522 1677/1677/1527 1756/1756/1604
f 1672/1672/1522 1756/1756/1604 1753/1753/1601
f 1677/1677/1527 1676/1676/1526 1757/1757/1605
f 1677/1677/1527 1757/1757/1605 1756/1756/1604
f 1756/1756/1604 1757/1757/1605 1758/1758/1606
f 1756/1756/1604 1758/1758/1606 1759/1759/1607
f 1753/1753/1601 1756/1756/1604 1759/1759/1607
f 1753/1753/1601 1759/1759/1607 1754/1754/1602
f 1676/1676/1526 1681/1681/1531 1760/1760/1608
f 1676/1676/1526 1760/1760/1608 1757/1757/1605
f 1681/1681/1531 1680/1680/1530 1761/1761/1609
f 1681/1681/1531 1761/1761/1609 1760/1760/1608
f 1760/1760/1608 1761/1761/1609 1762/1762/1610
f 1760/1760/1608 1762/1762/1610 1763/1763/1611
f 1757/1757/1605 1760/1760/1608 1763/1763/1611
f 1757/1757/1605 1763/1763/1611 1758/1758/1606
f 1680/1680/1530 1685/1685/1535 1764/1764/1612
f 1680/1680/1530 1764/1764/1612 1761/1761/1609
f 1685/1685/1535 1684/1684/1534 1765/1765/1613
f 1685/1685/1535 1765/1765/1613 1764/1764/1612
f 1764/1764/1612 1765/1765/1613 1766/1766/1614
f 1764/1764/1612 1766/1766/1614 1767/1767/1615
f 1761/1761/1609 1764/1764/1612 1767/1767/1615
f 1761/1761/1609 1767/1767/1615 1762/1762/1610
f 1684/1684/1534 1689/1689/1539 1768/1768/1616
f 1684/1684/1534 1768/1768/1616 1765/1765/1613
f 1689/1689/1539 1688/1688/1538 1769/1769/1617
f 1689/1689/1539 1769/1769/1617 1768/1768/1616
f 1768/1768/1616 1769/1769/1617 1770/1770/1618
f 1768/1768/1616 1770/1770/1618 1771/1771/1619
f 1765/1765/1613 1768/1768/1616 1771/1771/1619
f 1765/1765/1613 1771/1771/1619 1766/1766/1614
f 1688/1688/1538 1693/1693/1543 1772/1772/1620
f 1688/1688/1538 1772/1772/1620 1769/1769/1617
f 1693/1693/1543 1692/1692/1542 1773/1773/1621
f 1693/1693/1543 1773/1773/1621 1772/1772/1620
f 1772/1772/1620 1773/1773/1621 1774/1774/1622
f 1772/1772/1620 1774/1774/1622 1775/1775/1623
f 1769/1769/1617 1772/1772/1620 1775/1775/1623
f 1769/1769/1617 1775/1775/1623 1770/1770/1618
f 1692/1692/1542 1697/1697/1547 1776/1776/1624
f 1692/1692/1542 1776/1776/1624 1773/1773/1621
f 1697/1697/1547 1696/1696/1546 1777/1777/1625
f 1697/1697/1547 1777/1777/1625 1776/1776/1624
f 1776/1776/1624 1777/1777/1625 1778/1778/1626
f 1776/1776/1624 1778/1778/1626 1779/1779/1627
f 1773/1773/1621 1776/1776/1624 1779/1779/1627
f 1773/1773/1621 1779/1779/1627 1774/1774/1622
f 1696/1696/1546 1701/1701/1551 1780/1780/1628
f 1696/1696/1546 1780/1780/1628 1777/1777/1625
f 1701/1701/1551 1700/1700/1550 1781/1781/1629
f 1701/1701/1551 1781/1781/1629 1780/1780/1628
f 1780/1780/1628 1781/1781/1629 1782/1782/1630
f 1780/1780/1628 1782/1782/1630 1783/1783/1631
f 1777/1777/1625 1780/1780/1628 1783/1783/1631
f 1777/1777/1625 1783/1783/1631 1778/1778/1626
f 1700/1700/1550 1705/1705/1555 1784/1784/1632
f 1700/1700/1550 1784/1784/1632 1781/1781/1629
f 1705/1705/1555 1704/1704/1554 1785/1785/1633
f 1705/1705/1555 1785/1785/1633 1784/1784/1632
f 1784/1784/1632 1785/1785/1633 1786/1786/1634
f 1784/1784/1632 1786/1786/1634 1787/1787/1635
f 1781/1781/1629 1784/1784/1632 1787/1787/1635
f 1781/1781/1629 1787/1787/1635 1782/1782/1630
f 1711/1711/1554 1710/1710/1559 1788/1788/1636
f 1711/1711/1554 1788/1788/1636 1789/1789/1633
f 1710/1710/1559 1709/1709/1558 1790/1790/1637
f 1710/1710/1559 1790/1790/1637 1788/1788/1636
f 1788/1788/1636 1790/1790/1637 1791/1791/1638
f 1788/1788/1636 1791/1791/1638 1792/1792/1639
f 1789/1789/1633 1788/1788/1636 1792/1792/1639
f 1789/1789/1633 1792/1792/1639 1793/1793/1634
f 1709/1709/1558 1713/1713/1561 1794/1794/1640
f 1709/1709/1558 1794/1794/1640 1790/1790/1637
f 1713/1713/1561 1637/1637/1487 1715/1715/1563
f 1713/1713/1561 1715/1715/1563 1794/1794/1640
f 1794/1794/1640 1715/1715/1563 1719/1719/1567
f 1794/1794/1640 1719/1719/1567 1795/1795/1641
f 1790/1790/1637 1794/1794/1640 1795/1795/1641
f 1790/1790/1637 1795/1795/1641 1791/1791/1638
f 1719/1719/1567 1718/1718/1566 1796/1796/1642
f 1719/1719/1567 1796/1796/1642 1797/1797/1643
f 1718/1718/1566 1717/1717/1565 1798/1798/1644
f 1718/1718/1566 1798/1798/1644 1796/1796/1642
f 1796/1796/1642 1798/1798/1644 1799/1799/1645
f 1796/1796/1642 1799/1799/1645 1800/1800/1646
f 1797/1797/1643 1796/1796/1642 1800/1800/1646
f 1797/1797/1643 1800/1800/1646 1801/1801/1647
f 1717/1717/1565 1723/1723/1571 1802/1802/1648
f 1717/1717/1565 1802/1802/1648 1798/1798/1644
f 1723/1723/1571 1722/1722/1570 1803/1803/1649
f 1723/1723/1571 1803/1803/1649 1802/1802/1648
f 1802/1802/1648 1803/1803/1649 1804/1804/1650
f 1802/1802/1648 1804/1804/1650 1805/1805/1651
f 1798/1798/1644 1802/1802/1648 1805/1805/1651
f 1798/1798/1644 1805/1805/1651 1799/1799/1645
f 1722/1722/1570 1727/1727/1575 1806/1806/1652
f 1722/1722/1570 1806/1806/1652 1803/1803/1649
f 1727/1727/1575 1726/1726/1574 1807/1807/1653
f 1727/1727/1575 1807/1807/1653 1806/1806/1652
f 1806/1806/1652 1807/1807/1653 1808/1808/1654
f 1806/1806/1652 1808/1808/1654 1809/1809/1655
f 1803/1803/1649 1806/1806/1652 1809/1809/1655
f 1803/1803/1649 1809/1809/1655 1804/1804/1650
f 1726/1726/1574 1731/1731/1579 1810/1810/1656
f 1726/1726/1574 1810/1810/1656 1807/1807/1653
f 1731/1731/1579 1730/1730/1578 1811/1811/1657
f 1731/1731/1579 1811/1811/1657 1810/1810/1656
f 1810/1810/1656 1811/1811/1657 1812/1812/1658
f 1810/1810/1656 1812/1812/1658 1813/1813/1659
f 1807/1807/1653 1810/1810/1656 1813/1813/1659
f 1807/1807/1653 1813/1813/1659 1808/1808/1654
f 1730/1730/1578 1735/1735/1583 1814/1814/1660
f 1730/1730/1578 1814/1814/1660 1811/1811/1657
f 1735/1735/1583 1734/1734/1582 1815/1815/1661
f 1735/1735/1583 1815/1815/1661 1814/1814/1660
f 1814/1814/1660 1815/1815/1661 1816/1816/1662
f 1814/1814/1660 1816/1816/1662 1817/1817/1663
f 1811/1811/1657 1814/1814/1660 1817/1817/1663
f 1811/1811/1657 1817/1817/1663 1812/1812/1658
f 1734/1734/1582 1739/1739/1587 1818/1818/1664
f 1734/1734/1582 1818/1818/1664 1815/1815/1661
f 1739/1739/1587 1738/1738/1586 1819/1819/1665
f 1739/1739/1587 1819/1819/1665 1818/1818/1664
f 1818/1818/1664 1819/1819/1665 1820/1820/1666
f 1818/1818/1664 1820/1820/1666 1821/1821/1667
f 1815/1815/1661 1818/1818/1664 1821/1821/1667
f 1815/1815/1661 1821/1821/1667 1816/1816/1662
f 1738/1738/1586 1743/1743/1591 1822/1822/1668
f 1738/1738/1586 1822/1822/1668 1819/1819/1665
f 1743/1743/1591 1742/1742/1590 1823/1823/1669
f 1743/1743/1591 1823/1823/1669 1822/1822/1668
f 1822/1822/1668 1823/1823/1669 1824/1824/1670
f 1822/1822/1668 1824/1824/1670 1825/1825/1671
f 1819/1819/1665 1822/1822/1668 1825/1825/1671
f 1819/1819/1665 1825/1825/1671 1820/1820/1666
f 1742/1742/1590 1747/1747/1595 1826/1826/1672
f 1742/1742/1590 1826/1826/1672 1823/1823/1669
f 1747/1747/1595 1746/1746/1594 1827/1827/1673
f 1747/1747/1595 1827/1827/1673 1826/1826/1672
f 1826/1826/1672 1827/1827/1673 1828/1828/1674
f 1826/1826/1672 1828/1828/1674 1829/1829/1675
f 1823/1823/1669 1826/1826/1672 1829/1829/1675
f 1823/1823/1669 1829/1829/1675 1824/1824/1670
f 1746/1746/1594 1751/1751/1599 1830/1830/1676
f 1746/1746/1594 1830/1830/1676 1827/1827/1673
f 1751/1751/1599 1750/1750/1598 1831/1831/1677
f 1751/1751/1599 1831/1831/1677 1830/1830/1676
f 1830/1830/1676 1831/1831/1677 1832/1832/1678
f 1830/1830/1676 1832/1832/1678 1833/1833/1679
f 1827/1827/1673 1830/1830/1676 1833/1833/1679
f 1827/1827/1673 1833/1833/1679 1828/1828/1674
f 1750/1750/1598 1755/1755/1603 1834/1834/1680
f 1750/1750/1598 1834/1834/1680 1831/1831/1677
f 1755/1755/1603 1754/1754/1602 1835/1835/1681
f 1755/1755/1603 1835/1835/1681 1834/1834/1680
f 1834/1834/1680 1835/1835/1681 1836/1836/1682
f 1834/1834/1680 1836/1836/1682 1837/1837/1683
f 1831/1831/1677 1834/1834/1680 1837/1837/1683
f 1831/1831/1677 1837/1837/1683 1832/1832/1678
f 1754/1754/1602 1759/1759/1607 1838/1838/1684
f 1754/1754/1602 1838/1838/1684 1835/1835/1681
f 1759/1759/1607 1758/1758/1606 1839/1839/1685
f 1759/1759/1607 1839/1839/1685 1838/1838/1684
f 1838/1838/1684 1839/1839/1685 1840/1840/1686
f 1838/1838/1684 1840/1840/1686 1841/1841/1687
f 1835/1835/1681 1838/1838/1684 1841/1841/1687
f 1835/1835/1681 1841/1841/1687 1836/1836/1682
f 1758/1758/1606 1763/1763/1611 1842/1842/1688
f 1758/1758/1606 1842/1842/1688 1839/1839/1685
f 1763/1763/1611 1762/1762/1610 1843/1843/1689
f 1763/1763/1611 1843/1843/1689 1842/1842/1688
f 1842/1842/1688 1843/1843/1689 1844/1844/1690
f 1842/1842/1688 1844/1844/1690 1845/1845/1691
f 1839/1839/1685 1842/1842/1688 1845/1845/1691
f 1839/1839/1685 1845/1845/1691 1840/1840/1686
f 1762/1762/1610 1767/1767/1615 1846/1846/1692
f 1762/1762/1610 1846/1846/1692 1843/1843/1689
f 1767/1767/1615 1766/1766/1614 1847/1847/1693
f 1767/1767/1615 1847/1847/1693 1846/1846/1692
f 1846/1846/1692 1847/1847/1693 1848/1848/1694
f 1846/1846/1692 1848/1848/1694 1849/1849/1695
f 1843/1843/1689 1846/1846/1692 1849/1849/1695
f 1843/1843/1689 1849/1849/1695 1844/1844/1690
f 1766/1766/1614 1771/1771/1619 1850/1850/1696
f 1766/1766/1614 1850/1850/1696 1847/1847/1693
f 1771/1771/1619 1770/1770/1618 1851/1851/1697
f 1771/1771/1619 1851/1851/1697 1850/1850/1696
f 1850/1850/1696 1851/1851/1697 1852/1852/1698
f 1850/1850/1696 1852/1852/1698 1853/1853/1699
f 1847/1847/1693 1850/1850/1696 1853/1853/1699
f 1847/1847/1693 1853/1853/1699 1848/1848/1694
f 1770/1770/1618 1775/1775/1623 1854/1854/1700
f 1770/1770/1618 1854/1854/1700 1851/1851/1697
f 1775/1775/1623 1774/1774/1622 1855/1855/1701
f 1775/1775/1623 1855/1855/1701 1854/1854/1700
f 1854/1854/1700 1855/1855/1701 1856/1856/1702
f 1854/1854/1700 1856/1856/1702 1857/1857/1703
f 1851/1851/1697 1854/1854/1700 1857/1857/1703
f 1851/1851/1697 1857/1857/1703 1852/1852/1698
f 1774/1774/1622 1779/1779/1627 1858/1858/1704
f 1774/1774/1622 1858/1858/1704 1855/1855/1701
f 1779/1779/1627 1778/1778/1626 1859/1859/1705
f 1779/1779/1627 1859/1859/1705 1858/1858/1704
f 1858/1858/1704 1859/1859/1705 1860/1860/1706
f 1858/1858/1704 1860/1860/1706 1861/1861/1707
f 1855/1855/1701 1858/1858/1704 1861/1861/1707
f 1855/1855/1701 1861/1861/1707 1856/1856/1702
f 1778/1778/1626 1783/1783/1631 1862/1862/1708
f 1778/1778/1626 1862/1862/1708 1859/1859/1705
f 1783/1783/1631 1782/1782/1630 1863/1863/1709
f 1783/1783/1631 1863/1863/1709 1862/1862/1708
f 1862/1862/1708 1863/1863/1709 1864/1864/1710
f 1862/1862/1708 1864/1864/1710 1865/1865/1711
f 1859/1859/1705 1862/1862/1708 1865/1865/1711
f 1859/1859/1705 1865/1865/1711 1860/1860/1706
f 1782/1782/1630 1787/1787/1635 1866/1866/1712
f 1782/1782/1630 1866/1866/1712 1863/1863/1709
f 1787/1787/1635 1786/1786/1634 1867/1867/1713
f 1787/1787/1635 1867/1867/1713 1866/1866/1712
f 1866/1866/1712 1867/1867/1713 1868/1868/1714
f 1866/1866/1712 1868/1868/1714 1869/1869/1715
f 1863/1863/1709 1866/1866/1712 1869/1869/1715
f 1863/1863/1709 1869/1869/1715 1864/1864/1710
f 1793/1793/1634 1792/1792/1639 1870/1870/1716
f 1793/1793/1634 1870/1870/1716 1871/1871/1713
f 1792/1792/1639 1791/1791/1638 1872/1872/1717
f 1792/1792/1639 1872/1872/1717 1870/1870/1716
f 1870/1870/1716 1872/1872/1717 1873/1873/1718
f 1870/1870/1716 1873/1873/1718 1874/1874/1719
f 1871/1871/1713 1870/1870/1716 1874/1874/1719
f 1871/1871/1713 1874/1874/1719 1875/1875/1714
f 1791/1791/1638 1795/1795/1641 1876/1876/1720
f 1791/1791/1638 1876/1876/1720 1872/1872/1717
f 1795/1795/1641 1719/1719/1567 1797/1797/1643
f 1795/1795/1641 1797/1797/1643 1876/1876/1720
f 1876/1876/1720 1797/1797/1643 1801/1801/1647
f 1876/1876/1720 1801/1801/1647 1877/1877/1721
f 1872/1872/1717 1876/1876/1720 1877/1877/1721
f 1872/1872/1717 1877/1877/1721 1873/1873/1718
f 1878/1878/1647 1879/1878/1646 1880/1878/1722
f 1878/1878/1647 1880/1878/1722 1881/1878/1723
f 1882/1878/1645 1883/1878/1724 1880/1878/1722
f 1882/1878/1645 1880/1878/1722 1879/1878/1646
f 1884/1878/1725 1881/1878/1723 1880/1878/1722
f 1884/1878/1725 1880/1878/1722 1883/1878/1724
f 1882/1878/1645 1885/1878/1651 1886/1878/1726
f 1882/1878/1645 1886/1878/1726 1883/1878/1724
f 1887/1878/1650 1888/1878/1727 1886/1878/1726
f 1887/1878/1650 1886/1878/1726 1885/1878/1651
f 1884/1878/1725 1883/1878/1724 1886/1878/1726
f 1884/1878/1725 1886/1878/1726 1888/1878/1727
f 1887/1878/1650 1889/1878/1655 1890/1878/1728
f 1887/1878/1650 1890/1878/1728 1888/1878/1727
f 1891/1878/1654 1892/1878/1729 1890/1878/1728
f 1891/1878/1654 1890/1878/1728 1889/1878/1655
f 1884/1878/1725 1888/1878/1727 1890/1878/1728
f 1884/1878/1725 1890/1878/1728 1892/1878/1729
f 1891/1878/1654 1893/1878/1659 1894/1878/1730
f 1891/1878/1654 1894/1878/1730 1892/1878/1729
f 1895/1878/1658 1896/1878/1731 1894/1878/1730
f 1895/1878/1658 1894/1878/1730 1893/1878/1659
f 1884/1878/1725 1892/1878/1729 1894/1878/1730
f 1884/1878/1725 1894/1878/1730 1896/1878/1731
f 1895/1878/1658 1897/1878/1663 1898/1878/1732
f 1895/1878/1658 1898/1878/1732 1896/1878/1731
f 1899/1878/1662 1900/1878/1733 1898/1878/1732
f 1899/1878/1662 1898/1878/1732 1897/1878/1663
f 1884/1878/1725 1896/1878/1731 1898/1878/1732
f 1884/1878/1725 1898/1878/1732 1900/1878/1733
f 1899/1878/1662 1901/1878/1667 1902/1878/1734
f 1899/1878/1662 1902/1878/1734 1900/1878/1733
f 1903/1878/1666 1904/1878/1735 1902/1878/1734
f 1903/1878/1666 1902/1878/1734 1901/1878/1667
f 1884/1878/1725 1900/1878/1733 1902/1878/1734
f 1884/1878/1725 1902/1878/1734 1904/1878/1735
f 1903/1878/1666 1905/1878/1671 1906/1878/1736
f 1903/1878/1666 1906/1878/1736 1904/1878/1735
f 1907/1878/1670 1908/1878/1737 1906/1878/1736
f 1907/1878/1670 1906/1878/1736 1905/1878/1671
f 1884/1878/1725 1904/1878/1735 1906/1878/1736
f 1884/1878/1725 1906/1878/1736 1908/1878/1737
f 1907/1878/1670 1909/1878/1675 1910/1878/1738
f 1907/1878/1670 1910/1878/1738 1908/1878/1737
f 1911/1878/1674 1912/1878/1739 1910/1878/1738
f 1911/1878/1674 1910/1878/1738 1909/1878/1675
f 1884/1878/1725 1908/1878/1737 1910/1878/1738
f 1884/1878/1725 1910/1878/1738 1912/1878/1739
f 1911/1878/1674 1913/1878/1679 1914/1878/1740
f 1911/1878/1674 1914/1878/1740 1912/1878/1739
f 1915/1878/1678 1916/1878/1741 1914/1878/1740
f 1915/1878/1678 1914/1878/1740 1913/1878/1679
f 1884/1878/1725 1912/1878/1739 1914/1878/1740
f 1884/1878/1725 1914/1878/1740 1916/1878/1741
f 1915/1878/1678 1917/1878/1683 1918/1878/1742
f 1915/1878/1678 1918/1878/1742 1916/1878/1741
f 1919/1878/1682 1920/1878/1743 1918/1878/1742
f 1919/1878/1682 1918/1878/1742 1917/1878/1683
f 1884/1878/1725 1916/1878/1741 1918/1878/1742
f 1884/1878/1725 1918/1878/1742 1920/1878/1743
f 1919/1878/1682 1921/1878/1687 1922/1878/1744
f 1919/1878/1682 1922/1878/1744 1920/1878/1743
f 1923/1878/1686 1924/1878/1745 1922/1878/1744
f 1923/1878/1686 1922/1878/1744 1921/1878/1687
f 1884/1878/1725 1920/1878/1743 1922/1878/1744
f 1884/1878/1725 1922/1878/1744 1924/1878/1745
f 1923/1878/1686 1925/1878/1691 1926/1878/1746
f 1923/1878/1686 1926/1878/1746 1924/1878/1745
f 1927/1878/1690 1928/1878/1747 1926/1878/1746
f 1927/1878/1690 1926/1878/1746 1925/1878/1691
f 1884/1878/1725 1924/1878/1745 1926/1878/1746
f 1884/1878/1725 1926/1878/1746 1928/1878/1747
f 1927/1878/1690 1929/1878/1695 1930/1878/1748
f 1927/1878/1690 1930/1878/1748 1928/1878/1747
f 1931/1878/1694 1932/1878/1749 1930/1878/1748
f 1931/1878/1694 1930/1878/1748 1929/1878/1695
f 1884/1878/1725 1928/1878/1747 1930/1878/1748
f 1884/1878/1725 1930/1878/1748 1932/1878/1749
f 1931/1878/1694 1933/1878/1699 1934/1878/1750
f 1931/1878/1694 1934/1878/1750 1932/1878/1749
f 1935/1878/1698 1936/1878/1751 1934/1878/1750
f 1935/1878/1698 1934/1878/1750 1933/1878/1699
f 1884/1878/1725 1932/1878/1749 1934/1878/1750
f 1884/1878/1725 1934/1878/1750 1936/1878/1751
f 1935/1878/1698 1937/1878/1703 1938/1878/1752
f 1935/1878/1698 1938/1878/1752 1936/1878/1751
f 1939/1878/1702 1940/1878/1753 1938/1878/1752
f 1939/1878/1702 1938/1878/1752 1937/1878/1703
f 1884/1878/1725 1936/1878/1751 1938/1878/1752
f 1884/1878/1725 1938/1878/1752 1940/1878/1753
f 1939/1878/1702 1941/1878/1707 1942/1878/1754
f 1939/1878/1702 1942/1878/1754 1940/1878/1753
f 1943/1878/1706 1944/1878/1755 1942/1878/1754
f 1943/1878/1706 1942/1878/1754 1941/1878/1707
f 1884/1878/1725 1940/1878/1753 1942/1878/1754
f 1884/1878/1725 1942/1878/1754 1944/1878/1755
f 1943/1878/1706 1945/1878/1711 1946/1878/1756
f 1943/1878/1706 1946/1878/1756 1944/1878/1755
f 1947/1878/1710 1948/1878/1757 1946/1878/1756
f 1947/1878/1710 1946/1878/1756 1945/1878/1711
f 1884/1878/1725 1944/1878/1755 1946/1878/1756
f 1884/1878/1725 1946/1878/1756 1948/1878/1757
f 1947/1878/1710 1949/1878/1715 1950/1878/1758
f 1947/1878/1710 1950/1878/1758 1948/1878/1757
f 1951/1878/1714 1952/1878/1759 1950/1878/1758
f 1951/1878/1714 1950/1878/1758 1949/1878/1715
f 1884/1878/1725 1948/1878/1757 1950/1878/1758
f 1884/1878/1725 1950/1878/1758 1952/1878/1759
f 1951/1878/1714 1953/1878/1719 1954/1878/1760
f 1951/1878/1714 1954/1878/1760 1952/1878/1759
f 1955/1878/1718 1956/1878/1761 1954/1878/1760
f 1955/1878/1718 1954/1878/1760 1953/1878/1719
f 1884/1878/1725 1952/1878/1759 1954/1878/1760
f 1884/1878/1725 1954/1878/1760 1956/1878/1761
f 1955/1878/1718 1957/1878/1721 1958/1878/1762
f 1955/1878/1718 1958/1878/1762 1956/1878/1761
f 1878/1878/1647 1881/1878/1723 1958/1878/1762
f 1878/1878/1647 1958/1878/1762 1957/1878/1721
f 1884/1878/1725 1956/1878/1761 1958/1878/1762
f 1884/1878/1725 1958/1878/1762 1881/1878/1723
f 1959/1879/1763 1960/1880/1764 1961/1881/1765
f 1959/1879/1763 1961/1881/1765 1962/1882/1766
f 1960/1880/1764 1963/1883/1767 1964/1884/1768
f 1960/1880/1764 1964/1884/1768 1961/1881/1765
f 1961/1881/1765 1964/1884/1768 1965/1885/1769
f 1961/1881/1765 1965/1885/1769 1966/1886/1770
f 1962/1882/1766 1961/1881/1765 1966/1886/1770
f 1962/1882/1766 1966/1886/1770 1967/1887/1771
f 1963/1883/1767 1960/1880/1764 1968/1888/1772
f 1963/1883/1767 1968/1888/1772 1969/1889/1773
f 1960/1880/1764 1959/1879/1763 1970/1890/1774
f 1960/1880/1764 1970/1890/1774 1968/1888/1772
f 1968/1888/1772 1970/1890/1774 1971/1891/1775
f 1968/1888/1772 1971/1891/1775 1972/1892/1776
f 1969/1889/1773 1968/1888/1772 1972/1892/1776
f 1969/1889/1773 1972/1892/1776 1973/1893/1777
f 1967/1887/1771 1966/1886/1770 1974/1894/1778
f 1967/1887/1771 1974/1894/1778 1975/1895/1779
f 1966/1886/1770 1965/1885/1769 1976/1896/1780
f 1966/1886/1770 1976/1896/1780 1974/1894/1778
f 1974/1894/1778 1976/1896/1780 1977/1897/1781
f 1974/1894/1778 1977/1897/1781 1978/1898/1782
f 1975/1895/1779 1974/1894/1778 1978/1898/1782
f 1975/1895/1779 1978/1898/1782 1979/1899/1783
f 1973/1893/1777 1972/1892/1776 1980/1900/1784
f 1973/1893/1777 1980/1900/1784 1981/1901/1785
f 1972/1892/1776 1971/1891/1775 1982/1902/1786
f 1972/1892/1776 1982/1902/1786 1980/1900/1784
f 1980/1900/1784 1982/1902/1786 1983/1903/1787
f 1980/1900/1784 1983/1903/1787 1984/1904/1788
f 1981/1901/1785 1980/1900/1784 1984/1904/1788
f 1981/1901/1785 1984/1904/1788 1985/1905/1789
f 1985/1905/1789 1984/1904/1788 1986/1906/1790
f 1985/1905/1789 1986/1906/1790 1987/1907/1791
f 1984/1904/1788 1983/1903/1787 1988/1908/1792
f 1984/1904/1788 1988/1908/1792 1986/1906/1790
f 1986/1906/1790 1988/1908/1792 1989/1909/1793
f 1986/1906/1790 1989/1909/1793 1990/1910/1794
f 1987/1907/1791 1986/1906/1790 1990/1910/1794
f 1987/1907/1791 1990/1910/1794 1991/1911/1795
f 1991/1911/1795 1990/1910/1794 1992/1912/1796
f 1991/1911/1795 1992/1912/1796 1993/1913/1797
f 1990/1910/1794 1989/1909/1793 1994/1914/1798
f 1990/1910/1794 1994/1914/1798 1992/1912/1796
f 1992/1912/1796 1994/1914/1798 1995/1915/1799
f 1992/1912/1796 1995/1915/1799 1996/1916/1800
f 1993/1913/1797 1992/1912/1796 1996/1916/1800
f 1993/1913/1797 1996/1916/1800 1997/1917/1801
f 1997/1917/1801 1996/1916/1800 1998/1918/1802
f 1997/1917/1801 1998/1918/1802 1999/1919/1803
f 1996/1916/1800 1995/1915/1799 2000/1920/1804
f 1996/1916/1800 2000/1920/1804 1998/1918/1802
f 1998/1918/1802 2000/1920/1804 2001/1921/1805
f 1998/1918/1802 2001/1921/1805 2002/1922/1806
f 1999/1919/1803 1998/1918/1802 2002/1922/1806
f 1999/1919/1803 2002/1922/1806 2003/1923/1807
f 2003/1923/1807 2002/1922/1806 2004/1924/1808
f 2003/1923/1807 2004/1924/1808 2005/1925/1809
f 2002/1922/1806 2001/1921/1805 2006/1926/1810
f 2002/1922/1806 2006/1926/1810 2004/1924/1808
f 2004/1924/1808 2006/1926/1810 2007/1927/1811
f 2004/1924/1808 2007/1927/1811 2008/1928/1812
f 2005/1925/1809 2004/1924/1808 2008/1928/1812
f 2005/1925/1809 2008/1928/1812 2009/1929/1813
f 2009/1929/1813 2008/1928/1812 2010/1930/1814
f 2009/1929/1813 2010/1930/1814 2011/1931/1815
f 2008/1928/1812 2007/1927/1811 2012/1932/1816
f 2008/1928/1812 2012/1932/1816 2010/1930/1814
f 2010/1930/1814 2012/1932/1816 2013/1933/1817
f 2010/1930/1814 2013/1933/1817 2014/1934/1818
f 2011/1931/1815 2010/1930/1814 2014/1934/1818
f 2011/1931/1815 2014/1934/1818 2015/1935/1819
f 2015/1935/1819 2014/1934/1818 2016/1936/1820
f 2015/1935/1819 2016/1936/1820 2017/1937/1821
f 2014/1934/1818 2013/1933/1817 2018/1938/1822
f 2014/1934/1818 2018/1938/1822 2016/1936/1820
f 2016/1936/1820 2018/1938/1822 2019/1939/1823
f 2016/1936/1820 2019/1939/1823 2020/1940/1824
f 2017/1937/1821 2016/1936/1820 2020/1940/1824
f 2017/1937/1821 2020/1940/1824 2021/1941/1825
f 2021/1941/1825 2020/1940/1824 2022/1942/1826
f 2021/1941/1825 2022/1942/1826 2023/1943/1827
f 2020/1940/1824 2019/1939/1823 2024/1944/1828
f 2020/1940/1824 2024/1944/1828 2022/1942/1826
f 2022/1942/1826 2024/1944/1828 2025/1945/1829
f 2022/1942/1826 2025/1945/1829 2026/1946/1830
f 2023/1943/1827 2022/1942/1826 2026/1946/1830
f 2023/1943/1827 2026/1946/1830 2027/1947/1831
f 2027/1947/1831 2026/1946/1830 2028/1948/1832
f 2027/1947/1831 2028/1948/1832 2029/1949/1833
f 2026/1946/1830 2025/1945/1829 2030/1950/1834
f 2026/1946/1830 2030/1950/1834 2028/1948/1832
f 2028/1948/1832 2030/1950/1834 2031/1951/1835
f 2028/1948/1832 2031/1951/1835 2032/1952/1836
f 2029/1949/1833 2028/1948/1832 2032/1952/1836
f 2029/1949/1833 2032/1952/1836 2033/1953/1837
f 2033/1953/1837 2032/1952/1836 2034/1954/1838
f 2033/1953/1837 2034/1954/1838 2035/1955/1839
f 2032/1952/1836 2031/1951/1835 2036/1956/1840
f 2032/1952/1836 2036/1956/1840 2034/1954/1838
f 2034/1954/1838 2036/1956/1840 2037/1957/1841
f 2034/1954/1838 2037/1957/1841 2038/1958/1842
f 2035/1955/1839 2034/1954/1838 2038/1958/1842
f 2035/1955/1839 2038/1958/1842 2039/1959/1843
f 2039/1959/1843 2038/1958/1842 2040/1960/1844
f 2039/1959/1843 2040/1960/1844 2041/1961/1845
f 2038/1958/1842 2037/1957/1841 2042/1962/1846
f 2038/1958/1842 2042/1962/1846 2040/1960/1844
f 2040/1960/1844 2042/1962/1846 2043/1963/1847
f 2040/1960/1844 2043/1963/1847 2044/1964/1848
f 2041/1961/1845 2040/1960/1844 2044/1964/1848
f 2041/1961/1845 2044/1964/1848 2045/1965/1849
f 2045/1965/1849 2044/1964/1848 2046/1966/1850
f 2045/1965/1849 2046/1966/1850 2047/1967/1851
f 2044/1964/1848 2043/1963/1847 2048/1968/1852
f 2044/1964/1848 2048/1968/1852 2046/1966/1850
f 2046/1966/1850 2048/1968/1852 2049/1969/1853
f 2046/1966/1850 2049/1969/1853 2050/1970/1854
f 2047/1967/1851 2046/1966/1850 2050/1970/1854
f 2047/1967/1851 2050/1970/1854 2051/1971/1855
f 2051/1971/1855 2050/1970/1854 2052/1972/1856
f 2051/1971/1855 2052/1972/1856 2053/1973/1857
f 2050/1970/1854 2049/1969/1853 2054/1974/1858
f 2050/1970/1854 2054/1974/1858 2052/1972/1856
f 2052/1972/1856 2054/1974/1858 2055/1975/1859
f 2052/1972/1856 2055/1975/1859 2056/1976/1860
f 2053/1973/1857 2052/1972/1856 2056/1976/1860
f 2053/1973/1857 2056/1976/1860 2057/1977/1861
f 2057/1977/1861 2056/1976/1860 2058/1978/1862
f 2057/1977/1861 2058/1978/1862 2059/1979/1863
f 2056/1976/1860 2055/1975/1859 2060/1980/1864
f 2056/1976/1860 2060/1980/1864 2058/1978/1862
f 2058/1978/1862 2060/1980/1864 2061/1981/1865
f 2058/1978/1862 2061/1981/1865 2062/1982/1866
f 2059/1979/1863 2058/1978/1862 2062/1982/1866
f 2059/1979/1863 2062/1982/1866 2063/1983/1867
f 2063/1983/1867 2062/1982/1866 2064/1984/1868
f 2063/1983/1867 2064/1984/1868 2065/1985/1869
f 2062/1982/1866 2061/1981/1865 2066/1986/1870
f 2062/1982/1866 2066/1986/1870 2064/1984/1868
f 2064/1984/1868 2066/1986/1870 2067/1987/1871
f 2064/1984/1868 2067/1987/1871 2068/1988/1872
f 2065/1985/1869 2064/1984/1868 2068/1988/1872
f 2065/1985/1869 2068/1988/1872 2069/1989/1873
f 2069/1989/1873 2068/1988/1872 2070/1990/1874
f 2069/1989/1873 2070/1990/1874 2071/1991/1875
f 2068/1988/1872 2067/1987/1871 2072/1992/1876
f 2068/1988/1872 2072/1992/1876 2070/1990/1874
f 2070/1990/1874 2072/1992/1876 2073/1993/1877
f 2070/1990/1874 2073/1993/1877 2074/1994/1878
f 2071/1991/1875 2070/1990/1874 2074/1994/1878
f 2071/1991/1875 2074/1994/1878 2075/1995/1879
f 2076/1996/1879 2077/1997/1878 2078/1998/1880
f 2076/1996/1879 2078/1998/1880 2079/1999/1881
f 2077/1997/1878 2080/2000/1877 2081/2001/1882
f 2077/1997/1878 2081/2001/1882 2078/1998/1880
f 2078/1998/1880 2081/2001/1882 1979/1899/1783
f 2078/1998/1880 1979/1899/1783 1978/1898/1782
f 2079/1999/1881 2078/1998/1880 1978/1898/1782
f 2079/1999/1881 1978/1898/1782 1977/1897/1781
f 1965/1885/1769 1964/1884/1768 2082/2002/1883
f 1965/1885/1769 2082/2002/1883 2083/2003/1884
f 1964/1884/1768 1963/1883/1767 2084/2004/1885
f 1964/1884/1768 2084/2004/1885 2082/2002/1883
f 2082/2002/1883 2084/2004/1885 2085/2005/1366
f 2082/2002/1883 2085/2005/1366 2086/2006/1363
f 2083/2003/1884 2082/2002/1883 2086/2006/1363
f 2083/2003/1884 2086/2006/1363 2087/2007/1362
f 1963/1883/1767 1969/1889/1773 2088/2008/1886
f 1963/1883/1767 2088/2008/1886 2084/2004/1885
f 1969/1889/1773 1973/1893/1777 2089/2009/1887
f 1969/1889/1773 2089/2009/1887 2088/2008/1886
f 2088/2008/1886 2089/2009/1887 2090/2010/1373
f 2088/2008/1886 2090/2010/1373 2091/2011/1371
f 2084/2004/1885 2088/2008/1886 2091/2011/1371
f 2084/2004/1885 2091/2011/1371 2085/2005/1366
f 1973/1893/1777 1981/1901/1785 2092/2012/1888
f 1973/1893/1777 2092/2012/1888 2089/2009/1887
f 1981/1901/1785 1985/1905/1789 2093/2013/1889
f 1981/1901/1785 2093/2013/1889 2092/2012/1888
f 2092/2012/1888 2093/2013/1889 2094/2014/1379
f 2092/2012/1888 2094/2014/1379 2095/2015/1377
f 2089/2009/1887 2092/2012/1888 2095/2015/1377
f 2089/2009/1887 2095/2015/1377 2090/2010/1373
f 1985/1905/1789 1987/1907/1791 2096/2016/1890
f 1985/1905/1789 2096/2016/1890 2093/2013/1889
f 1987/1907/1791 1991/1911/1795 2097/2017/1891
f 1987/1907/1791 2097/2017/1891 2096/2016/1890
f 2096/2016/1890 2097/2017/1891 2098/2018/1385
f 2096/2016/1890 2098/2018/1385 2099/2019/1383
f 2093/2013/1889 2096/2016/1890 2099/2019/1383
f 2093/2013/1889 2099/2019/1383 2094/2014/1379
f 1991/1911/1795 1993/1913/1797 2100/2020/1892
f 1991/1911/1795 2100/2020/1892 2097/2017/1891
f 1993/1913/1797 1997/1917/1801 2101/2021/1893
f 1993/1913/1797 2101/2021/1893 2100/2020/1892
f 2100/2020/1892 2101/2021/1893 2102/2022/1391
f 2100/2020/1892 2102/2022/1391 2103/2023/1389
f 2097/2017/1891 2100/2020/1892 2103/2023/1389
f 2097/2017/1891 2103/2023/1389 2098/2018/1385
f 1997/1917/1801 1999/1919/1803 2104/2024/1894
f 1997/1917/1801 2104/2024/1894 2101/2021/1893
f 1999/1919/1803 2003/1923/1807 2105/2025/1895
f 1999/1919/1803 2105/2025/1895 2104/2024/1894
f 2104/2024/1894 2105/2025/1895 2106/2026/1397
f 2104/2024/1894 2106/2026/1397 2107/2027/1395
f 2101/2021/1893 2104/2024/1894 2107/2027/1395
f 2101/2021/1893 2107/2027/1395 2102/2022/1391
f 2003/1923/1807 2005/1925/1809 2108/2028/1896
f 2003/1923/1807 2108/2028/1896 2105/2025/1895
f 2005/1925/1809 2009/1929/1813 2109/2029/1897
f 2005/1925/1809 2109/2029/1897 2108/2028/1896
f 2108/2028/1896 2109/2029/1897 2110/2030/1403
f 2108/2028/1896 2110/2030/1403 2111/2031/1401
f 2105/2025/1895 2108/2028/1896 2111/2031/1401
f 2105/2025/1895 2111/2031/1401 2106/2026/1397
f 2009/1929/1813 2011/1931/1815 2112/2032/1898
f 2009/1929/1813 2112/2032/1898 2109/2029/1897
f 2011/1931/1815 2015/1935/1819 2113/2033/1899
f 2011/1931/1815 2113/2033/1899 2112/2032/1898
f 2112/2032/1898 2113/2033/1899 2114/2034/1409
f 2112/2032/1898 2114/2034/1409 2115/2035/1407
f 2109/2029/1897 2112/2032/1898 2115/2035/1407
f 2109/2029/1897 2115/2035/1407 2110/2030/1403
f 2015/1935/1819 2017/1937/1821 2116/2036/1900
f 2015/1935/1819 2116/2036/1900 2113/2033/1899
f 2017/1937/1821 2021/1941/1825 2117/2037/1901
f 2017/1937/1821 2117/2037/1901 2116/2036/1900
f 2116/2036/1900 2117/2037/1901 2118/2038/1415
f 2116/2036/1900 2118/2038/1415 2119/2039/1413
f 2113/2033/1899 2116/2036/1900 2119/2039/1413
f 2113/2033/1899 2119/2039/1413 2114/2034/1409
f 2021/1941/1825 2023/1943/1827 2120/2040/1902
f 2021/1941/1825 2120/2040/1902 2117/2037/1901
f 2023/1943/1827 2027/1947/1831 2121/2041/1903
f 2023/1943/1827 2121/2041/1903 2120/2040/1902
f 2120/2040/1902 2121/2041/1903 2122/2042/1421
f 2120/2040/1902 2122/2042/1421 2123/2043/1419
f 2117/2037/1901 2120/2040/1902 2123/2043/1419
f 2117/2037/1901 2123/2043/1419 2118/2038/1415
f 2027/1947/1831 2029/1949/1833 2124/2044/1904
f 2027/1947/1831 2124/2044/1904 2121/2041/1903
f 2029/1949/1833 2033/1953/1837 2125/2045/1905
f 2029/1949/1833 2125/2045/1905 2124/2044/1904
f 2124/2044/1904 2125/2045/1905 2126/2046/1427
f 2124/2044/1904 2126/2046/1427 2127/2047/1425
f 2121/2041/1903 2124/2044/1904 2127/2047/1425
f 2121/2041/1903 2127/2047/1425 2122/2042/1421
f 2033/1953/1837 2035/1955/1839 2128/2048/1906
f 2033/1953/1837 2128/2048/1906 2125/2045/1905
f 2035/1955/1839 2039/1959/1843 2129/2049/1907
f 2035/1955/1839 2129/2049/1907 2128/2048/1906
f 2128/2048/1906 2129/2049/1907 2130/2050/1433
f 2128/2048/1906 2130/2050/1433 2131/2051/1431
f 2125/2045/1905 2128/2048/1906 2131/2051/1431
f 2125/2045/1905 2131/2051/1431 2126/2046/1427
f 2039/1959/1843 2041/1961/1845 2132/2052/1908
f 2039/1959/1843 2132/2052/1908 2129/2049/1907
f 2041/1961/1845 2045/1965/1849 2133/2053/1909
f 2041/1961/1845 2133/2053/1909 2132/2052/1908
f 2132/2052/1908 2133/2053/1909 2134/2054/1439
f 2132/2052/1908 2134/2054/1439 2135/2055/1437
f 2129/2049/1907 2132/2052/1908 2135/2055/1437
f 2129/2049/1907 2135/2055/1437 2130/2050/1433
f 2045/1965/1849 2047/1967/1851 2136/2056/1910
f 2045/1965/1849 2136/2056/1910 2133/2053/1909
f 2047/1967/1851 2051/1971/1855 2137/2057/1911
f 2047/1967/1851 2137/2057/1911 2136/2056/1910
f 2136/2056/1910 2137/2057/1911 2138/2058/1445
f 2136/2056/1910 2138/2058/1445 2139/2059/1443
f 2133/2053/1909 2136/2056/1910 2139/2059/1443
f 2133/2053/1909 2139/2059/1443 2134/2054/1439
f 2051/1971/1855 2053/1973/1857 2140/2060/1912
f 2051/1971/1855 2140/2060/1912 2137/2057/1911
f 2053/1973/1857 2057/1977/1861 2141/2061/1913
f 2053/1973/1857 2141/2061/1913 2140/2060/1912
f 2140/2060/1912 2141/2061/1913 2142/2062/1451
f 2140/2060/1912 2142/2062/1451 2143/2063/1449
f 2137/2057/1911 2140/2060/1912 2143/2063/1449
f 2137/2057/1911 2143/2063/1449 2138/2058/1445
f 2057/1977/1861 2059/1979/1863 2144/2064/1914
f 2057/1977/1861 2144/2064/1914 2141/2061/1913
f 2059/1979/1863 2063/1983/1867 2145/2065/1915
f 2059/1979/1863 2145/2065/1915 2144/2064/1914
f 2144/2064/1914 2145/2065/1915 2146/2066/1457
f 2144/2064/1914 2146/2066/1457 2147/2067/1455
f 2141/2061/1913 2144/2064/1914 2147/2067/1455
f 2141/2061/1913 2147/2067/1455 2142/2062/1451
f 2063/1983/1867 2065/1985/1869 2148/2068/1916
f 2063/1983/1867 2148/2068/1916 2145/2065/1915
f 2065/1985/1869 2069/1989/1873 2149/2069/1917
f 2065/1985/1869 2149/2069/1917 2148/2068/1916
f 2148/2068/1916 2149/2069/1917 2150/2070/1463
f 2148/2068/1916 2150/2070/1463 2151/2071/1461
f 2145/2065/1915 2148/2068/1916 2151/2071/1461
f 2145/2065/1915 2151/2071/1461 2146/2066/1457
f 2069/1989/1873 2071/1991/1875 2152/2072/1918
f 2069/1989/1873 2152/2072/1918 2149/2069/1917
f 2071/1991/1875 2075/1995/1879 2153/2073/1919
f 2071/1991/1875 2153/2073/1919 2152/2072/1918
f 2152/2072/1918 2153/2073/1919 2154/2074/1469
f 2152/2072/1918 2154/2074/1469 2155/2075/1467
f 2149/2069/1917 2152/2072/1918 2155/2075/1467
f 2149/2069/1917 2155/2075/1467 2150/2070/1463
f 2076/1996/1879 2079/1999/1881 2156/2076/1920
f 2076/1996/1879 2156/2076/1920 2157/2077/1919
f 2079/1999/1881 1977/1897/1781 2158/2078/1921
f 2079/1999/1881 2158/2078/1921 2156/2076/1920
f 2156/2076/1920 2158/2078/1921 2159/2079/1475
f 2156/2076/1920 2159/2079/1475 2160/2080/1473
f 2157/2077/1919 2156/2076/1920 2160/2080/1473
f 2157/2077/1919 2160/2080/1473 2161/2081/1469
f 1977/1897/1781 1976/1896/1780 2162/2082/1922
f 1977/1897/1781 2162/2082/1922 2158/2078/1921
f 1976/1896/1780 1965/1885/1769 2083/2003/1884
f 1976/1896/1780 2083/2003/1884 2162/2082/1922
f 2162/2082/1922 2083/2003/1884 2087/2007/1362
f 2162/2082/1922 2087/2007/1362 2163/2083/1479
f 2158/2078/1921 2162/2082/1922 2163/2083/1479
f 2158/2078/1921 2163/2083/1479 2159/2079/1475
f 2164/2084/1923 2165/2085/1924 2166/2086/1925
f 2164/2084/1923 2166/2086/1925 2167/2087/1926
f 2165/2085/1924 2168/2088/1927 2169/2089/1928
f 2165/2085/1924 2169/2089/1928 2166/2086/1925
f 2166/2086/1925 2169/2089/1928 2170/2090/1929
f 2166/2086/1925 2170/2090/1929 2171/2091/1930
f 2167/2087/1926 2166/2086/1925 2171/2091/1930
f 2167/2087/1926 2171/2091/1930 2172/2092/1931
f 2173/2093/1927 2174/2094/1924 2175/2095/1932
f 2173/2093/1927 2175/2095/1932 2176/2096/1933
f 2174/2094/1924 2164/2084/1923 2177/2097/1934
f 2174/2094/1924 2177/2097/1934 2175/2095/1932
f 2175/2095/1932 2177/2097/1934 2178/2098/1935
f 2175/2095/1932 2178/2098/1935 2179/2099/1936
f 2176/2096/1933 2175/2095/1932 2179/2099/1936
f 2176/2096/1933 2179/2099/1936 2180/2100/1937
f 2172/2092/1931 2181/2101/1930 2182/2102/1938
f 2172/2092/1931 2182/2102/1938 2183/2103/1939
f 2181/2101/1930 2184/2104/1929 2185/2105/1940
f 2181/2101/1930 2185/2105/1940 2182/2102/1938
f 2182/2102/1938 2185/2105/1940 2186/2106/1941
f 2182/2102/1938 2186/2106/1941 2187/2107/1942
f 2183/2103/1939 2182/2102/1938 2187/2107/1942
f 2183/2103/1939 2187/2107/1942 2188/2108/1943
f 2189/2109/1937 2190/2110/1936 2191/2111/1944
f 2189/2109/1937 2191/2111/1944 2192/2112/1945
f 2190/2110/1936 2178/2098/1935 2193/2113/1946
f 2190/2110/1936 2193/2113/1946 2191/2111/1944
f 2191/2111/1944 2193/2113/1946 2194/2114/1947
f 2191/2111/1944 2194/2114/1947 2195/2115/1948
f 2192/2112/1945 2191/2111/1944 2195/2115/1948
f 2192/2112/1945 2195/2115/1948 2196/2116/1949
f 2197/2117/1949 2198/2118/1948 2199/2119/1950
f 2197/2117/1949 2199/2119/1950 2200/2120/1951
f 2198/2118/1948 2194/2114/1947 2201/2121/1952
f 2198/2118/1948 2201/2121/1952 2199/2119/1950
f 2199/2119/1950 2201/2121/1952 2202/2122/1953
f 2199/2119/1950 2202/2122/1953 2203/2123/1954
f 2200/2120/1951 2199/2119/1950 2203/2123/1954
f 2200/2120/1951 2203/2123/1954 2204/2124/1955
f 2205/2125/1955 2206/2126/1954 2207/2127/1956
f 2205/2125/1955 2207/2127/1956 2208/2128/1957
f 2206/2126/1954 2202/2122/1953 2209/2129/1958
f 2206/2126/1954 2209/2129/1958 2207/2127/1956
f 2207/2127/1956 2209/2129/1958 2210/2130/1959
f 2207/2127/1956 2210/2130/1959 2211/2131/1960
f 2208/2128/1957 2207/2127/1956 2211/2131/1960
f 2208/2128/1957 2211/2131/1960 2212/2132/1961
f 2213/2133/1961 2214/2134/1960 2215/2135/1962
f 2213/2133/1961 2215/2135/1962 2216/2136/1963
f 2214/2134/1960 2210/2130/1959 2217/2137/1964
f 2214/2134/1960 2217/2137/1964 2215/2135/1962
f 2215/2135/1962 2217/2137/1964 2218/2138/1965
f 2215/2135/1962 2218/2138/1965 2219/2139/1966
f 2216/2136/1963 2215/2135/1962 2219/2139/1966
f 2216/2136/1963 2219/2139/1966 2220/2140/1967
f 2221/2141/1967 2222/2142/1966 2223/2143/1968
f 2221/2141/1967 2223/2143/1968 2224/2144/1969
f 2222/2142/1966 2218/2138/1965 2225/2145/1970
f 2222/2142/1966 2225/2145/1970 2223/2143/1968
f 2223/2143/1968 2225/2145/1970 2226/2146/1971
f 2223/2143/1968 2226/2146/1971 2227/2147/1972
f 2224/2144/1969 2223/2143/1968 2227/2147/1972
f 2224/2144/1969 2227/2147/1972 2228/2148/1973
f 2229/2149/1973 2230/2150/1972 2231/2151/1974
f 2229/2149/1973 2231/2151/1974 2232/2152/1975
f 2230/2150/1972 2226/2146/1971 2233/2153/1976
f 2230/2150/1972 2233/2153/1976 2231/2151/1974
f 2231/2151/1974 2233/2153/1976 2234/2154/1977
f 2231/2151/1974 2234/2154/1977 2235/2155/1978
f 2232/2152/1975 2231/2151/1974 2235/2155/1978
f 2232/2152/1975 2235/2155/1978 2236/2156/1979
f 2237/2157/1979 2238/2158/1978 2239/2159/1980
f 2237/2157/1979 2239/2159/1980 2240/2160/1981
f 2238/2158/1978 2234/2154/1977 2241/2161/1982
f 2238/2158/1978 2241/2161/1982 2239/2159/1980
f 2239/2159/1980 2241/2161/1982 2242/2162/1983
f 2239/2159/1980 2242/2162/1983 2243/2163/1984
f 2240/2160/1981 2239/2159/1980 2243/2163/1984
f 2240/2160/1981 2243/2163/1984 2244/2164/1985
f 2245/2165/1985 2246/2166/1984 2247/2167/1986
f 2245/2165/1985 2247/2167/1986 2248/2168/1987
f 2246/2166/1984 2242/2162/1983 2249/2169/1988
f 2246/2166/1984 2249/2169/1988 2247/2167/1986
f 2247/2167/1986 2249/2169/1988 2250/2170/1989
f 2247/2167/1986 2250/2170/1989 2251/2171/1990
f 2248/2168/1987 2247/2167/1986 2251/2171/1990
f 2248/2168/1987 2251/2171/1990 2252/2172/1991
f 2253/2173/1991 2254/2174/1990 2255/2175/1992
f 2253/2173/1991 2255/2175/1992 2256/2176/1993
f 2254/2174/1990 2250/2170/1989 2257/2177/1994
f 2254/2174/1990 2257/2177/1994 2255/2175/1992
f 2255/2175/1992 2257/2177/1994 2258/2178/1995
f 2255/2175/1992 2258/2178/1995 2259/2179/1996
f 2256/2176/1993 2255/2175/1992 2259/2179/1996
f 2256/2176/1993 2259/2179/1996 2260/2180/1997
f 2261/2181/1997 2262/2182/1996 2263/2183/1998
f 2261/2181/1997 2263/2183/1998 2264/2184/1999
f 2262/2182/1996 2258/2178/1995 2265/2185/2000
f 2262/2182/1996 2265/2185/2000 2263/2183/1998
f 2263/2183/1998 2265/2185/2000 2266/2186/2001
f 2263/2183/1998 2266/2186/2001 2267/2187/2002
f 2264/2184/1999 2263/2183/1998 2267/2187/2002
f 2264/2184/1999 2267/2187/2002 2268/2188/2003
f 2269/2189/2003 2270/2190/2002 2271/2191/2004
f 2269/2189/2003 2271/2191/2004 2272/2192/2005
f 2270/2190/2002 2266/2186/2001 2273/2193/2006
f 2270/2190/2002 2273/2193/2006 2271/2191/2004
f 2271/2191/2004 2273/2193/2006 2274/2194/2007
f 2271/2191/2004 2274/2194/2007 2275/2195/2008
f 2272/2192/2005 2271/2191/2004 2275/2195/2008
f 2272/2192/2005 2275/2195/2008 2276/2196/2009
f 2277/2197/2009 2278/2198/2008 2279/2199/2010
f 2277/2197/2009 2279/2199/2010 2280/2200/2011
f 2278/2198/2008 2274/2194/2007 2281/2201/2012
f 2278/2198/2008 2281/2201/2012 2279/2199/2010
f 2279/2199/2010 2281/2201/2012 2282/2202/2013
f 2279/2199/2010 2282/2202/2013 2283/2203/2014
f 2280/2200/2011 2279/2199/2010 2283/2203/2014
f 2280/2200/2011 2283/2203/2014 2284/2204/2015
f 2285/2205/2015 2286/2206/2014 2287/2207/2016
f 2285/2205/2015 2287/2207/2016 2288/2208/2017
f 2286/2206/2014 2282/2202/2013 2289/2209/2018
f 2286/2206/2014 2289/2209/2018 2287/2207/2016
f 2287/2207/2016 2289/2209/2018 2290/2210/2019
f 2287/2207/2016 2290/2210/2019 2291/2211/2020
f 2288/2208/2017 2287/2207/2016 2291/2211/2020
f 2288/2208/2017 2291/2211/2020 2292/2212/2021
f 2293/2213/2021 2294/2214/2020 2295/2215/2022
f 2293/2213/2021 2295/2215/2022 2296/2216/2023
f 2294/2214/2020 2290/2210/2019 2297/2217/2024
f 2294/2214/2020 2297/2217/2024 2295/2215/2022
f 2295/2215/2022 2297/2217/2024 2298/2218/2025
f 2295/2215/2022 2298/2218/2025 2299/2219/2026
f 2296/2216/2023 2295/2215/2022 2299/2219/2026
f 2296/2216/2023 2299/2219/2026 2300/2220/2027
f 2301/2221/2027 2302/2222/2026 2303/2223/2028
f 2301/2221/2027 2303/2223/2028 2304/2224/2029
f 2302/2222/2026 2298/2218/2025 2305/2225/2030
f 2302/2222/2026 2305/2225/2030 2303/2223/2028
f 2303/2223/2028 2305/2225/2030 2306/2226/2031
f 2303/2223/2028 2306/2226/2031 2307/2227/2032
f 2304/2224/2029 2303/2223/2028 2307/2227/2032
f 2304/2224/2029 2307/2227/2032 2308/2228/2033
f 2309/2229/2033 2310/2230/2032 2311/2231/2034
f 2309/2229/2033 2311/2231/2034 2312/2232/2035
f 2310/2230/2032 2306/2226/2031 2313/2233/2036
f 2310/2230/2032 2313/2233/2036 2311/2231/2034
f 2311/2231/2034 2313/2233/2036 2314/2234/2037
f 2311/2231/2034 2314/2234/2037 2315/2235/2038
f 2312/2232/2035 2311/2231/2034 2315/2235/2038
f 2312/2232/2035 2315/2235/2038 2316/2236/2039
f 2317/2237/2039 2318/2238/2038 2319/2239/2040
f 2317/2237/2039 2319/2239/2040 2320/2240/2041
f 2318/2238/2038 2321/2241/2037 2322/2242/2042
f 2318/2238/2038 2322/2242/2042 2319/2239/2040
f 2319/2239/2040 2322/2242/2042 2188/2108/1943
f 2319/2239/2040 2188/2108/1943 2323/2243/1942
f 2320/2240/2041 2319/2239/2040 2323/2243/1942
f 2320/2240/2041 2323/2243/1942 2324/2244/1941
f 1186/1186/1087 1185/1185/1086 2325/2245/2043
f 1186/1186/1087 2325/2245/2043 2326/2246/2044
f 1185/1185/1086 1184/1184/1085 2327/2247/2045
f 1185/1185/1086 2327/2247/2045 2325/2245/2043
f 2325/2245/2043 2327/2247/2045 2164/2084/1923
f 2325/2245/2043 2164/2084/1923 2167/2087/1926
f 2326/2246/2044 2325/2245/2043 2167/2087/1926
f 2326/2246/2044 2167/2087/1926 2172/2092/1931
f 1184/1184/1085 1190/1190/1091 2328/2248/2046
f 1184/1184/1085 2328/2248/2046 2327/2247/2045
f 1190/1190/1091 1189/1189/1090 2329/2249/2047
f 1190/1190/1091 2329/2249/2047 2328/2248/2046
f 2328/2248/2046 2329/2249/2047 2178/2098/1935
f 2328/2248/2046 2178/2098/1935 2177/2097/1934
f 2327/2247/2045 2328/2248/2046 2177/2097/1934
f 2327/2247/2045 2177/2097/1934 2164/2084/1923
f 1189/1189/1090 1194/1194/1095 2330/2250/2048
f 1189/1189/1090 2330/2250/2048 2329/2249/2047
f 1194/1194/1095 1193/1193/1094 2331/2251/2049
f 1194/1194/1095 2331/2251/2049 2330/2250/2048
f 2330/2250/2048 2331/2251/2049 2194/2114/1947
f 2330/2250/2048 2194/2114/1947 2193/2113/1946
f 2329/2249/2047 2330/2250/2048 2193/2113/1946
f 2329/2249/2047 2193/2113/1946 2178/2098/1935
f 1193/1193/1094 1198/1198/1099 2332/2252/2050
f 1193/1193/1094 2332/2252/2050 2331/2251/2049
f 1198/1198/1099 1197/1197/1098 2333/2253/2051
f 1198/1198/1099 2333/2253/2051 2332/2252/2050
f 2332/2252/2050 2333/2253/2051 2202/2122/1953
f 2332/2252/2050 2202/2122/1953 2201/2121/1952
f 2331/2251/2049 2332/2252/2050 2201/2121/1952
f 2331/2251/2049 2201/2121/1952 2194/2114/1947
f 1197/1197/1098 1202/1202/1103 2334/2254/2052
f 1197/1197/1098 2334/2254/2052 2333/2253/2051
f 1202/1202/1103 1201/1201/1102 2335/2255/2053
f 1202/1202/1103 2335/2255/2053 2334/2254/2052
f 2334/2254/2052 2335/2255/2053 2210/2130/1959
f 2334/2254/2052 2210/2130/1959 2209/2129/1958
f 2333/2253/2051 2334/2254/2052 2209/2129/1958
f 2333/2253/2051 2209/2129/1958 2202/2122/1953
f 1201/1201/1102 1206/1206/1107 2336/2256/2054
f 1201/1201/1102 2336/2256/2054 2335/2255/2053
f 1206/1206/1107 1205/1205/1106 2337/2257/2055
f 1206/1206/1107 2337/2257/2055 2336/2256/2054
f 2336/2256/2054 2337/2257/2055 2218/2138/1965
f 2336/2256/2054 2218/2138/1965 2217/2137/1964
f 2335/2255/2053 2336/2256/2054 2217/2137/1964
f 2335/2255/2053 2217/2137/1964 2210/2130/1959
f 1205/1205/1106 1210/1210/1111 2338/2258/2056
f 1205/1205/1106 2338/2258/2056 2337/2257/2055
f 1210/1210/1111 1209/1209/1110 2339/2259/2057
f 1210/1210/1111 2339/2259/2057 2338/2258/2056
f 2338/2258/2056 2339/2259/2057 2226/2146/1971
f 2338/2258/2056 2226/2146/1971 2225/2145/1970
f 2337/2257/2055 2338/2258/2056 2225/2145/1970
f 2337/2257/2055 2225/2145/1970 2218/2138/1965
f 1209/1209/1110 1214/1214/1115 2340/2260/2058
f 1209/1209/1110 2340/2260/2058 2339/2259/2057
f 1214/1214/1115 1213/1213/1114 2341/2261/2059
f 1214/1214/1115 2341/2261/2059 2340/2260/2058
f 2340/2260/2058 2341/2261/2059 2234/2154/1977
f 2340/2260/2058 2234/2154/1977 2233/2153/1976
f 2339/2259/2057 2340/2260/2058 2233/2153/1976
f 2339/2259/2057 2233/2153/1976 2226/2146/1971
f 1213/1213/1114 1218/1218/1119 2342/2262/2060
f 1213/1213/1114 2342/2262/2060 2341/2261/2059
f 1218/1218/1119 1217/1217/1118 2343/2263/2061
f 1218/1218/1119 2343/2263/2061 2342/2262/2060
f 2342/2262/2060 2343/2263/2061 2242/2162/1983
f 2342/2262/2060 2242/2162/1983 2241/2161/1982
f 2341/2261/2059 2342/2262/2060 2241/2161/1982
f 2341/2261/2059 2241/2161/1982 2234/2154/1977
f 1217/1217/1118 1222/1222/1123 2344/2264/2062
f 1217/1217/1118 2344/2264/2062 2343/2263/2061
f 1222/1222/1123 1221/1221/1122 2345/2265/2063
f 1222/1222/1123 2345/2265/2063 2344/2264/2062
f 2344/2264/2062 2345/2265/2063 2250/2170/1989
f 2344/2264/2062 2250/2170/1989 2249/2169/1988
f 2343/2263/2061 2344/2264/2062 2249/2169/1988
f 2343/2263/2061 2249/2169/1988 2242/2162/1983
f 1221/1221/1122 1226/1226/1127 2346/2266/2064
f 1221/1221/1122 2346/2266/2064 2345/2265/2063
f 1226/1226/1127 1225/1225/1126 2347/2267/2065
f 1226/1226/1127 2347/2267/2065 2346/2266/2064
f 2346/2266/2064 2347/2267/2065 2258/2178/1995
f 2346/2266/2064 2258/2178/1995 2257/2177/1994
f 2345/2265/2063 2346/2266/2064 2257/2177/1994
f 2345/2265/2063 2257/2177/1994 2250/2170/1989
f 1225/1225/1126 1230/1230/1131 2348/2268/2066
f 1225/1225/1126 2348/2268/2066 2347/2267/2065
f 1230/1230/1131 1229/1229/1130 2349/2269/2067
f 1230/1230/1131 2349/2269/2067 2348/2268/2066
f 2348/2268/2066 2349/2269/2067 2266/2186/2001
f 2348/2268/2066 2266/2186/2001 2265/2185/2000
f 2347/2267/2065 2348/2268/2066 2265/2185/2000
f 2347/2267/2065 2265/2185/2000 2258/2178/1995
f 1229/1229/1130 1234/1234/1135 2350/2270/2068
f 1229/1229/1130 2350/2270/2068 2349/2269/2067
f 1234/1234/1135 1233/1233/1134 2351/2271/2069
f 1234/1234/1135 2351/2271/2069 2350/2270/2068
f 2350/2270/2068 2351/2271/2069 2274/2194/2007
f 2350/2270/2068 2274/2194/2007 2273/2193/2006
f 2349/2269/2067 2350/2270/2068 2273/2193/2006
f 2349/2269/2067 2273/2193/2006 2266/2186/2001
f 1233/1233/1134 1238/1238/1139 2352/2272/2070
f 1233/1233/1134 2352/2272/2070 2351/2271/2069
f 1238/1238/1139 1237/1237/1138 2353/2273/2071
f 1238/1238/1139 2353/2273/2071 2352/2272/2070
f 2352/2272/2070 2353/2273/2071 2282/2202/2013
f 2352/2272/2070 2282/2202/2013 2281/2201/2012
f 2351/2271/2069 2352/2272/2070 2281/2201/2012
f 2351/2271/2069 2281/2201/2012 2274/2194/2007
f 1237/1237/1138 1242/1242/1143 2354/2274/2072
f 1237/1237/1138 2354/2274/2072 2353/2273/2071
f 1242/1242/1143 1241/1241/1142 2355/2275/2073
f 1242/1242/1143 2355/2275/2073 2354/2274/2072
f 2354/2274/2072 2355/2275/2073 2290/2210/2019
f 2354/2274/2072 2290/2210/2019 2289/2209/2018
f 2353/2273/2071 2354/2274/2072 2289/2209/2018
f 2353/2273/2071 2289/2209/2018 2282/2202/2013
f 1241/1241/1142 1246/1246/1147 2356/2276/2074
f 1241/1241/1142 2356/2276/2074 2355/2275/2073
f 1246/1246/1147 1245/1245/1146 2357/2277/2075
f 1246/1246/1147 2357/2277/2075 2356/2276/2074
f 2356/2276/2074 2357/2277/2075 2298/2218/2025
f 2356/2276/2074 2298/2218/2025 2297/2217/2024
f 2355/2275/2073 2356/2276/2074 2297/2217/2024
f 2355/2275/2073 2297/2217/2024 2290/2210/2019
f 1245/1245/1146 1250/1250/1151 2358/2278/2076
f 1245/1245/1146 2358/2278/2076 2357/2277/2075
f 1250/1250/1151 1249/1249/1150 2359/2279/2077
f 1250/1250/1151 2359/2279/2077 2358/2278/2076
f 2358/2278/2076 2359/2279/2077 2306/2226/2031
f 2358/2278/2076 2306/2226/2031 2305/2225/2030
f 2357/2277/2075 2358/2278/2076 2305/2225/2030
f 2357/2277/2075 2305/2225/2030 2298/2218/2025
f 1249/1249/1150 1254/1254/1155 2360/2280/2078
f 1249/1249/1150 2360/2280/2078 2359/2279/2077
f 1254/1254/1155 1253/1253/1154 2361/2281/2079
f 1254/1254/1155 2361/2281/2079 2360/2280/2078
f 2360/2280/2078 2361/2281/2079 2314/2234/2037
f 2360/2280/2078 2314/2234/2037 2313/2233/2036
f 2359/2279/2077 2360/2280/2078 2313/2233/2036
f 2359/2279/2077 2313/2233/2036 2306/2226/2031
f 1260/1260/1154 1259/1259/1159 2362/2282/2080
f 1260/1260/1154 2362/2282/2080 2363/2283/2079
f 1259/1259/1159 1258/1258/1158 2364/2284/2081
f 1259/1259/1159 2364/2284/2081 2362/2282/2080
f 2362/2282/2080 2364/2284/2081 2188/2108/1943
f 2362/2282/2080 2188/2108/1943 2322/2242/2042
f 2363/2283/2079 2362/2282/2080 2322/2242/2042
f 2363/2283/2079 2322/2242/2042 2321/2241/2037
f 1258/1258/1158 1262/1262/1161 2365/2285/2082
f 1258/1258/1158 2365/2285/2082 2364/2284/2081
f 1262/1262/1161 1186/1186/1087 2326/2246/2044
f 1262/1262/1161 2326/2246/2044 2365/2285/2082
f 2365/2285/2082 2326/2246/2044 2172/2092/1931
f 2365/2285/2082 2172/2092/1931 2183/2103/1939
f 2364/2284/2081 2365/2285/2082 2183/2103/1939
f 2364/2284/2081 2183/2103/1939 2188/2108/1943
f 1959/1879/1763 1962/1882/1766 2366/2286/2083
f 1959/1879/1763 2366/2286/2083 2367/2287/2084
f 1962/1882/1766 1967/1887/1771 2368/2288/2085
f 1962/1882/1766 2368/2288/2085 2366/2286/2083
f 2366/2286/2083 2368/2288/2085 2369/2289/1929
f 2366/2286/2083 2369/2289/1929 2370/2290/1928
f 2367/2287/2084 2366/2286/2083 2370/2290/1928
f 2367/2287/2084 2370/2290/1928 2371/2291/1927
f 1971/1891/1775 1970/1890/1774 2372/2292/2086
f 1971/1891/1775 2372/2292/2086 2373/2293/2087
f 1970/1890/1774 1959/1879/1763 2367/2287/2084
f 1970/1890/1774 2367/2287/2084 2372/2292/2086
f 2372/2292/2086 2367/2287/2084 2371/2291/1927
f 2372/2292/2086 2371/2291/1927 2374/2294/1933
f 2373/2293/2087 2372/2292/2086 2374/2294/1933
f 2373/2293/2087 2374/2294/1933 2375/2295/1937
f 1983/1903/1787 1982/1902/1786 2376/2296/2088
f 1983/1903/1787 2376/2296/2088 2377/2297/2089
f 1982/1902/1786 1971/1891/1775 2373/2293/2087
f 1982/1902/1786 2373/2293/2087 2376/2296/2088
f 2376/2296/2088 2373/2293/2087 2375/2295/1937
f 2376/2296/2088 2375/2295/1937 2378/2298/1945
f 2377/2297/2089 2376/2296/2088 2378/2298/1945
f 2377/2297/2089 2378/2298/1945 2379/2299/1949
f 1989/1909/1793 1988/1908/1792 2380/2300/2090
f 1989/1909/1793 2380/2300/2090 2381/2301/2091
f 1988/1908/1792 1983/1903/1787 2377/2297/2089
f 1988/1908/1792 2377/2297/2089 2380/2300/2090
f 2380/2300/2090 2377/2297/2089 2379/2299/1949
f 2380/2300/2090 2379/2299/1949 2382/2302/1951
f 2381/2301/2091 2380/2300/2090 2382/2302/1951
f 2381/2301/2091 2382/2302/1951 2383/2303/1955
f 1995/1915/1799 1994/1914/1798 2384/2304/2092
f 1995/1915/1799 2384/2304/2092 2385/2305/2093
f 1994/1914/1798 1989/1909/1793 2381/2301/2091
f 1994/1914/1798 2381/2301/2091 2384/2304/2092
f 2384/2304/2092 2381/2301/2091 2383/2303/1955
f 2384/2304/2092 2383/2303/1955 2386/2306/1957
f 2385/2305/2093 2384/2304/2092 2386/2306/1957
f 2385/2305/2093 2386/2306/1957 2387/2307/1961
f 2001/1921/1805 2000/1920/1804 2388/2308/2094
f 2001/1921/1805 2388/2308/2094 2389/2309/2095
f 2000/1920/1804 1995/1915/1799 2385/2305/2093
f 2000/1920/1804 2385/2305/2093 2388/2308/2094
f 2388/2308/2094 2385/2305/2093 2387/2307/1961
f 2388/2308/2094 2387/2307/1961 2390/2310/1963
f 2389/2309/2095 2388/2308/2094 2390/2310/1963
f 2389/2309/2095 2390/2310/1963 2391/2311/1967
f 2007/1927/1811 2006/1926/1810 2392/2312/2096
f 2007/1927/1811 2392/2312/2096 2393/2313/2097
f 2006/1926/1810 2001/1921/1805 2389/2309/2095
f 2006/1926/1810 2389/2309/2095 2392/2312/2096
f 2392/2312/2096 2389/2309/2095 2391/2311/1967
f 2392/2312/2096 2391/2311/1967 2394/2314/1969
f 2393/2313/2097 2392/2312/2096 2394/2314/1969
f 2393/2313/2097 2394/2314/1969 2395/2315/1973
f 2013/1933/1817 2012/1932/1816 2396/2316/2098
f 2013/1933/1817 2396/2316/2098 2397/2317/2099
f 2012/1932/1816 2007/1927/1811 2393/2313/2097
f 2012/1932/1816 2393/2313/2097 2396/2316/2098
f 2396/2316/2098 2393/2313/2097 2395/2315/1973
f 2396/2316/2098 2395/2315/1973 2398/2318/1975
f 2397/2317/2099 2396/2316/2098 2398/2318/1975
f 2397/2317/2099 2398/2318/1975 2399/2319/1979
f 2019/1939/1823 2018/1938/1822 2400/2320/2100
f 2019/1939/1823 2400/2320/2100 2401/2321/2101
f 2018/1938/1822 2013/1933/1817 2397/2317/2099
f 2018/1938/1822 2397/2317/2099 2400/2320/2100
f 2400/2320/2100 2397/2317/2099 2399/2319/1979
f 2400/2320/2100 2399/2319/1979 2402/2322/1981
f 2401/2321/2101 2400/2320/2100 2402/2322/1981
f 2401/2321/2101 2402/2322/1981 2403/2323/1985
f 2025/1945/1829 2024/1944/1828 2404/2324/2102
f 2025/1945/1829 2404/2324/2102 2405/2325/2103
f 2024/1944/1828 2019/1939/1823 2401/2321/2101
f 2024/1944/1828 2401/2321/2101 2404/2324/2102
f 2404/2324/2102 2401/2321/2101 2403/2323/1985
f 2404/2324/2102 2403/2323/1985 2406/2326/1987
f 2405/2325/2103 2404/2324/2102 2406/2326/1987
f 2405/2325/2103 2406/2326/1987 2407/2327/1991
f 2031/1951/1835 2030/1950/1834 2408/2328/2104
f 2031/1951/1835 2408/2328/2104 2409/2329/2105
f 2030/1950/1834 2025/1945/1829 2405/2325/2103
f 2030/1950/1834 2405/2325/2103 2408/2328/2104
f 2408/2328/2104 2405/2325/2103 2407/2327/1991
f 2408/2328/2104 2407/2327/1991 2410/2330/1993
f 2409/2329/2105 2408/2328/2104 2410/2330/1993
f 2409/2329/2105 2410/2330/1993 2411/2331/1997
f 2037/1957/1841 2036/1956/1840 2412/2332/2106
f 2037/1957/1841 2412/2332/2106 2413/2333/2107
f 2036/1956/1840 2031/1951/1835 2409/2329/2105
f 2036/1956/1840 2409/2329/2105 2412/2332/2106
f 2412/2332/2106 2409/2329/2105 2411/2331/1997
f 2412/2332/2106 2411/2331/1997 2414/2334/1999
f 2413/2333/2107 2412/2332/2106 2414/2334/1999
f 2413/2333/2107 2414/2334/1999 2415/2335/2003
f 2043/1963/1847 2042/1962/1846 2416/2336/2108
f 2043/1963/1847 2416/2336/2108 2417/2337/2109
f 2042/1962/1846 2037/1957/1841 2413/2333/2107
f 2042/1962/1846 2413/2333/2107 2416/2336/2108
f 2416/2336/2108 2413/2333/2107 2415/2335/2003
f 2416/2336/2108 2415/2335/2003 2418/2338/2005
f 2417/2337/2109 2416/2336/2108 2418/2338/2005
f 2417/2337/2109 2418/2338/2005 2419/2339/2009
f 2049/1969/1853 2048/1968/1852 2420/2340/2110
f 2049/1969/1853 2420/2340/2110 2421/2341/2111
f 2048/1968/1852 2043/1963/1847 2417/2337/2109
f 2048/1968/1852 2417/2337/2109 2420/2340/2110
f 2420/2340/2110 2417/2337/2109 2419/2339/2009
f 2420/2340/2110 2419/2339/2009 2422/2342/2011
f 2421/2341/2111 2420/2340/2110 2422/2342/2011
f 2421/2341/2111 2422/2342/2011 2423/2343/2015
f 2055/1975/1859 2054/1974/1858 2424/2344/2112
f 2055/1975/1859 2424/2344/2112 2425/2345/2113
f 2054/1974/1858 2049/1969/1853 2421/2341/2111
f 2054/1974/1858 2421/2341/2111 2424/2344/2112
f 2424/2344/2112 2421/2341/2111 2423/2343/2015
f 2424/2344/2112 2423/2343/2015 2426/2346/2017
f 2425/2345/2113 2424/2344/2112 2426/2346/2017
f 2425/2345/2113 2426/2346/2017 2427/2347/2021
f 2061/1981/1865 2060/1980/1864 2428/2348/2114
f 2061/1981/1865 2428/2348/2114 2429/2349/2115
f 2060/1980/1864 2055/1975/1859 2425/2345/2113
f 2060/1980/1864 2425/2345/2113 2428/2348/2114
f 2428/2348/2114 2425/2345/2113 2427/2347/2021
f 2428/2348/2114 2427/2347/2021 2430/2350/2023
f 2429/2349/2115 2428/2348/2114 2430/2350/2023
f 2429/2349/2115 2430/2350/2023 2431/2351/2027
f 2067/1987/1871 2066/1986/1870 2432/2352/2116
f 2067/1987/1871 2432/2352/2116 2433/2353/2117
f 2066/1986/1870 2061/1981/1865 2429/2349/2115
f 2066/1986/1870 2429/2349/2115 2432/2352/2116
f 2432/2352/2116 2429/2349/2115 2431/2351/2027
f 2432/2352/2116 2431/2351/2027 2434/2354/2029
f 2433/2353/2117 2432/2352/2116 2434/2354/2029
f 2433/2353/2117 2434/2354/2029 2435/2355/2033
f 2073/1993/1877 2072/1992/1876 2436/2356/2118
f 2073/1993/1877 2436/2356/2118 2437/2357/2119
f 2072/1992/1876 2067/1987/1871 2433/2353/2117
f 2072/1992/1876 2433/2353/2117 2436/2356/2118
f 2436/2356/2118 2433/2353/2117 2435/2355/2033
f 2436/2356/2118 2435/2355/2033 2438/2358/2035
f 2437/2357/2119 2436/2356/2118 2438/2358/2035
f 2437/2357/2119 2438/2358/2035 2439/2359/2039
f 1979/1899/1783 2081/2001/1882 2440/2360/2120
f 1979/1899/1783 2440/2360/2120 2441/2361/2121
f 2081/2001/1882 2080/2000/1877 2442/2362/2119
f 2081/2001/1882 2442/2362/2119 2440/2360/2120
f 2440/2360/2120 2442/2362/2119 2443/2363/2039
f 2440/2360/2120 2443/2363/2039 2444/2364/2041
f 2441/2361/2121 2440/2360/2120 2444/2364/2041
f 2441/2361/2121 2444/2364/2041 2445/2365/1941
f 1967/1887/1771 1975/1895/1779 2446/2366/2122
f 1967/1887/1771 2446/2366/2122 2368/2288/2085
f 1975/1895/1779 1979/1899/1783 2441/2361/2121
f 1975/1895/1779 2441/2361/2121 2446/2366/2122
f 2446/2366/2122 2441/2361/2121 2445/2365/1941
f 2446/2366/2122 2445/2365/1941 2447/2367/1940
f 2368/2288/2085 2446/2366/2122 2447/2367/1940
f 2368/2288/2085 2447/2367/1940 2369/2289/1929
# Vertices: 2447, normals: 2122, texture coordinates: 2367, faces: 4240

